backend,entries,operation,latency_us
sciqlop,100,set,31.72
sciqlop,100,set,28.43
sciqlop,100,set,29.82
sciqlop,100,set,29.17
sciqlop,100,set,27.60
sciqlop,100,set,32.43
sciqlop,100,set,27.47
sciqlop,100,set,33.22
sciqlop,100,set,27.78
sciqlop,100,set,28.89
sciqlop,100,set,29.42
sciqlop,100,set,28.01
sciqlop,100,set,34.57
sciqlop,100,set,29.29
sciqlop,100,set,27.75
sciqlop,100,set,30.88
sciqlop,100,set,29.32
sciqlop,100,set,30.45
sciqlop,100,set,29.40
sciqlop,100,set,29.20
sciqlop,100,set,29.33
sciqlop,100,set,29.15
sciqlop,100,set,29.64
sciqlop,100,set,37.01
sciqlop,100,set,30.21
sciqlop,100,set,28.53
sciqlop,100,set,30.44
sciqlop,100,set,30.55
sciqlop,100,set,28.63
sciqlop,100,set,28.23
sciqlop,100,set,31.34
sciqlop,100,set,29.04
sciqlop,100,set,29.63
sciqlop,100,set,29.71
sciqlop,100,set,31.95
sciqlop,100,set,31.85
sciqlop,100,set,27.30
sciqlop,100,set,27.54
sciqlop,100,set,41.30
sciqlop,100,set,22.96
sciqlop,100,set,23.74
sciqlop,100,set,22.98
sciqlop,100,set,23.17
sciqlop,100,set,23.91
sciqlop,100,set,23.39
sciqlop,100,set,23.71
sciqlop,100,set,22.58
sciqlop,100,set,23.78
sciqlop,100,set,22.86
sciqlop,100,set,23.08
sciqlop,100,get_hit,5.30
sciqlop,100,get_hit,3.86
sciqlop,100,get_hit,3.83
sciqlop,100,get_hit,3.74
sciqlop,100,get_hit,3.81
sciqlop,100,get_hit,3.80
sciqlop,100,get_hit,3.81
sciqlop,100,get_hit,4.11
sciqlop,100,get_hit,3.74
sciqlop,100,get_hit,3.72
sciqlop,100,get_hit,3.77
sciqlop,100,get_hit,3.78
sciqlop,100,get_hit,3.75
sciqlop,100,get_hit,3.80
sciqlop,100,get_hit,3.72
sciqlop,100,get_hit,4.06
sciqlop,100,get_hit,3.76
sciqlop,100,get_hit,3.71
sciqlop,100,get_hit,3.70
sciqlop,100,get_hit,3.69
sciqlop,100,get_hit,3.75
sciqlop,100,get_hit,3.76
sciqlop,100,get_hit,3.72
sciqlop,100,get_hit,3.71
sciqlop,100,get_hit,4.03
sciqlop,100,get_hit,3.77
sciqlop,100,get_hit,3.76
sciqlop,100,get_hit,3.70
sciqlop,100,get_hit,3.70
sciqlop,100,get_hit,3.70
sciqlop,100,get_hit,3.78
sciqlop,100,get_hit,3.74
sciqlop,100,get_hit,4.08
sciqlop,100,get_hit,3.73
sciqlop,100,get_hit,3.73
sciqlop,100,get_hit,3.75
sciqlop,100,get_hit,3.74
sciqlop,100,get_hit,3.71
sciqlop,100,get_hit,3.70
sciqlop,100,get_hit,3.69
sciqlop,100,get_hit,3.73
sciqlop,100,get_hit,4.03
sciqlop,100,get_hit,3.73
sciqlop,100,get_hit,3.67
sciqlop,100,get_hit,3.68
sciqlop,100,get_hit,3.77
sciqlop,100,get_hit,3.74
sciqlop,100,get_hit,3.70
sciqlop,100,get_hit,3.72
sciqlop,100,get_hit,3.97
sciqlop,100,get_miss,2.90
sciqlop,100,get_miss,2.80
sciqlop,100,get_miss,2.79
sciqlop,100,get_miss,2.83
sciqlop,100,get_miss,2.84
sciqlop,100,get_miss,2.79
sciqlop,100,get_miss,2.76
sciqlop,100,get_miss,2.80
sciqlop,100,get_miss,2.80
sciqlop,100,get_miss,2.75
sciqlop,100,get_miss,2.80
sciqlop,100,get_miss,2.76
sciqlop,100,get_miss,2.79
sciqlop,100,get_miss,2.83
sciqlop,100,get_miss,2.79
sciqlop,100,get_miss,2.80
sciqlop,100,get_miss,2.88
sciqlop,100,get_miss,2.80
sciqlop,100,get_miss,2.88
sciqlop,100,get_miss,2.79
sciqlop,100,get_miss,2.85
sciqlop,100,get_miss,2.87
sciqlop,100,get_miss,2.83
sciqlop,100,get_miss,2.76
sciqlop,100,get_miss,2.81
sciqlop,100,get_miss,2.92
sciqlop,100,get_miss,2.79
sciqlop,100,get_miss,2.81
sciqlop,100,get_miss,2.78
sciqlop,100,get_miss,2.77
sciqlop,100,get_miss,3.09
sciqlop,100,get_miss,2.78
sciqlop,100,get_miss,2.81
sciqlop,100,get_miss,2.79
sciqlop,100,get_miss,2.78
sciqlop,100,get_miss,2.78
sciqlop,100,get_miss,2.83
sciqlop,100,get_miss,2.90
sciqlop,100,get_miss,2.77
sciqlop,100,get_miss,2.77
sciqlop,100,get_miss,3.04
sciqlop,100,get_miss,2.78
sciqlop,100,get_miss,2.86
sciqlop,100,get_miss,2.87
sciqlop,100,get_miss,2.82
sciqlop,100,get_miss,2.87
sciqlop,100,get_miss,2.80
sciqlop,100,get_miss,2.81
sciqlop,100,get_miss,2.76
sciqlop,100,get_miss,2.81
sciqlop,150,set,26.39
sciqlop,150,set,23.66
sciqlop,150,set,22.81
sciqlop,150,set,22.71
sciqlop,150,set,23.46
sciqlop,150,set,25.45
sciqlop,150,set,24.02
sciqlop,150,set,23.57
sciqlop,150,set,22.46
sciqlop,150,set,22.64
sciqlop,150,set,23.52
sciqlop,150,set,23.77
sciqlop,150,set,20.85
sciqlop,150,set,21.68
sciqlop,150,set,23.04
sciqlop,150,set,26.41
sciqlop,150,set,23.27
sciqlop,150,set,22.55
sciqlop,150,set,23.39
sciqlop,150,set,23.74
sciqlop,150,set,23.24
sciqlop,150,set,21.60
sciqlop,150,set,24.30
sciqlop,150,set,23.96
sciqlop,150,set,23.35
sciqlop,150,set,25.39
sciqlop,150,set,24.19
sciqlop,150,set,23.80
sciqlop,150,set,19.63
sciqlop,150,set,22.07
sciqlop,150,set,23.87
sciqlop,150,set,24.02
sciqlop,150,set,34.11
sciqlop,150,set,23.28
sciqlop,150,set,25.24
sciqlop,150,set,23.47
sciqlop,150,set,22.31
sciqlop,150,set,23.47
sciqlop,150,set,22.68
sciqlop,150,set,23.20
sciqlop,150,set,22.70
sciqlop,150,set,23.60
sciqlop,150,set,25.03
sciqlop,150,set,22.11
sciqlop,150,set,24.42
sciqlop,150,set,21.56
sciqlop,150,set,23.18
sciqlop,150,set,23.75
sciqlop,150,set,21.88
sciqlop,150,set,23.39
sciqlop,150,get_hit,4.63
sciqlop,150,get_hit,3.85
sciqlop,150,get_hit,4.11
sciqlop,150,get_hit,3.74
sciqlop,150,get_hit,3.74
sciqlop,150,get_hit,3.89
sciqlop,150,get_hit,3.76
sciqlop,150,get_hit,3.78
sciqlop,150,get_hit,3.78
sciqlop,150,get_hit,3.69
sciqlop,150,get_hit,3.73
sciqlop,150,get_hit,3.77
sciqlop,150,get_hit,3.86
sciqlop,150,get_hit,3.80
sciqlop,150,get_hit,3.75
sciqlop,150,get_hit,3.84
sciqlop,150,get_hit,3.78
sciqlop,150,get_hit,3.72
sciqlop,150,get_hit,3.72
sciqlop,150,get_hit,3.99
sciqlop,150,get_hit,3.86
sciqlop,150,get_hit,3.75
sciqlop,150,get_hit,3.79
sciqlop,150,get_hit,3.78
sciqlop,150,get_hit,3.71
sciqlop,150,get_hit,3.71
sciqlop,150,get_hit,3.70
sciqlop,150,get_hit,3.81
sciqlop,150,get_hit,3.80
sciqlop,150,get_hit,3.74
sciqlop,150,get_hit,3.82
sciqlop,150,get_hit,3.74
sciqlop,150,get_hit,3.71
sciqlop,150,get_hit,3.71
sciqlop,150,get_hit,3.71
sciqlop,150,get_hit,3.88
sciqlop,150,get_hit,4.01
sciqlop,150,get_hit,3.77
sciqlop,150,get_hit,3.86
sciqlop,150,get_hit,3.71
sciqlop,150,get_hit,3.69
sciqlop,150,get_hit,3.70
sciqlop,150,get_hit,3.81
sciqlop,150,get_hit,3.77
sciqlop,150,get_hit,4.16
sciqlop,150,get_hit,4.15
sciqlop,150,get_hit,3.74
sciqlop,150,get_hit,3.70
sciqlop,150,get_hit,3.72
sciqlop,150,get_hit,3.70
sciqlop,150,get_miss,2.83
sciqlop,150,get_miss,2.82
sciqlop,150,get_miss,2.77
sciqlop,150,get_miss,3.07
sciqlop,150,get_miss,2.78
sciqlop,150,get_miss,2.79
sciqlop,150,get_miss,2.83
sciqlop,150,get_miss,2.74
sciqlop,150,get_miss,2.78
sciqlop,150,get_miss,2.85
sciqlop,150,get_miss,2.74
sciqlop,150,get_miss,3.14
sciqlop,150,get_miss,2.76
sciqlop,150,get_miss,3.09
sciqlop,150,get_miss,3.25
sciqlop,150,get_miss,2.83
sciqlop,150,get_miss,2.88
sciqlop,150,get_miss,2.76
sciqlop,150,get_miss,2.78
sciqlop,150,get_miss,2.78
sciqlop,150,get_miss,2.84
sciqlop,150,get_miss,2.84
sciqlop,150,get_miss,2.86
sciqlop,150,get_miss,2.86
sciqlop,150,get_miss,2.82
sciqlop,150,get_miss,2.79
sciqlop,150,get_miss,2.76
sciqlop,150,get_miss,2.78
sciqlop,150,get_miss,2.78
sciqlop,150,get_miss,2.78
sciqlop,150,get_miss,2.86
sciqlop,150,get_miss,2.77
sciqlop,150,get_miss,2.79
sciqlop,150,get_miss,2.77
sciqlop,150,get_miss,2.81
sciqlop,150,get_miss,2.85
sciqlop,150,get_miss,2.83
sciqlop,150,get_miss,2.77
sciqlop,150,get_miss,2.81
sciqlop,150,get_miss,2.82
sciqlop,150,get_miss,2.79
sciqlop,150,get_miss,2.77
sciqlop,150,get_miss,2.78
sciqlop,150,get_miss,2.84
sciqlop,150,get_miss,3.08
sciqlop,150,get_miss,2.79
sciqlop,150,get_miss,2.78
sciqlop,150,get_miss,2.77
sciqlop,150,get_miss,2.78
sciqlop,150,get_miss,2.85
sciqlop,225,set,22.86
sciqlop,225,set,23.73
sciqlop,225,set,22.94
sciqlop,225,set,22.38
sciqlop,225,set,23.56
sciqlop,225,set,25.71
sciqlop,225,set,23.26
sciqlop,225,set,24.41
sciqlop,225,set,22.74
sciqlop,225,set,22.77
sciqlop,225,set,24.25
sciqlop,225,set,23.13
sciqlop,225,set,24.30
sciqlop,225,set,23.56
sciqlop,225,set,24.81
sciqlop,225,set,22.42
sciqlop,225,set,23.23
sciqlop,225,set,23.21
sciqlop,225,set,24.69
sciqlop,225,set,24.90
sciqlop,225,set,24.02
sciqlop,225,set,22.91
sciqlop,225,set,25.36
sciqlop,225,set,23.97
sciqlop,225,set,35.36
sciqlop,225,set,23.01
sciqlop,225,set,21.19
sciqlop,225,set,23.91
sciqlop,225,set,23.53
sciqlop,225,set,21.47
sciqlop,225,set,23.01
sciqlop,225,set,25.35
sciqlop,225,set,23.27
sciqlop,225,set,22.92
sciqlop,225,set,22.17
sciqlop,225,set,23.02
sciqlop,225,set,23.28
sciqlop,225,set,22.75
sciqlop,225,set,22.63
sciqlop,225,set,23.81
sciqlop,225,set,24.56
sciqlop,225,set,23.33
sciqlop,225,set,23.28
sciqlop,225,set,22.23
sciqlop,225,set,22.76
sciqlop,225,set,22.35
sciqlop,225,set,23.01
sciqlop,225,set,23.36
sciqlop,225,set,22.85
sciqlop,225,set,25.31
sciqlop,225,get_hit,4.93
sciqlop,225,get_hit,3.87
sciqlop,225,get_hit,4.16
sciqlop,225,get_hit,3.78
sciqlop,225,get_hit,3.78
sciqlop,225,get_hit,3.89
sciqlop,225,get_hit,3.79
sciqlop,225,get_hit,3.78
sciqlop,225,get_hit,3.78
sciqlop,225,get_hit,3.73
sciqlop,225,get_hit,3.82
sciqlop,225,get_hit,3.89
sciqlop,225,get_hit,3.80
sciqlop,225,get_hit,3.77
sciqlop,225,get_hit,3.74
sciqlop,225,get_hit,3.76
sciqlop,225,get_hit,3.89
sciqlop,225,get_hit,3.76
sciqlop,225,get_hit,3.82
sciqlop,225,get_hit,4.08
sciqlop,225,get_hit,3.76
sciqlop,225,get_hit,3.75
sciqlop,225,get_hit,3.79
sciqlop,225,get_hit,3.80
sciqlop,225,get_hit,3.75
sciqlop,225,get_hit,3.74
sciqlop,225,get_hit,3.72
sciqlop,225,get_hit,4.12
sciqlop,225,get_hit,3.85
sciqlop,225,get_hit,3.74
sciqlop,225,get_hit,3.80
sciqlop,225,get_hit,3.83
sciqlop,225,get_hit,3.75
sciqlop,225,get_hit,3.78
sciqlop,225,get_hit,3.80
sciqlop,225,get_hit,3.79
sciqlop,225,get_hit,4.08
sciqlop,225,get_hit,3.75
sciqlop,225,get_hit,3.79
sciqlop,225,get_hit,3.83
sciqlop,225,get_hit,3.74
sciqlop,225,get_hit,3.83
sciqlop,225,get_hit,3.74
sciqlop,225,get_hit,3.73
sciqlop,225,get_hit,4.00
sciqlop,225,get_hit,3.84
sciqlop,225,get_hit,3.75
sciqlop,225,get_hit,3.72
sciqlop,225,get_hit,3.78
sciqlop,225,get_hit,3.72
sciqlop,225,get_miss,2.84
sciqlop,225,get_miss,2.77
sciqlop,225,get_miss,2.77
sciqlop,225,get_miss,2.86
sciqlop,225,get_miss,2.81
sciqlop,225,get_miss,2.83
sciqlop,225,get_miss,2.76
sciqlop,225,get_miss,2.88
sciqlop,225,get_miss,2.85
sciqlop,225,get_miss,2.84
sciqlop,225,get_miss,2.76
sciqlop,225,get_miss,2.84
sciqlop,225,get_miss,2.77
sciqlop,225,get_miss,2.78
sciqlop,225,get_miss,2.82
sciqlop,225,get_miss,2.88
sciqlop,225,get_miss,2.88
sciqlop,225,get_miss,2.82
sciqlop,225,get_miss,2.77
sciqlop,225,get_miss,2.91
sciqlop,225,get_miss,2.77
sciqlop,225,get_miss,2.77
sciqlop,225,get_miss,2.79
sciqlop,225,get_miss,2.81
sciqlop,225,get_miss,3.04
sciqlop,225,get_miss,2.86
sciqlop,225,get_miss,2.86
sciqlop,225,get_miss,2.83
sciqlop,225,get_miss,2.84
sciqlop,225,get_miss,2.84
sciqlop,225,get_miss,2.77
sciqlop,225,get_miss,2.78
sciqlop,225,get_miss,2.77
sciqlop,225,get_miss,2.78
sciqlop,225,get_miss,3.09
sciqlop,225,get_miss,2.82
sciqlop,225,get_miss,2.79
sciqlop,225,get_miss,2.78
sciqlop,225,get_miss,2.78
sciqlop,225,get_miss,2.78
sciqlop,225,get_miss,2.86
sciqlop,225,get_miss,2.79
sciqlop,225,get_miss,2.84
sciqlop,225,get_miss,2.79
sciqlop,225,get_miss,2.78
sciqlop,225,get_miss,2.87
sciqlop,225,get_miss,2.77
sciqlop,225,get_miss,2.77
sciqlop,225,get_miss,2.77
sciqlop,225,get_miss,2.78
sciqlop,337,set,24.36
sciqlop,337,set,23.45
sciqlop,337,set,23.18
sciqlop,337,set,23.06
sciqlop,337,set,22.85
sciqlop,337,set,27.49
sciqlop,337,set,23.02
sciqlop,337,set,24.79
sciqlop,337,set,22.52
sciqlop,337,set,24.23
sciqlop,337,set,25.34
sciqlop,337,set,22.53
sciqlop,337,set,23.95
sciqlop,337,set,22.84
sciqlop,337,set,36.21
sciqlop,337,set,22.68
sciqlop,337,set,23.04
sciqlop,337,set,22.87
sciqlop,337,set,23.02
sciqlop,337,set,22.84
sciqlop,337,set,24.33
sciqlop,337,set,19.74
sciqlop,337,set,23.06
sciqlop,337,set,22.70
sciqlop,337,set,21.85
sciqlop,337,set,23.49
sciqlop,337,set,23.29
sciqlop,337,set,22.06
sciqlop,337,set,26.92
sciqlop,337,set,22.86
sciqlop,337,set,22.27
sciqlop,337,set,22.55
sciqlop,337,set,24.13
sciqlop,337,set,21.58
sciqlop,337,set,24.01
sciqlop,337,set,24.62
sciqlop,337,set,23.45
sciqlop,337,set,25.14
sciqlop,337,set,23.09
sciqlop,337,set,23.12
sciqlop,337,set,23.67
sciqlop,337,set,23.20
sciqlop,337,set,22.90
sciqlop,337,set,23.57
sciqlop,337,set,23.37
sciqlop,337,set,24.72
sciqlop,337,set,23.49
sciqlop,337,set,23.40
sciqlop,337,set,23.29
sciqlop,337,set,23.73
sciqlop,337,get_hit,4.77
sciqlop,337,get_hit,4.08
sciqlop,337,get_hit,3.84
sciqlop,337,get_hit,3.93
sciqlop,337,get_hit,3.79
sciqlop,337,get_hit,3.88
sciqlop,337,get_hit,3.80
sciqlop,337,get_hit,3.91
sciqlop,337,get_hit,3.78
sciqlop,337,get_hit,3.76
sciqlop,337,get_hit,4.03
sciqlop,337,get_hit,3.83
sciqlop,337,get_hit,3.78
sciqlop,337,get_hit,3.83
sciqlop,337,get_hit,3.83
sciqlop,337,get_hit,3.82
sciqlop,337,get_hit,3.84
sciqlop,337,get_hit,3.88
sciqlop,337,get_hit,3.80
sciqlop,337,get_hit,3.78
sciqlop,337,get_hit,3.85
sciqlop,337,get_hit,4.07
sciqlop,337,get_hit,3.82
sciqlop,337,get_hit,3.77
sciqlop,337,get_hit,3.79
sciqlop,337,get_hit,3.74
sciqlop,337,get_hit,3.76
sciqlop,337,get_hit,4.04
sciqlop,337,get_hit,3.80
sciqlop,337,get_hit,4.03
sciqlop,337,get_hit,3.76
sciqlop,337,get_hit,3.74
sciqlop,337,get_hit,3.76
sciqlop,337,get_hit,3.77
sciqlop,337,get_hit,3.87
sciqlop,337,get_hit,3.78
sciqlop,337,get_hit,3.76
sciqlop,337,get_hit,3.86
sciqlop,337,get_hit,4.10
sciqlop,337,get_hit,3.80
sciqlop,337,get_hit,3.76
sciqlop,337,get_hit,3.77
sciqlop,337,get_hit,3.75
sciqlop,337,get_hit,3.73
sciqlop,337,get_hit,4.05
sciqlop,337,get_hit,3.78
sciqlop,337,get_hit,4.04
sciqlop,337,get_hit,3.76
sciqlop,337,get_hit,3.75
sciqlop,337,get_hit,3.73
sciqlop,337,get_miss,2.87
sciqlop,337,get_miss,2.83
sciqlop,337,get_miss,2.79
sciqlop,337,get_miss,2.85
sciqlop,337,get_miss,2.78
sciqlop,337,get_miss,2.80
sciqlop,337,get_miss,3.07
sciqlop,337,get_miss,2.80
sciqlop,337,get_miss,2.78
sciqlop,337,get_miss,2.87
sciqlop,337,get_miss,2.82
sciqlop,337,get_miss,2.84
sciqlop,337,get_miss,2.84
sciqlop,337,get_miss,2.88
sciqlop,337,get_miss,2.79
sciqlop,337,get_miss,2.81
sciqlop,337,get_miss,3.05
sciqlop,337,get_miss,2.82
sciqlop,337,get_miss,2.80
sciqlop,337,get_miss,2.80
sciqlop,337,get_miss,2.80
sciqlop,337,get_miss,2.80
sciqlop,337,get_miss,2.79
sciqlop,337,get_miss,2.83
sciqlop,337,get_miss,2.82
sciqlop,337,get_miss,2.79
sciqlop,337,get_miss,2.81
sciqlop,337,get_miss,2.89
sciqlop,337,get_miss,2.81
sciqlop,337,get_miss,2.84
sciqlop,337,get_miss,2.85
sciqlop,337,get_miss,2.80
sciqlop,337,get_miss,2.86
sciqlop,337,get_miss,2.81
sciqlop,337,get_miss,2.81
sciqlop,337,get_miss,2.84
sciqlop,337,get_miss,2.81
sciqlop,337,get_miss,3.32
sciqlop,337,get_miss,2.82
sciqlop,337,get_miss,2.91
sciqlop,337,get_miss,2.80
sciqlop,337,get_miss,2.80
sciqlop,337,get_miss,2.83
sciqlop,337,get_miss,2.82
sciqlop,337,get_miss,2.88
sciqlop,337,get_miss,2.80
sciqlop,337,get_miss,2.81
sciqlop,337,get_miss,3.23
sciqlop,337,get_miss,2.82
sciqlop,337,get_miss,2.80
sciqlop,505,set,24.39
sciqlop,505,set,37.84
sciqlop,505,set,22.33
sciqlop,505,set,22.33
sciqlop,505,set,24.01
sciqlop,505,set,26.71
sciqlop,505,set,22.28
sciqlop,505,set,23.11
sciqlop,505,set,22.47
sciqlop,505,set,22.83
sciqlop,505,set,24.33
sciqlop,505,set,21.39
sciqlop,505,set,22.40
sciqlop,505,set,21.10
sciqlop,505,set,24.05
sciqlop,505,set,25.75
sciqlop,505,set,22.47
sciqlop,505,set,22.54
sciqlop,505,set,22.83
sciqlop,505,set,22.71
sciqlop,505,set,23.46
sciqlop,505,set,22.75
sciqlop,505,set,23.48
sciqlop,505,set,22.41
sciqlop,505,set,24.70
sciqlop,505,set,21.98
sciqlop,505,set,22.14
sciqlop,505,set,23.13
sciqlop,505,set,24.35
sciqlop,505,set,22.15
sciqlop,505,set,23.41
sciqlop,505,set,23.67
sciqlop,505,set,24.01
sciqlop,505,set,23.99
sciqlop,505,set,22.15
sciqlop,505,set,23.47
sciqlop,505,set,23.56
sciqlop,505,set,24.50
sciqlop,505,set,22.71
sciqlop,505,set,23.10
sciqlop,505,set,24.76
sciqlop,505,set,24.57
sciqlop,505,set,35.45
sciqlop,505,set,23.55
sciqlop,505,set,22.02
sciqlop,505,set,19.59
sciqlop,505,set,24.32
sciqlop,505,set,22.68
sciqlop,505,set,23.55
sciqlop,505,set,25.51
sciqlop,505,get_hit,5.02
sciqlop,505,get_hit,4.19
sciqlop,505,get_hit,4.19
sciqlop,505,get_hit,3.86
sciqlop,505,get_hit,3.76
sciqlop,505,get_hit,3.81
sciqlop,505,get_hit,3.87
sciqlop,505,get_hit,3.78
sciqlop,505,get_hit,3.73
sciqlop,505,get_hit,3.76
sciqlop,505,get_hit,4.10
sciqlop,505,get_hit,3.73
sciqlop,505,get_hit,3.76
sciqlop,505,get_hit,3.79
sciqlop,505,get_hit,3.83
sciqlop,505,get_hit,3.80
sciqlop,505,get_hit,3.79
sciqlop,505,get_hit,3.73
sciqlop,505,get_hit,4.01
sciqlop,505,get_hit,3.78
sciqlop,505,get_hit,3.83
sciqlop,505,get_hit,3.74
sciqlop,505,get_hit,3.80
sciqlop,505,get_hit,3.80
sciqlop,505,get_hit,3.74
sciqlop,505,get_hit,3.83
sciqlop,505,get_hit,3.78
sciqlop,505,get_hit,3.82
sciqlop,505,get_hit,4.15
sciqlop,505,get_hit,3.76
sciqlop,505,get_hit,3.77
sciqlop,505,get_hit,3.82
sciqlop,505,get_hit,4.11
sciqlop,505,get_hit,3.75
sciqlop,505,get_hit,3.76
sciqlop,505,get_hit,4.00
sciqlop,505,get_hit,4.10
sciqlop,505,get_hit,3.76
sciqlop,505,get_hit,3.74
sciqlop,505,get_hit,3.73
sciqlop,505,get_hit,3.71
sciqlop,505,get_hit,3.74
sciqlop,505,get_hit,3.70
sciqlop,505,get_hit,4.00
sciqlop,505,get_hit,3.73
sciqlop,505,get_hit,3.75
sciqlop,505,get_hit,3.73
sciqlop,505,get_hit,3.73
sciqlop,505,get_hit,3.74
sciqlop,505,get_hit,3.99
sciqlop,505,get_miss,2.82
sciqlop,505,get_miss,2.79
sciqlop,505,get_miss,3.15
sciqlop,505,get_miss,2.76
sciqlop,505,get_miss,2.84
sciqlop,505,get_miss,2.89
sciqlop,505,get_miss,2.88
sciqlop,505,get_miss,2.78
sciqlop,505,get_miss,2.76
sciqlop,505,get_miss,2.76
sciqlop,505,get_miss,2.82
sciqlop,505,get_miss,2.76
sciqlop,505,get_miss,2.81
sciqlop,505,get_miss,2.84
sciqlop,505,get_miss,2.81
sciqlop,505,get_miss,2.80
sciqlop,505,get_miss,2.82
sciqlop,505,get_miss,2.83
sciqlop,505,get_miss,2.82
sciqlop,505,get_miss,2.84
sciqlop,505,get_miss,2.80
sciqlop,505,get_miss,2.77
sciqlop,505,get_miss,2.81
sciqlop,505,get_miss,2.90
sciqlop,505,get_miss,2.80
sciqlop,505,get_miss,2.82
sciqlop,505,get_miss,2.77
sciqlop,505,get_miss,2.80
sciqlop,505,get_miss,2.80
sciqlop,505,get_miss,2.83
sciqlop,505,get_miss,2.76
sciqlop,505,get_miss,2.82
sciqlop,505,get_miss,2.77
sciqlop,505,get_miss,3.09
sciqlop,505,get_miss,2.88
sciqlop,505,get_miss,2.93
sciqlop,505,get_miss,2.77
sciqlop,505,get_miss,2.80
sciqlop,505,get_miss,2.89
sciqlop,505,get_miss,2.84
sciqlop,505,get_miss,2.87
sciqlop,505,get_miss,2.88
sciqlop,505,get_miss,2.80
sciqlop,505,get_miss,3.07
sciqlop,505,get_miss,3.10
sciqlop,505,get_miss,2.80
sciqlop,505,get_miss,2.79
sciqlop,505,get_miss,2.80
sciqlop,505,get_miss,2.77
sciqlop,505,get_miss,2.83
sciqlop,757,set,22.77
sciqlop,757,set,23.81
sciqlop,757,set,23.05
sciqlop,757,set,23.57
sciqlop,757,set,23.60
sciqlop,757,set,27.22
sciqlop,757,set,23.63
sciqlop,757,set,26.33
sciqlop,757,set,24.29
sciqlop,757,set,23.95
sciqlop,757,set,24.17
sciqlop,757,set,22.50
sciqlop,757,set,22.85
sciqlop,757,set,22.07
sciqlop,757,set,23.90
sciqlop,757,set,24.74
sciqlop,757,set,25.44
sciqlop,757,set,23.38
sciqlop,757,set,23.56
sciqlop,757,set,24.18
sciqlop,757,set,24.04
sciqlop,757,set,24.34
sciqlop,757,set,24.38
sciqlop,757,set,22.49
sciqlop,757,set,24.91
sciqlop,757,set,37.40
sciqlop,757,set,21.92
sciqlop,757,set,23.56
sciqlop,757,set,23.89
sciqlop,757,set,22.07
sciqlop,757,set,23.31
sciqlop,757,set,23.29
sciqlop,757,set,22.53
sciqlop,757,set,25.79
sciqlop,757,set,22.77
sciqlop,757,set,23.12
sciqlop,757,set,23.03
sciqlop,757,set,23.54
sciqlop,757,set,23.00
sciqlop,757,set,23.00
sciqlop,757,set,23.45
sciqlop,757,set,23.17
sciqlop,757,set,24.34
sciqlop,757,set,24.31
sciqlop,757,set,22.41
sciqlop,757,set,20.36
sciqlop,757,set,23.61
sciqlop,757,set,23.84
sciqlop,757,set,21.93
sciqlop,757,set,24.35
sciqlop,757,get_hit,5.11
sciqlop,757,get_hit,4.34
sciqlop,757,get_hit,4.03
sciqlop,757,get_hit,4.25
sciqlop,757,get_hit,3.78
sciqlop,757,get_hit,3.86
sciqlop,757,get_hit,3.94
sciqlop,757,get_hit,3.84
sciqlop,757,get_hit,3.77
sciqlop,757,get_hit,3.79
sciqlop,757,get_hit,3.79
sciqlop,757,get_hit,4.12
sciqlop,757,get_hit,3.80
sciqlop,757,get_hit,3.80
sciqlop,757,get_hit,3.81
sciqlop,757,get_hit,3.85
sciqlop,757,get_hit,3.79
sciqlop,757,get_hit,3.79
sciqlop,757,get_hit,3.77
sciqlop,757,get_hit,3.73
sciqlop,757,get_hit,4.10
sciqlop,757,get_hit,3.82
sciqlop,757,get_hit,3.87
sciqlop,757,get_hit,3.79
sciqlop,757,get_hit,3.82
sciqlop,757,get_hit,3.78
sciqlop,757,get_hit,3.78
sciqlop,757,get_hit,3.72
sciqlop,757,get_hit,3.78
sciqlop,757,get_hit,3.80
sciqlop,757,get_hit,3.73
sciqlop,757,get_hit,3.71
sciqlop,757,get_hit,3.78
sciqlop,757,get_hit,3.79
sciqlop,757,get_hit,3.82
sciqlop,757,get_hit,3.74
sciqlop,757,get_hit,4.07
sciqlop,757,get_hit,3.87
sciqlop,757,get_hit,3.89
sciqlop,757,get_hit,3.84
sciqlop,757,get_hit,3.82
sciqlop,757,get_hit,3.79
sciqlop,757,get_hit,3.77
sciqlop,757,get_hit,3.83
sciqlop,757,get_hit,3.82
sciqlop,757,get_hit,3.85
sciqlop,757,get_hit,3.80
sciqlop,757,get_hit,3.76
sciqlop,757,get_hit,3.77
sciqlop,757,get_hit,3.74
sciqlop,757,get_miss,2.87
sciqlop,757,get_miss,2.77
sciqlop,757,get_miss,2.80
sciqlop,757,get_miss,2.79
sciqlop,757,get_miss,2.79
sciqlop,757,get_miss,2.77
sciqlop,757,get_miss,2.85
sciqlop,757,get_miss,2.75
sciqlop,757,get_miss,2.74
sciqlop,757,get_miss,2.78
sciqlop,757,get_miss,2.77
sciqlop,757,get_miss,2.75
sciqlop,757,get_miss,2.78
sciqlop,757,get_miss,2.79
sciqlop,757,get_miss,3.15
sciqlop,757,get_miss,2.80
sciqlop,757,get_miss,2.80
sciqlop,757,get_miss,2.78
sciqlop,757,get_miss,2.79
sciqlop,757,get_miss,2.88
sciqlop,757,get_miss,2.77
sciqlop,757,get_miss,2.84
sciqlop,757,get_miss,2.82
sciqlop,757,get_miss,2.83
sciqlop,757,get_miss,2.86
sciqlop,757,get_miss,2.83
sciqlop,757,get_miss,2.77
sciqlop,757,get_miss,2.84
sciqlop,757,get_miss,2.76
sciqlop,757,get_miss,2.88
sciqlop,757,get_miss,2.77
sciqlop,757,get_miss,2.78
sciqlop,757,get_miss,2.81
sciqlop,757,get_miss,2.83
sciqlop,757,get_miss,2.80
sciqlop,757,get_miss,3.06
sciqlop,757,get_miss,2.79
sciqlop,757,get_miss,2.78
sciqlop,757,get_miss,2.77
sciqlop,757,get_miss,2.77
sciqlop,757,get_miss,2.78
sciqlop,757,get_miss,2.77
sciqlop,757,get_miss,2.84
sciqlop,757,get_miss,2.82
sciqlop,757,get_miss,2.79
sciqlop,757,get_miss,3.04
sciqlop,757,get_miss,2.80
sciqlop,757,get_miss,2.89
sciqlop,757,get_miss,2.86
sciqlop,757,get_miss,2.76
sciqlop,1135,set,26.63
sciqlop,1135,set,25.33
sciqlop,1135,set,24.86
sciqlop,1135,set,36.55
sciqlop,1135,set,23.49
sciqlop,1135,set,26.84
sciqlop,1135,set,22.83
sciqlop,1135,set,24.46
sciqlop,1135,set,21.53
sciqlop,1135,set,23.17
sciqlop,1135,set,22.82
sciqlop,1135,set,21.80
sciqlop,1135,set,23.80
sciqlop,1135,set,23.20
sciqlop,1135,set,22.98
sciqlop,1135,set,22.88
sciqlop,1135,set,23.73
sciqlop,1135,set,22.32
sciqlop,1135,set,22.77
sciqlop,1135,set,23.73
sciqlop,1135,set,21.60
sciqlop,1135,set,24.99
sciqlop,1135,set,23.86
sciqlop,1135,set,22.93
sciqlop,1135,set,22.34
sciqlop,1135,set,22.83
sciqlop,1135,set,23.01
sciqlop,1135,set,22.26
sciqlop,1135,set,22.72
sciqlop,1135,set,23.74
sciqlop,1135,set,22.65
sciqlop,1135,set,24.82
sciqlop,1135,set,23.54
sciqlop,1135,set,22.19
sciqlop,1135,set,24.78
sciqlop,1135,set,22.64
sciqlop,1135,set,22.75
sciqlop,1135,set,19.77
sciqlop,1135,set,22.43
sciqlop,1135,set,24.27
sciqlop,1135,set,24.83
sciqlop,1135,set,22.47
sciqlop,1135,set,24.47
sciqlop,1135,set,23.07
sciqlop,1135,set,23.65
sciqlop,1135,set,37.02
sciqlop,1135,set,22.74
sciqlop,1135,set,23.38
sciqlop,1135,set,24.16
sciqlop,1135,set,22.86
sciqlop,1135,get_hit,5.14
sciqlop,1135,get_hit,4.12
sciqlop,1135,get_hit,4.05
sciqlop,1135,get_hit,4.00
sciqlop,1135,get_hit,3.97
sciqlop,1135,get_hit,4.30
sciqlop,1135,get_hit,3.78
sciqlop,1135,get_hit,3.73
sciqlop,1135,get_hit,3.77
sciqlop,1135,get_hit,3.75
sciqlop,1135,get_hit,3.79
sciqlop,1135,get_hit,3.70
sciqlop,1135,get_hit,3.75
sciqlop,1135,get_hit,4.12
sciqlop,1135,get_hit,3.80
sciqlop,1135,get_hit,3.78
sciqlop,1135,get_hit,3.77
sciqlop,1135,get_hit,3.75
sciqlop,1135,get_hit,3.77
sciqlop,1135,get_hit,3.76
sciqlop,1135,get_hit,3.78
sciqlop,1135,get_hit,3.77
sciqlop,1135,get_hit,3.83
sciqlop,1135,get_hit,3.76
sciqlop,1135,get_hit,3.79
sciqlop,1135,get_hit,3.77
sciqlop,1135,get_hit,3.81
sciqlop,1135,get_hit,3.74
sciqlop,1135,get_hit,3.78
sciqlop,1135,get_hit,3.77
sciqlop,1135,get_hit,4.07
sciqlop,1135,get_hit,3.82
sciqlop,1135,get_hit,3.73
sciqlop,1135,get_hit,3.77
sciqlop,1135,get_hit,3.77
sciqlop,1135,get_hit,3.75
sciqlop,1135,get_hit,3.77
sciqlop,1135,get_hit,3.75
sciqlop,1135,get_hit,3.74
sciqlop,1135,get_hit,3.82
sciqlop,1135,get_hit,3.75
sciqlop,1135,get_hit,3.70
sciqlop,1135,get_hit,3.75
sciqlop,1135,get_hit,3.76
sciqlop,1135,get_hit,3.74
sciqlop,1135,get_hit,3.79
sciqlop,1135,get_hit,3.71
sciqlop,1135,get_hit,4.00
sciqlop,1135,get_hit,3.75
sciqlop,1135,get_hit,3.77
sciqlop,1135,get_miss,2.87
sciqlop,1135,get_miss,2.82
sciqlop,1135,get_miss,2.78
sciqlop,1135,get_miss,2.78
sciqlop,1135,get_miss,2.78
sciqlop,1135,get_miss,2.81
sciqlop,1135,get_miss,2.76
sciqlop,1135,get_miss,2.82
sciqlop,1135,get_miss,2.83
sciqlop,1135,get_miss,2.76
sciqlop,1135,get_miss,2.75
sciqlop,1135,get_miss,2.74
sciqlop,1135,get_miss,2.81
sciqlop,1135,get_miss,2.80
sciqlop,1135,get_miss,2.87
sciqlop,1135,get_miss,2.83
sciqlop,1135,get_miss,2.77
sciqlop,1135,get_miss,3.02
sciqlop,1135,get_miss,2.79
sciqlop,1135,get_miss,2.78
sciqlop,1135,get_miss,2.78
sciqlop,1135,get_miss,2.86
sciqlop,1135,get_miss,2.83
sciqlop,1135,get_miss,2.76
sciqlop,1135,get_miss,2.83
sciqlop,1135,get_miss,2.77
sciqlop,1135,get_miss,2.77
sciqlop,1135,get_miss,2.82
sciqlop,1135,get_miss,2.89
sciqlop,1135,get_miss,2.79
sciqlop,1135,get_miss,2.77
sciqlop,1135,get_miss,2.78
sciqlop,1135,get_miss,2.79
sciqlop,1135,get_miss,2.86
sciqlop,1135,get_miss,2.78
sciqlop,1135,get_miss,2.78
sciqlop,1135,get_miss,2.79
sciqlop,1135,get_miss,2.75
sciqlop,1135,get_miss,3.03
sciqlop,1135,get_miss,2.84
sciqlop,1135,get_miss,2.84
sciqlop,1135,get_miss,2.76
sciqlop,1135,get_miss,2.82
sciqlop,1135,get_miss,2.79
sciqlop,1135,get_miss,2.86
sciqlop,1135,get_miss,2.82
sciqlop,1135,get_miss,2.86
sciqlop,1135,get_miss,2.76
sciqlop,1135,get_miss,3.02
sciqlop,1135,get_miss,2.77
sciqlop,1702,set,23.36
sciqlop,1702,set,24.59
sciqlop,1702,set,23.39
sciqlop,1702,set,23.50
sciqlop,1702,set,25.20
sciqlop,1702,set,27.39
sciqlop,1702,set,23.38
sciqlop,1702,set,24.37
sciqlop,1702,set,22.59
sciqlop,1702,set,23.72
sciqlop,1702,set,23.92
sciqlop,1702,set,22.50
sciqlop,1702,set,36.27
sciqlop,1702,set,24.01
sciqlop,1702,set,23.80
sciqlop,1702,set,21.07
sciqlop,1702,set,23.83
sciqlop,1702,set,21.26
sciqlop,1702,set,23.68
sciqlop,1702,set,23.94
sciqlop,1702,set,23.10
sciqlop,1702,set,22.60
sciqlop,1702,set,24.75
sciqlop,1702,set,22.14
sciqlop,1702,set,23.07
sciqlop,1702,set,22.92
sciqlop,1702,set,21.20
sciqlop,1702,set,24.58
sciqlop,1702,set,22.23
sciqlop,1702,set,22.51
sciqlop,1702,set,25.53
sciqlop,1702,set,22.91
sciqlop,1702,set,21.87
sciqlop,1702,set,23.74
sciqlop,1702,set,23.25
sciqlop,1702,set,23.09
sciqlop,1702,set,23.22
sciqlop,1702,set,23.63
sciqlop,1702,set,22.65
sciqlop,1702,set,25.99
sciqlop,1702,set,24.16
sciqlop,1702,set,21.79
sciqlop,1702,set,24.16
sciqlop,1702,set,22.74
sciqlop,1702,set,23.05
sciqlop,1702,set,21.93
sciqlop,1702,set,24.03
sciqlop,1702,set,23.38
sciqlop,1702,set,24.26
sciqlop,1702,set,22.90
sciqlop,1702,get_hit,6.10
sciqlop,1702,get_hit,7.16
sciqlop,1702,get_hit,6.17
sciqlop,1702,get_hit,4.99
sciqlop,1702,get_hit,4.21
sciqlop,1702,get_hit,4.12
sciqlop,1702,get_hit,4.36
sciqlop,1702,get_hit,4.23
sciqlop,1702,get_hit,4.10
sciqlop,1702,get_hit,3.90
sciqlop,1702,get_hit,4.04
sciqlop,1702,get_hit,3.75
sciqlop,1702,get_hit,3.83
sciqlop,1702,get_hit,3.84
sciqlop,1702,get_hit,3.83
sciqlop,1702,get_hit,3.81
sciqlop,1702,get_hit,3.90
sciqlop,1702,get_hit,3.81
sciqlop,1702,get_hit,3.88
sciqlop,1702,get_hit,3.76
sciqlop,1702,get_hit,4.26
sciqlop,1702,get_hit,3.85
sciqlop,1702,get_hit,4.00
sciqlop,1702,get_hit,3.86
sciqlop,1702,get_hit,4.30
sciqlop,1702,get_hit,3.88
sciqlop,1702,get_hit,3.83
sciqlop,1702,get_hit,3.79
sciqlop,1702,get_hit,3.82
sciqlop,1702,get_hit,3.92
sciqlop,1702,get_hit,3.82
sciqlop,1702,get_hit,3.82
sciqlop,1702,get_hit,4.06
sciqlop,1702,get_hit,3.82
sciqlop,1702,get_hit,4.11
sciqlop,1702,get_hit,4.05
sciqlop,1702,get_hit,3.86
sciqlop,1702,get_hit,3.88
sciqlop,1702,get_hit,3.86
sciqlop,1702,get_hit,3.86
sciqlop,1702,get_hit,3.87
sciqlop,1702,get_hit,3.86
sciqlop,1702,get_hit,3.85
sciqlop,1702,get_hit,3.83
sciqlop,1702,get_hit,3.77
sciqlop,1702,get_hit,3.93
sciqlop,1702,get_hit,4.22
sciqlop,1702,get_hit,3.80
sciqlop,1702,get_hit,3.79
sciqlop,1702,get_hit,4.13
sciqlop,1702,get_miss,2.84
sciqlop,1702,get_miss,2.85
sciqlop,1702,get_miss,2.88
sciqlop,1702,get_miss,2.79
sciqlop,1702,get_miss,2.78
sciqlop,1702,get_miss,2.87
sciqlop,1702,get_miss,2.98
sciqlop,1702,get_miss,3.07
sciqlop,1702,get_miss,2.87
sciqlop,1702,get_miss,2.83
sciqlop,1702,get_miss,2.90
sciqlop,1702,get_miss,2.81
sciqlop,1702,get_miss,2.87
sciqlop,1702,get_miss,2.81
sciqlop,1702,get_miss,2.85
sciqlop,1702,get_miss,2.81
sciqlop,1702,get_miss,2.84
sciqlop,1702,get_miss,2.80
sciqlop,1702,get_miss,2.81
sciqlop,1702,get_miss,2.87
sciqlop,1702,get_miss,2.83
sciqlop,1702,get_miss,2.92
sciqlop,1702,get_miss,2.93
sciqlop,1702,get_miss,2.81
sciqlop,1702,get_miss,2.87
sciqlop,1702,get_miss,2.82
sciqlop,1702,get_miss,2.92
sciqlop,1702,get_miss,2.87
sciqlop,1702,get_miss,2.83
sciqlop,1702,get_miss,3.14
sciqlop,1702,get_miss,2.83
sciqlop,1702,get_miss,2.82
sciqlop,1702,get_miss,2.87
sciqlop,1702,get_miss,2.80
sciqlop,1702,get_miss,2.81
sciqlop,1702,get_miss,2.80
sciqlop,1702,get_miss,2.86
sciqlop,1702,get_miss,2.81
sciqlop,1702,get_miss,2.81
sciqlop,1702,get_miss,3.03
sciqlop,1702,get_miss,3.00
sciqlop,1702,get_miss,2.84
sciqlop,1702,get_miss,2.86
sciqlop,1702,get_miss,2.81
sciqlop,1702,get_miss,2.84
sciqlop,1702,get_miss,2.83
sciqlop,1702,get_miss,2.81
sciqlop,1702,get_miss,2.86
sciqlop,1702,get_miss,2.84
sciqlop,1702,get_miss,2.82
sciqlop,2553,set,24.01
sciqlop,2553,set,23.33
sciqlop,2553,set,23.77
sciqlop,2553,set,22.75
sciqlop,2553,set,26.43
sciqlop,2553,set,24.96
sciqlop,2553,set,23.17
sciqlop,2553,set,38.22
sciqlop,2553,set,21.92
sciqlop,2553,set,24.60
sciqlop,2553,set,22.64
sciqlop,2553,set,22.60
sciqlop,2553,set,23.62
sciqlop,2553,set,23.09
sciqlop,2553,set,23.73
sciqlop,2553,set,21.49
sciqlop,2553,set,23.56
sciqlop,2553,set,21.75
sciqlop,2553,set,23.27
sciqlop,2553,set,23.97
sciqlop,2553,set,24.06
sciqlop,2553,set,24.51
sciqlop,2553,set,22.89
sciqlop,2553,set,21.98
sciqlop,2553,set,23.09
sciqlop,2553,set,22.40
sciqlop,2553,set,22.12
sciqlop,2553,set,24.12
sciqlop,2553,set,23.60
sciqlop,2553,set,23.06
sciqlop,2553,set,25.34
sciqlop,2553,set,22.11
sciqlop,2553,set,23.00
sciqlop,2553,set,23.08
sciqlop,2553,set,23.80
sciqlop,2553,set,22.61
sciqlop,2553,set,24.32
sciqlop,2553,set,23.16
sciqlop,2553,set,25.14
sciqlop,2553,set,24.32
sciqlop,2553,set,24.26
sciqlop,2553,set,22.55
sciqlop,2553,set,24.59
sciqlop,2553,set,24.39
sciqlop,2553,set,22.30
sciqlop,2553,set,22.84
sciqlop,2553,set,24.40
sciqlop,2553,set,25.24
sciqlop,2553,set,23.37
sciqlop,2553,set,48.46
sciqlop,2553,get_hit,6.08
sciqlop,2553,get_hit,4.23
sciqlop,2553,get_hit,4.15
sciqlop,2553,get_hit,4.15
sciqlop,2553,get_hit,4.24
sciqlop,2553,get_hit,4.11
sciqlop,2553,get_hit,4.33
sciqlop,2553,get_hit,4.45
sciqlop,2553,get_hit,4.08
sciqlop,2553,get_hit,4.00
sciqlop,2553,get_hit,3.91
sciqlop,2553,get_hit,4.05
sciqlop,2553,get_hit,4.01
sciqlop,2553,get_hit,3.84
sciqlop,2553,get_hit,3.87
sciqlop,2553,get_hit,4.12
sciqlop,2553,get_hit,3.83
sciqlop,2553,get_hit,3.82
sciqlop,2553,get_hit,3.83
sciqlop,2553,get_hit,3.78
sciqlop,2553,get_hit,3.84
sciqlop,2553,get_hit,3.89
sciqlop,2553,get_hit,3.79
sciqlop,2553,get_hit,3.85
sciqlop,2553,get_hit,3.89
sciqlop,2553,get_hit,3.81
sciqlop,2553,get_hit,3.79
sciqlop,2553,get_hit,3.81
sciqlop,2553,get_hit,3.82
sciqlop,2553,get_hit,3.87
sciqlop,2553,get_hit,3.82
sciqlop,2553,get_hit,3.83
sciqlop,2553,get_hit,4.08
sciqlop,2553,get_hit,3.78
sciqlop,2553,get_hit,3.85
sciqlop,2553,get_hit,3.81
sciqlop,2553,get_hit,3.82
sciqlop,2553,get_hit,3.81
sciqlop,2553,get_hit,3.82
sciqlop,2553,get_hit,3.78
sciqlop,2553,get_hit,4.15
sciqlop,2553,get_hit,3.80
sciqlop,2553,get_hit,3.83
sciqlop,2553,get_hit,3.81
sciqlop,2553,get_hit,3.79
sciqlop,2553,get_hit,3.82
sciqlop,2553,get_hit,3.83
sciqlop,2553,get_hit,3.89
sciqlop,2553,get_hit,3.84
sciqlop,2553,get_hit,3.84
sciqlop,2553,get_miss,2.86
sciqlop,2553,get_miss,2.85
sciqlop,2553,get_miss,2.80
sciqlop,2553,get_miss,2.79
sciqlop,2553,get_miss,2.84
sciqlop,2553,get_miss,2.89
sciqlop,2553,get_miss,2.82
sciqlop,2553,get_miss,2.90
sciqlop,2553,get_miss,2.80
sciqlop,2553,get_miss,2.84
sciqlop,2553,get_miss,2.83
sciqlop,2553,get_miss,2.94
sciqlop,2553,get_miss,2.84
sciqlop,2553,get_miss,2.85
sciqlop,2553,get_miss,2.86
sciqlop,2553,get_miss,2.85
sciqlop,2553,get_miss,2.82
sciqlop,2553,get_miss,2.88
sciqlop,2553,get_miss,2.83
sciqlop,2553,get_miss,3.12
sciqlop,2553,get_miss,2.89
sciqlop,2553,get_miss,2.90
sciqlop,2553,get_miss,2.82
sciqlop,2553,get_miss,2.81
sciqlop,2553,get_miss,2.91
sciqlop,2553,get_miss,2.83
sciqlop,2553,get_miss,2.83
sciqlop,2553,get_miss,2.82
sciqlop,2553,get_miss,2.86
sciqlop,2553,get_miss,3.11
sciqlop,2553,get_miss,2.82
sciqlop,2553,get_miss,2.84
sciqlop,2553,get_miss,2.83
sciqlop,2553,get_miss,2.84
sciqlop,2553,get_miss,2.82
sciqlop,2553,get_miss,2.82
sciqlop,2553,get_miss,2.91
sciqlop,2553,get_miss,2.84
sciqlop,2553,get_miss,2.82
sciqlop,2553,get_miss,2.86
sciqlop,2553,get_miss,3.14
sciqlop,2553,get_miss,3.03
sciqlop,2553,get_miss,2.85
sciqlop,2553,get_miss,2.83
sciqlop,2553,get_miss,2.83
sciqlop,2553,get_miss,2.83
sciqlop,2553,get_miss,2.84
sciqlop,2553,get_miss,2.84
sciqlop,2553,get_miss,2.90
sciqlop,2553,get_miss,2.87
sciqlop,3829,set,23.13
sciqlop,3829,set,23.73
sciqlop,3829,set,23.13
sciqlop,3829,set,22.71
sciqlop,3829,set,24.33
sciqlop,3829,set,25.05
sciqlop,3829,set,24.45
sciqlop,3829,set,27.44
sciqlop,3829,set,22.85
sciqlop,3829,set,23.93
sciqlop,3829,set,23.56
sciqlop,3829,set,23.10
sciqlop,3829,set,24.00
sciqlop,3829,set,22.12
sciqlop,3829,set,25.11
sciqlop,3829,set,23.16
sciqlop,3829,set,26.93
sciqlop,3829,set,23.42
sciqlop,3829,set,25.41
sciqlop,3829,set,33.74
sciqlop,3829,set,39.43
sciqlop,3829,set,39.48
sciqlop,3829,set,59.04
sciqlop,3829,set,29.70
sciqlop,3829,set,31.95
sciqlop,3829,set,28.90
sciqlop,3829,set,27.19
sciqlop,3829,set,30.18
sciqlop,3829,set,28.44
sciqlop,3829,set,27.52
sciqlop,3829,set,28.44
sciqlop,3829,set,30.50
sciqlop,3829,set,27.30
sciqlop,3829,set,25.48
sciqlop,3829,set,26.66
sciqlop,3829,set,22.82
sciqlop,3829,set,24.48
sciqlop,3829,set,22.76
sciqlop,3829,set,22.83
sciqlop,3829,set,24.06
sciqlop,3829,set,24.48
sciqlop,3829,set,23.45
sciqlop,3829,set,25.63
sciqlop,3829,set,23.30
sciqlop,3829,set,27.65
sciqlop,3829,set,22.64
sciqlop,3829,set,24.09
sciqlop,3829,set,23.84
sciqlop,3829,set,23.61
sciqlop,3829,set,24.69
sciqlop,3829,get_hit,6.01
sciqlop,3829,get_hit,5.13
sciqlop,3829,get_hit,4.26
sciqlop,3829,get_hit,4.56
sciqlop,3829,get_hit,4.29
sciqlop,3829,get_hit,4.24
sciqlop,3829,get_hit,4.36
sciqlop,3829,get_hit,4.22
sciqlop,3829,get_hit,4.32
sciqlop,3829,get_hit,4.22
sciqlop,3829,get_hit,4.17
sciqlop,3829,get_hit,4.24
sciqlop,3829,get_hit,4.27
sciqlop,3829,get_hit,4.27
sciqlop,3829,get_hit,4.22
sciqlop,3829,get_hit,4.25
sciqlop,3829,get_hit,4.25
sciqlop,3829,get_hit,4.18
sciqlop,3829,get_hit,4.50
sciqlop,3829,get_hit,3.93
sciqlop,3829,get_hit,4.19
sciqlop,3829,get_hit,3.88
sciqlop,3829,get_hit,3.97
sciqlop,3829,get_hit,3.87
sciqlop,3829,get_hit,3.86
sciqlop,3829,get_hit,3.89
sciqlop,3829,get_hit,3.87
sciqlop,3829,get_hit,3.98
sciqlop,3829,get_hit,3.92
sciqlop,3829,get_hit,3.94
sciqlop,3829,get_hit,3.86
sciqlop,3829,get_hit,3.89
sciqlop,3829,get_hit,3.86
sciqlop,3829,get_hit,3.82
sciqlop,3829,get_hit,3.98
sciqlop,3829,get_hit,3.95
sciqlop,3829,get_hit,3.87
sciqlop,3829,get_hit,3.90
sciqlop,3829,get_hit,3.86
sciqlop,3829,get_hit,3.91
sciqlop,3829,get_hit,3.87
sciqlop,3829,get_hit,3.86
sciqlop,3829,get_hit,3.87
sciqlop,3829,get_hit,4.06
sciqlop,3829,get_hit,3.85
sciqlop,3829,get_hit,3.92
sciqlop,3829,get_hit,4.08
sciqlop,3829,get_hit,3.82
sciqlop,3829,get_hit,3.86
sciqlop,3829,get_hit,3.80
sciqlop,3829,get_miss,2.89
sciqlop,3829,get_miss,2.81
sciqlop,3829,get_miss,2.87
sciqlop,3829,get_miss,2.87
sciqlop,3829,get_miss,2.86
sciqlop,3829,get_miss,2.96
sciqlop,3829,get_miss,2.84
sciqlop,3829,get_miss,2.83
sciqlop,3829,get_miss,2.83
sciqlop,3829,get_miss,2.83
sciqlop,3829,get_miss,2.83
sciqlop,3829,get_miss,2.82
sciqlop,3829,get_miss,2.88
sciqlop,3829,get_miss,2.89
sciqlop,3829,get_miss,2.89
sciqlop,3829,get_miss,3.00
sciqlop,3829,get_miss,2.84
sciqlop,3829,get_miss,2.85
sciqlop,3829,get_miss,2.91
sciqlop,3829,get_miss,2.89
sciqlop,3829,get_miss,2.85
sciqlop,3829,get_miss,2.86
sciqlop,3829,get_miss,3.14
sciqlop,3829,get_miss,2.83
sciqlop,3829,get_miss,2.83
sciqlop,3829,get_miss,2.82
sciqlop,3829,get_miss,2.82
sciqlop,3829,get_miss,2.95
sciqlop,3829,get_miss,2.88
sciqlop,3829,get_miss,2.85
sciqlop,3829,get_miss,2.87
sciqlop,3829,get_miss,2.88
sciqlop,3829,get_miss,3.07
sciqlop,3829,get_miss,2.88
sciqlop,3829,get_miss,2.89
sciqlop,3829,get_miss,2.84
sciqlop,3829,get_miss,2.81
sciqlop,3829,get_miss,2.88
sciqlop,3829,get_miss,2.83
sciqlop,3829,get_miss,2.85
sciqlop,3829,get_miss,2.91
sciqlop,3829,get_miss,2.84
sciqlop,3829,get_miss,2.87
sciqlop,3829,get_miss,2.91
sciqlop,3829,get_miss,2.89
sciqlop,3829,get_miss,2.86
sciqlop,3829,get_miss,2.85
sciqlop,3829,get_miss,2.87
sciqlop,3829,get_miss,2.84
sciqlop,3829,get_miss,2.87
sciqlop,5743,set,23.60
sciqlop,5743,set,23.33
sciqlop,5743,set,23.42
sciqlop,5743,set,23.05
sciqlop,5743,set,24.50
sciqlop,5743,set,25.56
sciqlop,5743,set,24.13
sciqlop,5743,set,46.43
sciqlop,5743,set,24.37
sciqlop,5743,set,23.60
sciqlop,5743,set,23.03
sciqlop,5743,set,22.50
sciqlop,5743,set,24.33
sciqlop,5743,set,22.33
sciqlop,5743,set,24.15
sciqlop,5743,set,22.07
sciqlop,5743,set,26.68
sciqlop,5743,set,21.90
sciqlop,5743,set,23.56
sciqlop,5743,set,24.81
sciqlop,5743,set,24.19
sciqlop,5743,set,23.68
sciqlop,5743,set,23.53
sciqlop,5743,set,22.47
sciqlop,5743,set,24.10
sciqlop,5743,set,25.50
sciqlop,5743,set,21.47
sciqlop,5743,set,25.31
sciqlop,5743,set,23.34
sciqlop,5743,set,22.76
sciqlop,5743,set,24.23
sciqlop,5743,set,23.70
sciqlop,5743,set,23.49
sciqlop,5743,set,25.67
sciqlop,5743,set,25.37
sciqlop,5743,set,22.63
sciqlop,5743,set,25.34
sciqlop,5743,set,22.89
sciqlop,5743,set,23.05
sciqlop,5743,set,23.76
sciqlop,5743,set,24.90
sciqlop,5743,set,22.15
sciqlop,5743,set,26.65
sciqlop,5743,set,24.12
sciqlop,5743,set,23.98
sciqlop,5743,set,23.26
sciqlop,5743,set,24.88
sciqlop,5743,set,24.34
sciqlop,5743,set,24.20
sciqlop,5743,set,41.10
sciqlop,5743,get_hit,6.27
sciqlop,5743,get_hit,4.55
sciqlop,5743,get_hit,5.11
sciqlop,5743,get_hit,4.50
sciqlop,5743,get_hit,4.18
sciqlop,5743,get_hit,4.13
sciqlop,5743,get_hit,4.37
sciqlop,5743,get_hit,4.15
sciqlop,5743,get_hit,4.17
sciqlop,5743,get_hit,4.23
sciqlop,5743,get_hit,4.17
sciqlop,5743,get_hit,4.19
sciqlop,5743,get_hit,4.22
sciqlop,5743,get_hit,4.21
sciqlop,5743,get_hit,4.19
sciqlop,5743,get_hit,4.18
sciqlop,5743,get_hit,4.28
sciqlop,5743,get_hit,4.22
sciqlop,5743,get_hit,4.18
sciqlop,5743,get_hit,4.25
sciqlop,5743,get_hit,4.16
sciqlop,5743,get_hit,4.11
sciqlop,5743,get_hit,4.13
sciqlop,5743,get_hit,4.14
sciqlop,5743,get_hit,4.17
sciqlop,5743,get_hit,4.12
sciqlop,5743,get_hit,4.31
sciqlop,5743,get_hit,4.12
sciqlop,5743,get_hit,4.03
sciqlop,5743,get_hit,3.82
sciqlop,5743,get_hit,3.86
sciqlop,5743,get_hit,3.85
sciqlop,5743,get_hit,3.93
sciqlop,5743,get_hit,3.84
sciqlop,5743,get_hit,3.85
sciqlop,5743,get_hit,3.88
sciqlop,5743,get_hit,3.86
sciqlop,5743,get_hit,3.84
sciqlop,5743,get_hit,3.86
sciqlop,5743,get_hit,3.83
sciqlop,5743,get_hit,3.85
sciqlop,5743,get_hit,3.82
sciqlop,5743,get_hit,3.87
sciqlop,5743,get_hit,4.14
sciqlop,5743,get_hit,3.82
sciqlop,5743,get_hit,3.86
sciqlop,5743,get_hit,3.82
sciqlop,5743,get_hit,3.85
sciqlop,5743,get_hit,3.91
sciqlop,5743,get_hit,3.84
sciqlop,5743,get_miss,2.88
sciqlop,5743,get_miss,2.84
sciqlop,5743,get_miss,2.87
sciqlop,5743,get_miss,2.84
sciqlop,5743,get_miss,2.82
sciqlop,5743,get_miss,2.84
sciqlop,5743,get_miss,2.84
sciqlop,5743,get_miss,2.85
sciqlop,5743,get_miss,2.83
sciqlop,5743,get_miss,2.82
sciqlop,5743,get_miss,2.84
sciqlop,5743,get_miss,2.84
sciqlop,5743,get_miss,3.10
sciqlop,5743,get_miss,2.88
sciqlop,5743,get_miss,2.89
sciqlop,5743,get_miss,2.89
sciqlop,5743,get_miss,2.84
sciqlop,5743,get_miss,2.87
sciqlop,5743,get_miss,2.86
sciqlop,5743,get_miss,2.92
sciqlop,5743,get_miss,2.90
sciqlop,5743,get_miss,2.86
sciqlop,5743,get_miss,3.12
sciqlop,5743,get_miss,2.92
sciqlop,5743,get_miss,2.85
sciqlop,5743,get_miss,2.86
sciqlop,5743,get_miss,2.82
sciqlop,5743,get_miss,2.91
sciqlop,5743,get_miss,2.87
sciqlop,5743,get_miss,2.90
sciqlop,5743,get_miss,2.83
sciqlop,5743,get_miss,2.92
sciqlop,5743,get_miss,2.85
sciqlop,5743,get_miss,2.90
sciqlop,5743,get_miss,2.86
sciqlop,5743,get_miss,2.86
sciqlop,5743,get_miss,3.99
sciqlop,5743,get_miss,2.97
sciqlop,5743,get_miss,2.92
sciqlop,5743,get_miss,2.85
sciqlop,5743,get_miss,2.89
sciqlop,5743,get_miss,2.90
sciqlop,5743,get_miss,3.29
sciqlop,5743,get_miss,2.87
sciqlop,5743,get_miss,2.87
sciqlop,5743,get_miss,2.85
sciqlop,5743,get_miss,2.86
sciqlop,5743,get_miss,2.88
sciqlop,5743,get_miss,2.85
sciqlop,5743,get_miss,2.82
sciqlop,8614,set,24.05
sciqlop,8614,set,24.41
sciqlop,8614,set,22.79
sciqlop,8614,set,23.42
sciqlop,8614,set,26.51
sciqlop,8614,set,25.64
sciqlop,8614,set,23.45
sciqlop,8614,set,24.23
sciqlop,8614,set,22.79
sciqlop,8614,set,24.01
sciqlop,8614,set,23.79
sciqlop,8614,set,22.96
sciqlop,8614,set,24.49
sciqlop,8614,set,24.28
sciqlop,8614,set,25.82
sciqlop,8614,set,22.37
sciqlop,8614,set,24.97
sciqlop,8614,set,22.84
sciqlop,8614,set,24.59
sciqlop,8614,set,26.23
sciqlop,8614,set,24.68
sciqlop,8614,set,25.16
sciqlop,8614,set,25.26
sciqlop,8614,set,22.65
sciqlop,8614,set,24.64
sciqlop,8614,set,24.55
sciqlop,8614,set,22.59
sciqlop,8614,set,26.23
sciqlop,8614,set,42.55
sciqlop,8614,set,22.66
sciqlop,8614,set,25.92
sciqlop,8614,set,22.63
sciqlop,8614,set,22.44
sciqlop,8614,set,23.45
sciqlop,8614,set,23.53
sciqlop,8614,set,23.24
sciqlop,8614,set,23.98
sciqlop,8614,set,23.48
sciqlop,8614,set,22.93
sciqlop,8614,set,25.54
sciqlop,8614,set,24.11
sciqlop,8614,set,21.95
sciqlop,8614,set,23.91
sciqlop,8614,set,23.71
sciqlop,8614,set,24.10
sciqlop,8614,set,22.96
sciqlop,8614,set,24.44
sciqlop,8614,set,24.59
sciqlop,8614,set,23.29
sciqlop,8614,set,22.94
sciqlop,8614,get_hit,6.44
sciqlop,8614,get_hit,4.63
sciqlop,8614,get_hit,4.98
sciqlop,8614,get_hit,5.87
sciqlop,8614,get_hit,4.74
sciqlop,8614,get_hit,4.16
sciqlop,8614,get_hit,4.25
sciqlop,8614,get_hit,4.30
sciqlop,8614,get_hit,4.28
sciqlop,8614,get_hit,4.71
sciqlop,8614,get_hit,4.17
sciqlop,8614,get_hit,4.21
sciqlop,8614,get_hit,4.25
sciqlop,8614,get_hit,4.37
sciqlop,8614,get_hit,4.16
sciqlop,8614,get_hit,4.15
sciqlop,8614,get_hit,4.24
sciqlop,8614,get_hit,4.47
sciqlop,8614,get_hit,4.19
sciqlop,8614,get_hit,4.21
sciqlop,8614,get_hit,4.28
sciqlop,8614,get_hit,4.20
sciqlop,8614,get_hit,4.23
sciqlop,8614,get_hit,4.22
sciqlop,8614,get_hit,4.31
sciqlop,8614,get_hit,4.57
sciqlop,8614,get_hit,4.19
sciqlop,8614,get_hit,4.25
sciqlop,8614,get_hit,4.22
sciqlop,8614,get_hit,4.15
sciqlop,8614,get_hit,4.44
sciqlop,8614,get_hit,4.14
sciqlop,8614,get_hit,4.19
sciqlop,8614,get_hit,4.58
sciqlop,8614,get_hit,4.19
sciqlop,8614,get_hit,4.19
sciqlop,8614,get_hit,5.26
sciqlop,8614,get_hit,4.25
sciqlop,8614,get_hit,4.19
sciqlop,8614,get_hit,4.17
sciqlop,8614,get_hit,4.52
sciqlop,8614,get_hit,4.11
sciqlop,8614,get_hit,4.00
sciqlop,8614,get_hit,3.82
sciqlop,8614,get_hit,3.83
sciqlop,8614,get_hit,3.87
sciqlop,8614,get_hit,3.93
sciqlop,8614,get_hit,3.86
sciqlop,8614,get_hit,3.89
sciqlop,8614,get_hit,3.92
sciqlop,8614,get_miss,2.88
sciqlop,8614,get_miss,2.83
sciqlop,8614,get_miss,2.82
sciqlop,8614,get_miss,2.83
sciqlop,8614,get_miss,2.80
sciqlop,8614,get_miss,2.82
sciqlop,8614,get_miss,2.80
sciqlop,8614,get_miss,2.82
sciqlop,8614,get_miss,2.82
sciqlop,8614,get_miss,2.83
sciqlop,8614,get_miss,2.87
sciqlop,8614,get_miss,2.80
sciqlop,8614,get_miss,2.88
sciqlop,8614,get_miss,2.85
sciqlop,8614,get_miss,2.95
sciqlop,8614,get_miss,2.83
sciqlop,8614,get_miss,2.94
sciqlop,8614,get_miss,2.86
sciqlop,8614,get_miss,2.91
sciqlop,8614,get_miss,2.96
sciqlop,8614,get_miss,2.86
sciqlop,8614,get_miss,2.88
sciqlop,8614,get_miss,2.86
sciqlop,8614,get_miss,2.83
sciqlop,8614,get_miss,2.91
sciqlop,8614,get_miss,2.84
sciqlop,8614,get_miss,2.84
sciqlop,8614,get_miss,2.82
sciqlop,8614,get_miss,2.84
sciqlop,8614,get_miss,3.14
sciqlop,8614,get_miss,2.84
sciqlop,8614,get_miss,2.84
sciqlop,8614,get_miss,2.82
sciqlop,8614,get_miss,2.91
sciqlop,8614,get_miss,2.83
sciqlop,8614,get_miss,2.82
sciqlop,8614,get_miss,2.88
sciqlop,8614,get_miss,2.88
sciqlop,8614,get_miss,2.82
sciqlop,8614,get_miss,3.06
sciqlop,8614,get_miss,2.84
sciqlop,8614,get_miss,2.83
sciqlop,8614,get_miss,2.94
sciqlop,8614,get_miss,2.96
sciqlop,8614,get_miss,2.86
sciqlop,8614,get_miss,2.92
sciqlop,8614,get_miss,2.84
sciqlop,8614,get_miss,2.83
sciqlop,8614,get_miss,2.88
sciqlop,8614,get_miss,2.92
sciqlop,12921,set,28.32
sciqlop,12921,set,26.34
sciqlop,12921,set,23.33
sciqlop,12921,set,22.63
sciqlop,12921,set,23.87
sciqlop,12921,set,24.44
sciqlop,12921,set,23.53
sciqlop,12921,set,24.47
sciqlop,12921,set,22.51
sciqlop,12921,set,24.98
sciqlop,12921,set,25.50
sciqlop,12921,set,22.05
sciqlop,12921,set,23.34
sciqlop,12921,set,22.00
sciqlop,12921,set,23.87
sciqlop,12921,set,22.69
sciqlop,12921,set,25.07
sciqlop,12921,set,24.40
sciqlop,12921,set,26.09
sciqlop,12921,set,23.43
sciqlop,12921,set,22.94
sciqlop,12921,set,21.04
sciqlop,12921,set,38.88
sciqlop,12921,set,23.30
sciqlop,12921,set,22.85
sciqlop,12921,set,23.39
sciqlop,12921,set,23.56
sciqlop,12921,set,23.25
sciqlop,12921,set,24.78
sciqlop,12921,set,22.85
sciqlop,12921,set,23.40
sciqlop,12921,set,23.66
sciqlop,12921,set,23.11
sciqlop,12921,set,24.79
sciqlop,12921,set,24.11
sciqlop,12921,set,26.43
sciqlop,12921,set,22.64
sciqlop,12921,set,23.23
sciqlop,12921,set,22.55
sciqlop,12921,set,22.58
sciqlop,12921,set,23.19
sciqlop,12921,set,23.74
sciqlop,12921,set,22.56
sciqlop,12921,set,23.79
sciqlop,12921,set,26.37
sciqlop,12921,set,22.97
sciqlop,12921,set,24.06
sciqlop,12921,set,23.19
sciqlop,12921,set,21.97
sciqlop,12921,set,23.74
sciqlop,12921,get_hit,6.73
sciqlop,12921,get_hit,4.99
sciqlop,12921,get_hit,4.74
sciqlop,12921,get_hit,4.79
sciqlop,12921,get_hit,5.54
sciqlop,12921,get_hit,6.01
sciqlop,12921,get_hit,4.82
sciqlop,12921,get_hit,4.26
sciqlop,12921,get_hit,4.40
sciqlop,12921,get_hit,4.23
sciqlop,12921,get_hit,4.23
sciqlop,12921,get_hit,4.23
sciqlop,12921,get_hit,4.27
sciqlop,12921,get_hit,4.28
sciqlop,12921,get_hit,4.19
sciqlop,12921,get_hit,4.48
sciqlop,12921,get_hit,4.25
sciqlop,12921,get_hit,4.23
sciqlop,12921,get_hit,4.22
sciqlop,12921,get_hit,4.36
sciqlop,12921,get_hit,4.50
sciqlop,12921,get_hit,4.44
sciqlop,12921,get_hit,4.40
sciqlop,12921,get_hit,5.17
sciqlop,12921,get_hit,4.42
sciqlop,12921,get_hit,4.55
sciqlop,12921,get_hit,4.22
sciqlop,12921,get_hit,4.32
sciqlop,12921,get_hit,4.39
sciqlop,12921,get_hit,4.27
sciqlop,12921,get_hit,4.68
sciqlop,12921,get_hit,4.43
sciqlop,12921,get_hit,4.35
sciqlop,12921,get_hit,4.50
sciqlop,12921,get_hit,4.48
sciqlop,12921,get_hit,4.45
sciqlop,12921,get_hit,4.27
sciqlop,12921,get_hit,4.36
sciqlop,12921,get_hit,4.73
sciqlop,12921,get_hit,4.35
sciqlop,12921,get_hit,4.38
sciqlop,12921,get_hit,4.31
sciqlop,12921,get_hit,4.30
sciqlop,12921,get_hit,4.31
sciqlop,12921,get_hit,4.33
sciqlop,12921,get_hit,4.41
sciqlop,12921,get_hit,4.62
sciqlop,12921,get_hit,4.25
sciqlop,12921,get_hit,4.26
sciqlop,12921,get_hit,4.28
sciqlop,12921,get_miss,2.96
sciqlop,12921,get_miss,2.85
sciqlop,12921,get_miss,2.84
sciqlop,12921,get_miss,2.87
sciqlop,12921,get_miss,2.83
sciqlop,12921,get_miss,2.97
sciqlop,12921,get_miss,2.88
sciqlop,12921,get_miss,2.87
sciqlop,12921,get_miss,2.85
sciqlop,12921,get_miss,2.86
sciqlop,12921,get_miss,2.85
sciqlop,12921,get_miss,2.86
sciqlop,12921,get_miss,2.87
sciqlop,12921,get_miss,2.89
sciqlop,12921,get_miss,2.97
sciqlop,12921,get_miss,2.94
sciqlop,12921,get_miss,2.91
sciqlop,12921,get_miss,2.90
sciqlop,12921,get_miss,2.90
sciqlop,12921,get_miss,2.93
sciqlop,12921,get_miss,2.87
sciqlop,12921,get_miss,2.90
sciqlop,12921,get_miss,2.91
sciqlop,12921,get_miss,2.91
sciqlop,12921,get_miss,2.88
sciqlop,12921,get_miss,3.14
sciqlop,12921,get_miss,2.87
sciqlop,12921,get_miss,2.93
sciqlop,12921,get_miss,2.94
sciqlop,12921,get_miss,2.88
sciqlop,12921,get_miss,0.99
sciqlop,12921,get_miss,3.43
sciqlop,12921,get_miss,2.92
sciqlop,12921,get_miss,2.87
sciqlop,12921,get_miss,2.93
sciqlop,12921,get_miss,3.18
sciqlop,12921,get_miss,2.90
sciqlop,12921,get_miss,3.01
sciqlop,12921,get_miss,2.93
sciqlop,12921,get_miss,2.93
sciqlop,12921,get_miss,2.87
sciqlop,12921,get_miss,2.84
sciqlop,12921,get_miss,2.93
sciqlop,12921,get_miss,2.86
sciqlop,12921,get_miss,2.90
sciqlop,12921,get_miss,3.20
sciqlop,12921,get_miss,2.87
sciqlop,12921,get_miss,2.87
sciqlop,12921,get_miss,2.92
sciqlop,12921,get_miss,2.88
sciqlop,19381,set,25.09
sciqlop,19381,set,23.05
sciqlop,19381,set,22.63
sciqlop,19381,set,22.78
sciqlop,19381,set,24.00
sciqlop,19381,set,24.49
sciqlop,19381,set,23.80
sciqlop,19381,set,24.41
sciqlop,19381,set,25.61
sciqlop,19381,set,24.25
sciqlop,19381,set,23.27
sciqlop,19381,set,22.10
sciqlop,19381,set,23.34
sciqlop,19381,set,22.50
sciqlop,19381,set,23.53
sciqlop,19381,set,22.49
sciqlop,19381,set,24.57
sciqlop,19381,set,24.73
sciqlop,19381,set,23.00
sciqlop,19381,set,22.53
sciqlop,19381,set,21.88
sciqlop,19381,set,20.57
sciqlop,19381,set,22.06
sciqlop,19381,set,23.68
sciqlop,19381,set,22.96
sciqlop,19381,set,26.27
sciqlop,19381,set,23.73
sciqlop,19381,set,22.98
sciqlop,19381,set,23.98
sciqlop,19381,set,22.69
sciqlop,19381,set,22.83
sciqlop,19381,set,22.92
sciqlop,19381,set,23.48
sciqlop,19381,set,24.06
sciqlop,19381,set,41.53
sciqlop,19381,set,22.94
sciqlop,19381,set,22.68
sciqlop,19381,set,23.34
sciqlop,19381,set,23.40
sciqlop,19381,set,22.28
sciqlop,19381,set,23.34
sciqlop,19381,set,24.09
sciqlop,19381,set,23.85
sciqlop,19381,set,23.32
sciqlop,19381,set,23.89
sciqlop,19381,set,22.06
sciqlop,19381,set,23.13
sciqlop,19381,set,23.53
sciqlop,19381,set,21.97
sciqlop,19381,set,24.47
sciqlop,19381,get_hit,7.61
sciqlop,19381,get_hit,4.64
sciqlop,19381,get_hit,4.61
sciqlop,19381,get_hit,4.56
sciqlop,19381,get_hit,4.72
sciqlop,19381,get_hit,5.01
sciqlop,19381,get_hit,5.04
sciqlop,19381,get_hit,5.88
sciqlop,19381,get_hit,5.60
sciqlop,19381,get_hit,5.07
sciqlop,19381,get_hit,4.50
sciqlop,19381,get_hit,4.19
sciqlop,19381,get_hit,4.30
sciqlop,19381,get_hit,4.32
sciqlop,19381,get_hit,4.18
sciqlop,19381,get_hit,4.20
sciqlop,19381,get_hit,4.24
sciqlop,19381,get_hit,4.22
sciqlop,19381,get_hit,4.59
sciqlop,19381,get_hit,4.23
sciqlop,19381,get_hit,4.19
sciqlop,19381,get_hit,4.17
sciqlop,19381,get_hit,4.22
sciqlop,19381,get_hit,4.19
sciqlop,19381,get_hit,4.18
sciqlop,19381,get_hit,4.18
sciqlop,19381,get_hit,4.19
sciqlop,19381,get_hit,4.18
sciqlop,19381,get_hit,4.21
sciqlop,19381,get_hit,4.23
sciqlop,19381,get_hit,4.26
sciqlop,19381,get_hit,4.19
sciqlop,19381,get_hit,4.23
sciqlop,19381,get_hit,4.23
sciqlop,19381,get_hit,4.39
sciqlop,19381,get_hit,4.17
sciqlop,19381,get_hit,4.20
sciqlop,19381,get_hit,4.22
sciqlop,19381,get_hit,4.26
sciqlop,19381,get_hit,4.24
sciqlop,19381,get_hit,4.24
sciqlop,19381,get_hit,4.48
sciqlop,19381,get_hit,4.23
sciqlop,19381,get_hit,4.19
sciqlop,19381,get_hit,4.15
sciqlop,19381,get_hit,4.19
sciqlop,19381,get_hit,4.27
sciqlop,19381,get_hit,4.16
sciqlop,19381,get_hit,4.18
sciqlop,19381,get_hit,4.46
sciqlop,19381,get_miss,2.98
sciqlop,19381,get_miss,2.88
sciqlop,19381,get_miss,2.82
sciqlop,19381,get_miss,2.83
sciqlop,19381,get_miss,2.82
sciqlop,19381,get_miss,2.84
sciqlop,19381,get_miss,2.82
sciqlop,19381,get_miss,2.84
sciqlop,19381,get_miss,2.82
sciqlop,19381,get_miss,3.11
sciqlop,19381,get_miss,2.84
sciqlop,19381,get_miss,2.83
sciqlop,19381,get_miss,2.89
sciqlop,19381,get_miss,2.86
sciqlop,19381,get_miss,2.97
sciqlop,19381,get_miss,2.94
sciqlop,19381,get_miss,2.93
sciqlop,19381,get_miss,2.86
sciqlop,19381,get_miss,2.88
sciqlop,19381,get_miss,3.17
sciqlop,19381,get_miss,2.87
sciqlop,19381,get_miss,2.91
sciqlop,19381,get_miss,2.87
sciqlop,19381,get_miss,2.88
sciqlop,19381,get_miss,2.86
sciqlop,19381,get_miss,2.84
sciqlop,19381,get_miss,2.84
sciqlop,19381,get_miss,2.84
sciqlop,19381,get_miss,2.85
sciqlop,19381,get_miss,2.85
sciqlop,19381,get_miss,2.88
sciqlop,19381,get_miss,2.86
sciqlop,19381,get_miss,2.86
sciqlop,19381,get_miss,2.89
sciqlop,19381,get_miss,2.90
sciqlop,19381,get_miss,2.84
sciqlop,19381,get_miss,2.84
sciqlop,19381,get_miss,2.84
sciqlop,19381,get_miss,2.85
sciqlop,19381,get_miss,2.85
sciqlop,19381,get_miss,2.96
sciqlop,19381,get_miss,2.85
sciqlop,19381,get_miss,2.91
sciqlop,19381,get_miss,2.84
sciqlop,19381,get_miss,2.86
sciqlop,19381,get_miss,2.86
sciqlop,19381,get_miss,2.86
sciqlop,19381,get_miss,2.90
sciqlop,19381,get_miss,2.83
sciqlop,19381,get_miss,2.84
sciqlop,29071,set,23.96
sciqlop,29071,set,23.30
sciqlop,29071,set,24.33
sciqlop,29071,set,23.90
sciqlop,29071,set,26.80
sciqlop,29071,set,25.02
sciqlop,29071,set,24.41
sciqlop,29071,set,25.26
sciqlop,29071,set,23.39
sciqlop,29071,set,24.04
sciqlop,29071,set,25.13
sciqlop,29071,set,23.75
sciqlop,29071,set,25.70
sciqlop,29071,set,39.16
sciqlop,29071,set,23.68
sciqlop,29071,set,21.84
sciqlop,29071,set,24.73
sciqlop,29071,set,23.12
sciqlop,29071,set,24.13
sciqlop,29071,set,23.08
sciqlop,29071,set,24.64
sciqlop,29071,set,20.10
sciqlop,29071,set,22.40
sciqlop,29071,set,23.18
sciqlop,29071,set,22.64
sciqlop,29071,set,23.86
sciqlop,29071,set,23.37
sciqlop,29071,set,23.67
sciqlop,29071,set,26.53
sciqlop,29071,set,22.97
sciqlop,29071,set,22.60
sciqlop,29071,set,23.67
sciqlop,29071,set,22.82
sciqlop,29071,set,23.40
sciqlop,29071,set,24.12
sciqlop,29071,set,24.79
sciqlop,29071,set,25.69
sciqlop,29071,set,23.85
sciqlop,29071,set,23.91
sciqlop,29071,set,22.09
sciqlop,29071,set,23.86
sciqlop,29071,set,23.89
sciqlop,29071,set,22.70
sciqlop,29071,set,23.93
sciqlop,29071,set,26.07
sciqlop,29071,set,23.55
sciqlop,29071,set,24.04
sciqlop,29071,set,23.51
sciqlop,29071,set,22.75
sciqlop,29071,set,24.62
sciqlop,29071,get_hit,16.47
sciqlop,29071,get_hit,7.76
sciqlop,29071,get_hit,4.74
sciqlop,29071,get_hit,4.75
sciqlop,29071,get_hit,4.83
sciqlop,29071,get_hit,5.13
sciqlop,29071,get_hit,4.74
sciqlop,29071,get_hit,4.76
sciqlop,29071,get_hit,4.83
sciqlop,29071,get_hit,4.72
sciqlop,29071,get_hit,5.79
sciqlop,29071,get_hit,6.09
sciqlop,29071,get_hit,6.11
sciqlop,29071,get_hit,5.73
sciqlop,29071,get_hit,4.94
sciqlop,29071,get_hit,4.35
sciqlop,29071,get_hit,5.08
sciqlop,29071,get_hit,4.25
sciqlop,29071,get_hit,4.30
sciqlop,29071,get_hit,4.49
sciqlop,29071,get_hit,4.38
sciqlop,29071,get_hit,4.41
sciqlop,29071,get_hit,4.42
sciqlop,29071,get_hit,4.24
sciqlop,29071,get_hit,4.26
sciqlop,29071,get_hit,4.35
sciqlop,29071,get_hit,4.53
sciqlop,29071,get_hit,4.31
sciqlop,29071,get_hit,4.38
sciqlop,29071,get_hit,4.26
sciqlop,29071,get_hit,4.69
sciqlop,29071,get_hit,4.26
sciqlop,29071,get_hit,4.28
sciqlop,29071,get_hit,4.27
sciqlop,29071,get_hit,4.63
sciqlop,29071,get_hit,4.31
sciqlop,29071,get_hit,4.25
sciqlop,29071,get_hit,4.32
sciqlop,29071,get_hit,4.36
sciqlop,29071,get_hit,4.28
sciqlop,29071,get_hit,4.37
sciqlop,29071,get_hit,4.21
sciqlop,29071,get_hit,4.32
sciqlop,29071,get_hit,4.30
sciqlop,29071,get_hit,4.30
sciqlop,29071,get_hit,4.38
sciqlop,29071,get_hit,4.61
sciqlop,29071,get_hit,4.23
sciqlop,29071,get_hit,4.17
sciqlop,29071,get_hit,4.60
sciqlop,29071,get_miss,2.97
sciqlop,29071,get_miss,2.85
sciqlop,29071,get_miss,2.82
sciqlop,29071,get_miss,2.83
sciqlop,29071,get_miss,2.82
sciqlop,29071,get_miss,2.87
sciqlop,29071,get_miss,2.89
sciqlop,29071,get_miss,2.90
sciqlop,29071,get_miss,2.83
sciqlop,29071,get_miss,3.16
sciqlop,29071,get_miss,2.86
sciqlop,29071,get_miss,2.82
sciqlop,29071,get_miss,2.86
sciqlop,29071,get_miss,2.85
sciqlop,29071,get_miss,2.92
sciqlop,29071,get_miss,2.89
sciqlop,29071,get_miss,2.93
sciqlop,29071,get_miss,2.89
sciqlop,29071,get_miss,2.92
sciqlop,29071,get_miss,3.21
sciqlop,29071,get_miss,2.86
sciqlop,29071,get_miss,2.89
sciqlop,29071,get_miss,2.92
sciqlop,29071,get_miss,2.89
sciqlop,29071,get_miss,2.94
sciqlop,29071,get_miss,2.92
sciqlop,29071,get_miss,2.88
sciqlop,29071,get_miss,2.89
sciqlop,29071,get_miss,2.88
sciqlop,29071,get_miss,3.16
sciqlop,29071,get_miss,2.89
sciqlop,29071,get_miss,2.86
sciqlop,29071,get_miss,2.88
sciqlop,29071,get_miss,2.87
sciqlop,29071,get_miss,2.85
sciqlop,29071,get_miss,2.87
sciqlop,29071,get_miss,2.83
sciqlop,29071,get_miss,2.86
sciqlop,29071,get_miss,2.88
sciqlop,29071,get_miss,2.85
sciqlop,29071,get_miss,2.98
sciqlop,29071,get_miss,2.88
sciqlop,29071,get_miss,2.89
sciqlop,29071,get_miss,2.88
sciqlop,29071,get_miss,2.88
sciqlop,29071,get_miss,2.87
sciqlop,29071,get_miss,2.85
sciqlop,29071,get_miss,3.20
sciqlop,29071,get_miss,2.83
sciqlop,29071,get_miss,2.88
sciqlop,43606,set,23.32
sciqlop,43606,set,23.67
sciqlop,43606,set,25.08
sciqlop,43606,set,24.22
sciqlop,43606,set,42.71
sciqlop,43606,set,26.51
sciqlop,43606,set,23.70
sciqlop,43606,set,24.17
sciqlop,43606,set,22.18
sciqlop,43606,set,23.15
sciqlop,43606,set,24.02
sciqlop,43606,set,22.42
sciqlop,43606,set,23.65
sciqlop,43606,set,25.37
sciqlop,43606,set,23.04
sciqlop,43606,set,22.25
sciqlop,43606,set,24.79
sciqlop,43606,set,23.07
sciqlop,43606,set,23.83
sciqlop,43606,set,23.34
sciqlop,43606,set,24.04
sciqlop,43606,set,21.72
sciqlop,43606,set,24.58
sciqlop,43606,set,23.55
sciqlop,43606,set,23.18
sciqlop,43606,set,23.25
sciqlop,43606,set,24.51
sciqlop,43606,set,23.56
sciqlop,43606,set,25.61
sciqlop,43606,set,23.92
sciqlop,43606,set,24.82
sciqlop,43606,set,24.18
sciqlop,43606,set,22.66
sciqlop,43606,set,22.97
sciqlop,43606,set,24.39
sciqlop,43606,set,24.79
sciqlop,43606,set,23.63
sciqlop,43606,set,24.95
sciqlop,43606,set,26.29
sciqlop,43606,set,23.42
sciqlop,43606,set,24.46
sciqlop,43606,set,24.22
sciqlop,43606,set,23.47
sciqlop,43606,set,24.98
sciqlop,43606,set,25.78
sciqlop,43606,set,23.82
sciqlop,43606,set,44.47
sciqlop,43606,set,23.46
sciqlop,43606,set,21.42
sciqlop,43606,set,24.76
sciqlop,43606,get_hit,7.17
sciqlop,43606,get_hit,7.67
sciqlop,43606,get_hit,5.66
sciqlop,43606,get_hit,4.71
sciqlop,43606,get_hit,4.70
sciqlop,43606,get_hit,4.76
sciqlop,43606,get_hit,4.67
sciqlop,43606,get_hit,4.58
sciqlop,43606,get_hit,4.55
sciqlop,43606,get_hit,4.59
sciqlop,43606,get_hit,4.60
sciqlop,43606,get_hit,4.81
sciqlop,43606,get_hit,4.75
sciqlop,43606,get_hit,4.61
sciqlop,43606,get_hit,5.18
sciqlop,43606,get_hit,6.04
sciqlop,43606,get_hit,5.72
sciqlop,43606,get_hit,6.02
sciqlop,43606,get_hit,5.82
sciqlop,43606,get_hit,5.62
sciqlop,43606,get_hit,5.84
sciqlop,43606,get_hit,5.14
sciqlop,43606,get_hit,4.25
sciqlop,43606,get_hit,4.24
sciqlop,43606,get_hit,4.51
sciqlop,43606,get_hit,4.20
sciqlop,43606,get_hit,4.16
sciqlop,43606,get_hit,4.25
sciqlop,43606,get_hit,4.23
sciqlop,43606,get_hit,4.23
sciqlop,43606,get_hit,4.21
sciqlop,43606,get_hit,4.19
sciqlop,43606,get_hit,4.54
sciqlop,43606,get_hit,4.23
sciqlop,43606,get_hit,4.21
sciqlop,43606,get_hit,4.19
sciqlop,43606,get_hit,4.17
sciqlop,43606,get_hit,4.31
sciqlop,43606,get_hit,4.26
sciqlop,43606,get_hit,4.26
sciqlop,43606,get_hit,4.70
sciqlop,43606,get_hit,4.20
sciqlop,43606,get_hit,4.25
sciqlop,43606,get_hit,4.24
sciqlop,43606,get_hit,4.23
sciqlop,43606,get_hit,4.24
sciqlop,43606,get_hit,4.32
sciqlop,43606,get_hit,4.27
sciqlop,43606,get_hit,4.62
sciqlop,43606,get_hit,4.23
sciqlop,43606,get_miss,2.98
sciqlop,43606,get_miss,2.96
sciqlop,43606,get_miss,2.85
sciqlop,43606,get_miss,2.86
sciqlop,43606,get_miss,2.87
sciqlop,43606,get_miss,2.88
sciqlop,43606,get_miss,2.94
sciqlop,43606,get_miss,3.22
sciqlop,43606,get_miss,2.89
sciqlop,43606,get_miss,2.89
sciqlop,43606,get_miss,2.94
sciqlop,43606,get_miss,2.90
sciqlop,43606,get_miss,2.91
sciqlop,43606,get_miss,2.93
sciqlop,43606,get_miss,2.96
sciqlop,43606,get_miss,2.93
sciqlop,43606,get_miss,2.95
sciqlop,43606,get_miss,3.18
sciqlop,43606,get_miss,2.91
sciqlop,43606,get_miss,2.93
sciqlop,43606,get_miss,2.90
sciqlop,43606,get_miss,2.90
sciqlop,43606,get_miss,2.93
sciqlop,43606,get_miss,2.92
sciqlop,43606,get_miss,2.98
sciqlop,43606,get_miss,2.87
sciqlop,43606,get_miss,2.94
sciqlop,43606,get_miss,3.10
sciqlop,43606,get_miss,2.95
sciqlop,43606,get_miss,2.97
sciqlop,43606,get_miss,2.94
sciqlop,43606,get_miss,2.93
sciqlop,43606,get_miss,2.88
sciqlop,43606,get_miss,2.95
sciqlop,43606,get_miss,2.91
sciqlop,43606,get_miss,2.90
sciqlop,43606,get_miss,2.92
sciqlop,43606,get_miss,3.48
sciqlop,43606,get_miss,2.93
sciqlop,43606,get_miss,2.94
sciqlop,43606,get_miss,2.95
sciqlop,43606,get_miss,2.88
sciqlop,43606,get_miss,2.90
sciqlop,43606,get_miss,2.97
sciqlop,43606,get_miss,2.90
sciqlop,43606,get_miss,2.94
sciqlop,43606,get_miss,2.88
sciqlop,43606,get_miss,3.17
sciqlop,43606,get_miss,3.75
sciqlop,43606,get_miss,3.79
sciqlop,65409,set,24.08
sciqlop,65409,set,24.55
sciqlop,65409,set,23.72
sciqlop,65409,set,26.08
sciqlop,65409,set,25.05
sciqlop,65409,set,24.90
sciqlop,65409,set,25.26
sciqlop,65409,set,24.75
sciqlop,65409,set,23.76
sciqlop,65409,set,23.67
sciqlop,65409,set,25.44
sciqlop,65409,set,23.82
sciqlop,65409,set,41.11
sciqlop,65409,set,22.76
sciqlop,65409,set,23.52
sciqlop,65409,set,21.32
sciqlop,65409,set,25.75
sciqlop,65409,set,22.67
sciqlop,65409,set,23.72
sciqlop,65409,set,23.68
sciqlop,65409,set,23.26
sciqlop,65409,set,20.11
sciqlop,65409,set,23.11
sciqlop,65409,set,23.18
sciqlop,65409,set,22.57
sciqlop,65409,set,23.75
sciqlop,65409,set,23.79
sciqlop,65409,set,22.73
sciqlop,65409,set,27.73
sciqlop,65409,set,22.50
sciqlop,65409,set,22.83
sciqlop,65409,set,24.14
sciqlop,65409,set,23.27
sciqlop,65409,set,22.85
sciqlop,65409,set,25.47
sciqlop,65409,set,24.33
sciqlop,65409,set,25.31
sciqlop,65409,set,23.95
sciqlop,65409,set,23.30
sciqlop,65409,set,24.20
sciqlop,65409,set,24.28
sciqlop,65409,set,25.26
sciqlop,65409,set,22.15
sciqlop,65409,set,25.47
sciqlop,65409,set,26.82
sciqlop,65409,set,23.31
sciqlop,65409,set,25.33
sciqlop,65409,set,23.90
sciqlop,65409,set,22.82
sciqlop,65409,set,25.19
sciqlop,65409,get_hit,7.38
sciqlop,65409,get_hit,5.60
sciqlop,65409,get_hit,10.73
sciqlop,65409,get_hit,6.14
sciqlop,65409,get_hit,5.14
sciqlop,65409,get_hit,4.88
sciqlop,65409,get_hit,5.17
sciqlop,65409,get_hit,5.14
sciqlop,65409,get_hit,5.08
sciqlop,65409,get_hit,4.78
sciqlop,65409,get_hit,4.77
sciqlop,65409,get_hit,4.78
sciqlop,65409,get_hit,4.99
sciqlop,65409,get_hit,5.15
sciqlop,65409,get_hit,4.90
sciqlop,65409,get_hit,4.88
sciqlop,65409,get_hit,4.82
sciqlop,65409,get_hit,4.75
sciqlop,65409,get_hit,4.81
sciqlop,65409,get_hit,4.89
sciqlop,65409,get_hit,5.11
sciqlop,65409,get_hit,5.21
sciqlop,65409,get_hit,5.86
sciqlop,65409,get_hit,6.69
sciqlop,65409,get_hit,6.96
sciqlop,65409,get_hit,6.75
sciqlop,65409,get_hit,6.06
sciqlop,65409,get_hit,5.88
sciqlop,65409,get_hit,5.98
sciqlop,65409,get_hit,6.20
sciqlop,65409,get_hit,5.87
sciqlop,65409,get_hit,5.94
sciqlop,65409,get_hit,5.31
sciqlop,65409,get_hit,4.68
sciqlop,65409,get_hit,4.46
sciqlop,65409,get_hit,4.33
sciqlop,65409,get_hit,4.35
sciqlop,65409,get_hit,4.39
sciqlop,65409,get_hit,4.53
sciqlop,65409,get_hit,4.45
sciqlop,65409,get_hit,4.98
sciqlop,65409,get_hit,4.45
sciqlop,65409,get_hit,4.48
sciqlop,65409,get_hit,4.72
sciqlop,65409,get_hit,4.51
sciqlop,65409,get_hit,4.63
sciqlop,65409,get_hit,4.95
sciqlop,65409,get_hit,4.68
sciqlop,65409,get_hit,4.43
sciqlop,65409,get_hit,4.40
sciqlop,65409,get_miss,3.00
sciqlop,65409,get_miss,2.97
sciqlop,65409,get_miss,2.92
sciqlop,65409,get_miss,2.91
sciqlop,65409,get_miss,2.92
sciqlop,65409,get_miss,2.93
sciqlop,65409,get_miss,2.92
sciqlop,65409,get_miss,3.12
sciqlop,65409,get_miss,2.91
sciqlop,65409,get_miss,2.94
sciqlop,65409,get_miss,2.92
sciqlop,65409,get_miss,2.91
sciqlop,65409,get_miss,2.94
sciqlop,65409,get_miss,3.03
sciqlop,65409,get_miss,3.02
sciqlop,65409,get_miss,3.02
sciqlop,65409,get_miss,3.00
sciqlop,65409,get_miss,3.07
sciqlop,65409,get_miss,2.99
sciqlop,65409,get_miss,3.09
sciqlop,65409,get_miss,3.05
sciqlop,65409,get_miss,2.96
sciqlop,65409,get_miss,2.95
sciqlop,65409,get_miss,2.92
sciqlop,65409,get_miss,2.94
sciqlop,65409,get_miss,3.03
sciqlop,65409,get_miss,2.94
sciqlop,65409,get_miss,3.36
sciqlop,65409,get_miss,3.04
sciqlop,65409,get_miss,2.96
sciqlop,65409,get_miss,2.97
sciqlop,65409,get_miss,2.95
sciqlop,65409,get_miss,2.98
sciqlop,65409,get_miss,2.98
sciqlop,65409,get_miss,2.96
sciqlop,65409,get_miss,2.95
sciqlop,65409,get_miss,3.21
sciqlop,65409,get_miss,2.98
sciqlop,65409,get_miss,2.93
sciqlop,65409,get_miss,2.96
sciqlop,65409,get_miss,2.96
sciqlop,65409,get_miss,2.92
sciqlop,65409,get_miss,2.97
sciqlop,65409,get_miss,2.95
sciqlop,65409,get_miss,2.95
sciqlop,65409,get_miss,3.04
sciqlop,65409,get_miss,3.24
sciqlop,65409,get_miss,2.97
sciqlop,65409,get_miss,2.95
sciqlop,65409,get_miss,2.96
sciqlop,98113,set,23.25
sciqlop,98113,set,24.15
sciqlop,98113,set,23.56
sciqlop,98113,set,24.25
sciqlop,98113,set,27.40
sciqlop,98113,set,26.29
sciqlop,98113,set,25.69
sciqlop,98113,set,25.23
sciqlop,98113,set,22.70
sciqlop,98113,set,24.41
sciqlop,98113,set,26.17
sciqlop,98113,set,23.50
sciqlop,98113,set,24.57
sciqlop,98113,set,26.13
sciqlop,98113,set,24.52
sciqlop,98113,set,22.65
sciqlop,98113,set,27.21
sciqlop,98113,set,23.25
sciqlop,98113,set,24.55
sciqlop,98113,set,23.79
sciqlop,98113,set,25.51
sciqlop,98113,set,22.92
sciqlop,98113,set,26.62
sciqlop,98113,set,24.97
sciqlop,98113,set,25.35
sciqlop,98113,set,27.04
sciqlop,98113,set,24.45
sciqlop,98113,set,24.73
sciqlop,98113,set,28.90
sciqlop,98113,set,26.14
sciqlop,98113,set,49.75
sciqlop,98113,set,27.83
sciqlop,98113,set,24.49
sciqlop,98113,set,23.63
sciqlop,98113,set,27.98
sciqlop,98113,set,24.60
sciqlop,98113,set,24.56
sciqlop,98113,set,28.42
sciqlop,98113,set,24.19
sciqlop,98113,set,23.36
sciqlop,98113,set,26.00
sciqlop,98113,set,24.03
sciqlop,98113,set,23.64
sciqlop,98113,set,25.60
sciqlop,98113,set,25.49
sciqlop,98113,set,26.20
sciqlop,98113,set,26.61
sciqlop,98113,set,24.68
sciqlop,98113,set,22.58
sciqlop,98113,set,26.64
sciqlop,98113,get_hit,7.57
sciqlop,98113,get_hit,5.12
sciqlop,98113,get_hit,5.15
sciqlop,98113,get_hit,10.09
sciqlop,98113,get_hit,11.09
sciqlop,98113,get_hit,5.09
sciqlop,98113,get_hit,4.66
sciqlop,98113,get_hit,4.62
sciqlop,98113,get_hit,5.04
sciqlop,98113,get_hit,4.67
sciqlop,98113,get_hit,4.71
sciqlop,98113,get_hit,4.61
sciqlop,98113,get_hit,4.66
sciqlop,98113,get_hit,4.63
sciqlop,98113,get_hit,4.66
sciqlop,98113,get_hit,4.94
sciqlop,98113,get_hit,4.62
sciqlop,98113,get_hit,4.60
sciqlop,98113,get_hit,4.53
sciqlop,98113,get_hit,4.61
sciqlop,98113,get_hit,4.67
sciqlop,98113,get_hit,4.61
sciqlop,98113,get_hit,4.66
sciqlop,98113,get_hit,4.83
sciqlop,98113,get_hit,4.73
sciqlop,98113,get_hit,4.77
sciqlop,98113,get_hit,4.61
sciqlop,98113,get_hit,4.66
sciqlop,98113,get_hit,4.63
sciqlop,98113,get_hit,4.68
sciqlop,98113,get_hit,4.82
sciqlop,98113,get_hit,4.60
sciqlop,98113,get_hit,4.83
sciqlop,98113,get_hit,5.73
sciqlop,98113,get_hit,5.77
sciqlop,98113,get_hit,5.90
sciqlop,98113,get_hit,5.83
sciqlop,98113,get_hit,6.11
sciqlop,98113,get_hit,6.06
sciqlop,98113,get_hit,5.90
sciqlop,98113,get_hit,6.07
sciqlop,98113,get_hit,5.75
sciqlop,98113,get_hit,5.84
sciqlop,98113,get_hit,6.22
sciqlop,98113,get_hit,5.92
sciqlop,98113,get_hit,5.67
sciqlop,98113,get_hit,6.04
sciqlop,98113,get_hit,5.95
sciqlop,98113,get_hit,6.04
sciqlop,98113,get_hit,4.45
sciqlop,98113,get_miss,3.01
sciqlop,98113,get_miss,2.95
sciqlop,98113,get_miss,2.90
sciqlop,98113,get_miss,2.95
sciqlop,98113,get_miss,2.95
sciqlop,98113,get_miss,3.00
sciqlop,98113,get_miss,2.95
sciqlop,98113,get_miss,2.92
sciqlop,98113,get_miss,3.17
sciqlop,98113,get_miss,2.94
sciqlop,98113,get_miss,2.94
sciqlop,98113,get_miss,2.97
sciqlop,98113,get_miss,2.96
sciqlop,98113,get_miss,2.96
sciqlop,98113,get_miss,2.98
sciqlop,98113,get_miss,2.98
sciqlop,98113,get_miss,2.95
sciqlop,98113,get_miss,3.00
sciqlop,98113,get_miss,3.34
sciqlop,98113,get_miss,3.05
sciqlop,98113,get_miss,2.93
sciqlop,98113,get_miss,2.93
sciqlop,98113,get_miss,2.99
sciqlop,98113,get_miss,2.93
sciqlop,98113,get_miss,2.95
sciqlop,98113,get_miss,3.00
sciqlop,98113,get_miss,2.97
sciqlop,98113,get_miss,2.93
sciqlop,98113,get_miss,3.16
sciqlop,98113,get_miss,3.10
sciqlop,98113,get_miss,2.94
sciqlop,98113,get_miss,2.96
sciqlop,98113,get_miss,2.92
sciqlop,98113,get_miss,2.97
sciqlop,98113,get_miss,2.97
sciqlop,98113,get_miss,2.93
sciqlop,98113,get_miss,2.93
sciqlop,98113,get_miss,2.96
sciqlop,98113,get_miss,3.25
sciqlop,98113,get_miss,3.02
sciqlop,98113,get_miss,2.98
sciqlop,98113,get_miss,2.94
sciqlop,98113,get_miss,2.96
sciqlop,98113,get_miss,2.95
sciqlop,98113,get_miss,2.98
sciqlop,98113,get_miss,2.96
sciqlop,98113,get_miss,3.03
sciqlop,98113,get_miss,2.94
sciqlop,98113,get_miss,3.15
sciqlop,98113,get_miss,2.97
sciqlop,147169,set,30.65
sciqlop,147169,set,24.13
sciqlop,147169,set,23.63
sciqlop,147169,set,22.91
sciqlop,147169,set,26.63
sciqlop,147169,set,27.36
sciqlop,147169,set,24.04
sciqlop,147169,set,23.86
sciqlop,147169,set,24.74
sciqlop,147169,set,26.58
sciqlop,147169,set,23.38
sciqlop,147169,set,22.56
sciqlop,147169,set,23.89
sciqlop,147169,set,24.63
sciqlop,147169,set,24.43
sciqlop,147169,set,25.75
sciqlop,147169,set,23.33
sciqlop,147169,set,24.86
sciqlop,147169,set,25.27
sciqlop,147169,set,24.83
sciqlop,147169,set,25.64
sciqlop,147169,set,25.37
sciqlop,147169,set,24.65
sciqlop,147169,set,22.19
sciqlop,147169,set,24.64
sciqlop,147169,set,27.59
sciqlop,147169,set,22.05
sciqlop,147169,set,23.87
sciqlop,147169,set,26.39
sciqlop,147169,set,22.08
sciqlop,147169,set,24.14
sciqlop,147169,set,26.28
sciqlop,147169,set,22.94
sciqlop,147169,set,26.00
sciqlop,147169,set,23.37
sciqlop,147169,set,27.27
sciqlop,147169,set,43.21
sciqlop,147169,set,22.20
sciqlop,147169,set,25.88
sciqlop,147169,set,23.46
sciqlop,147169,set,23.28
sciqlop,147169,set,27.31
sciqlop,147169,set,23.22
sciqlop,147169,set,22.98
sciqlop,147169,set,25.43
sciqlop,147169,set,24.12
sciqlop,147169,set,23.75
sciqlop,147169,set,25.59
sciqlop,147169,set,23.29
sciqlop,147169,set,29.02
sciqlop,147169,get_hit,8.56
sciqlop,147169,get_hit,5.10
sciqlop,147169,get_hit,5.06
sciqlop,147169,get_hit,5.05
sciqlop,147169,get_hit,5.65
sciqlop,147169,get_hit,10.57
sciqlop,147169,get_hit,11.40
sciqlop,147169,get_hit,7.12
sciqlop,147169,get_hit,4.64
sciqlop,147169,get_hit,4.90
sciqlop,147169,get_hit,4.54
sciqlop,147169,get_hit,4.52
sciqlop,147169,get_hit,4.59
sciqlop,147169,get_hit,4.62
sciqlop,147169,get_hit,4.61
sciqlop,147169,get_hit,4.59
sciqlop,147169,get_hit,4.87
sciqlop,147169,get_hit,4.61
sciqlop,147169,get_hit,4.58
sciqlop,147169,get_hit,4.64
sciqlop,147169,get_hit,4.63
sciqlop,147169,get_hit,4.55
sciqlop,147169,get_hit,4.56
sciqlop,147169,get_hit,4.53
sciqlop,147169,get_hit,4.81
sciqlop,147169,get_hit,4.56
sciqlop,147169,get_hit,4.59
sciqlop,147169,get_hit,4.60
sciqlop,147169,get_hit,4.54
sciqlop,147169,get_hit,4.64
sciqlop,147169,get_hit,4.53
sciqlop,147169,get_hit,4.86
sciqlop,147169,get_hit,4.51
sciqlop,147169,get_hit,4.53
sciqlop,147169,get_hit,4.53
sciqlop,147169,get_hit,4.60
sciqlop,147169,get_hit,4.63
sciqlop,147169,get_hit,4.74
sciqlop,147169,get_hit,4.59
sciqlop,147169,get_hit,4.57
sciqlop,147169,get_hit,4.55
sciqlop,147169,get_hit,4.57
sciqlop,147169,get_hit,4.57
sciqlop,147169,get_hit,4.56
sciqlop,147169,get_hit,4.65
sciqlop,147169,get_hit,4.55
sciqlop,147169,get_hit,4.82
sciqlop,147169,get_hit,4.52
sciqlop,147169,get_hit,4.61
sciqlop,147169,get_hit,6.03
sciqlop,147169,get_miss,2.93
sciqlop,147169,get_miss,2.85
sciqlop,147169,get_miss,2.87
sciqlop,147169,get_miss,2.91
sciqlop,147169,get_miss,2.86
sciqlop,147169,get_miss,2.94
sciqlop,147169,get_miss,2.91
sciqlop,147169,get_miss,2.95
sciqlop,147169,get_miss,2.87
sciqlop,147169,get_miss,2.91
sciqlop,147169,get_miss,2.87
sciqlop,147169,get_miss,2.89
sciqlop,147169,get_miss,2.92
sciqlop,147169,get_miss,2.99
sciqlop,147169,get_miss,3.02
sciqlop,147169,get_miss,3.31
sciqlop,147169,get_miss,2.95
sciqlop,147169,get_miss,2.91
sciqlop,147169,get_miss,2.91
sciqlop,147169,get_miss,3.00
sciqlop,147169,get_miss,2.95
sciqlop,147169,get_miss,2.93
sciqlop,147169,get_miss,2.88
sciqlop,147169,get_miss,2.96
sciqlop,147169,get_miss,2.88
sciqlop,147169,get_miss,2.91
sciqlop,147169,get_miss,2.99
sciqlop,147169,get_miss,2.91
sciqlop,147169,get_miss,2.89
sciqlop,147169,get_miss,2.86
sciqlop,147169,get_miss,2.86
sciqlop,147169,get_miss,2.99
sciqlop,147169,get_miss,2.92
sciqlop,147169,get_miss,2.90
sciqlop,147169,get_miss,2.89
sciqlop,147169,get_miss,2.91
sciqlop,147169,get_miss,2.86
sciqlop,147169,get_miss,2.91
sciqlop,147169,get_miss,3.03
sciqlop,147169,get_miss,2.93
sciqlop,147169,get_miss,2.92
sciqlop,147169,get_miss,2.92
sciqlop,147169,get_miss,2.88
sciqlop,147169,get_miss,2.91
sciqlop,147169,get_miss,2.89
sciqlop,147169,get_miss,2.95
sciqlop,147169,get_miss,2.93
sciqlop,147169,get_miss,2.97
sciqlop,147169,get_miss,2.94
sciqlop,147169,get_miss,2.87
sciqlop,220753,set,26.54
sciqlop,220753,set,40.74
sciqlop,220753,set,22.47
sciqlop,220753,set,22.49
sciqlop,220753,set,25.53
sciqlop,220753,set,27.46
sciqlop,220753,set,22.81
sciqlop,220753,set,25.03
sciqlop,220753,set,25.06
sciqlop,220753,set,25.67
sciqlop,220753,set,24.22
sciqlop,220753,set,22.79
sciqlop,220753,set,23.92
sciqlop,220753,set,24.56
sciqlop,220753,set,24.42
sciqlop,220753,set,25.41
sciqlop,220753,set,25.21
sciqlop,220753,set,22.45
sciqlop,220753,set,25.62
sciqlop,220753,set,24.45
sciqlop,220753,set,25.08
sciqlop,220753,set,26.26
sciqlop,220753,set,24.34
sciqlop,220753,set,22.63
sciqlop,220753,set,25.53
sciqlop,220753,set,27.22
sciqlop,220753,set,22.53
sciqlop,220753,set,25.08
sciqlop,220753,set,26.40
sciqlop,220753,set,23.55
sciqlop,220753,set,24.86
sciqlop,220753,set,26.42
sciqlop,220753,set,24.38
sciqlop,220753,set,24.92
sciqlop,220753,set,22.97
sciqlop,220753,set,25.55
sciqlop,220753,set,24.89
sciqlop,220753,set,23.77
sciqlop,220753,set,25.44
sciqlop,220753,set,23.86
sciqlop,220753,set,22.95
sciqlop,220753,set,28.21
sciqlop,220753,set,39.02
sciqlop,220753,set,22.81
sciqlop,220753,set,24.90
sciqlop,220753,set,24.32
sciqlop,220753,set,23.56
sciqlop,220753,set,25.69
sciqlop,220753,set,23.68
sciqlop,220753,set,28.07
sciqlop,220753,get_hit,10.47
sciqlop,220753,get_hit,6.43
sciqlop,220753,get_hit,5.02
sciqlop,220753,get_hit,5.01
sciqlop,220753,get_hit,5.16
sciqlop,220753,get_hit,5.12
sciqlop,220753,get_hit,5.29
sciqlop,220753,get_hit,8.45
sciqlop,220753,get_hit,10.52
sciqlop,220753,get_hit,11.11
sciqlop,220753,get_hit,10.29
sciqlop,220753,get_hit,4.97
sciqlop,220753,get_hit,4.58
sciqlop,220753,get_hit,4.63
sciqlop,220753,get_hit,4.52
sciqlop,220753,get_hit,4.65
sciqlop,220753,get_hit,4.61
sciqlop,220753,get_hit,4.51
sciqlop,220753,get_hit,4.91
sciqlop,220753,get_hit,4.57
sciqlop,220753,get_hit,4.57
sciqlop,220753,get_hit,4.59
sciqlop,220753,get_hit,4.60
sciqlop,220753,get_hit,4.66
sciqlop,220753,get_hit,4.48
sciqlop,220753,get_hit,4.80
sciqlop,220753,get_hit,4.54
sciqlop,220753,get_hit,4.54
sciqlop,220753,get_hit,4.55
sciqlop,220753,get_hit,4.57
sciqlop,220753,get_hit,4.52
sciqlop,220753,get_hit,4.54
sciqlop,220753,get_hit,4.50
sciqlop,220753,get_hit,4.69
sciqlop,220753,get_hit,4.60
sciqlop,220753,get_hit,4.64
sciqlop,220753,get_hit,4.59
sciqlop,220753,get_hit,4.68
sciqlop,220753,get_hit,4.58
sciqlop,220753,get_hit,4.52
sciqlop,220753,get_hit,4.82
sciqlop,220753,get_hit,4.58
sciqlop,220753,get_hit,4.56
sciqlop,220753,get_hit,4.53
sciqlop,220753,get_hit,4.52
sciqlop,220753,get_hit,4.60
sciqlop,220753,get_hit,4.56
sciqlop,220753,get_hit,4.50
sciqlop,220753,get_hit,4.68
sciqlop,220753,get_hit,4.57
sciqlop,220753,get_miss,2.94
sciqlop,220753,get_miss,2.87
sciqlop,220753,get_miss,2.87
sciqlop,220753,get_miss,2.87
sciqlop,220753,get_miss,2.87
sciqlop,220753,get_miss,2.86
sciqlop,220753,get_miss,2.91
sciqlop,220753,get_miss,2.95
sciqlop,220753,get_miss,2.95
sciqlop,220753,get_miss,2.93
sciqlop,220753,get_miss,2.94
sciqlop,220753,get_miss,2.87
sciqlop,220753,get_miss,2.93
sciqlop,220753,get_miss,2.90
sciqlop,220753,get_miss,2.96
sciqlop,220753,get_miss,2.90
sciqlop,220753,get_miss,2.95
sciqlop,220753,get_miss,2.96
sciqlop,220753,get_miss,2.92
sciqlop,220753,get_miss,2.98
sciqlop,220753,get_miss,2.89
sciqlop,220753,get_miss,2.90
sciqlop,220753,get_miss,2.88
sciqlop,220753,get_miss,2.87
sciqlop,220753,get_miss,2.90
sciqlop,220753,get_miss,2.88
sciqlop,220753,get_miss,2.90
sciqlop,220753,get_miss,3.16
sciqlop,220753,get_miss,2.90
sciqlop,220753,get_miss,2.88
sciqlop,220753,get_miss,2.88
sciqlop,220753,get_miss,2.98
sciqlop,220753,get_miss,2.89
sciqlop,220753,get_miss,2.98
sciqlop,220753,get_miss,2.88
sciqlop,220753,get_miss,2.87
sciqlop,220753,get_miss,2.88
sciqlop,220753,get_miss,3.14
sciqlop,220753,get_miss,2.88
sciqlop,220753,get_miss,2.90
sciqlop,220753,get_miss,2.93
sciqlop,220753,get_miss,2.88
sciqlop,220753,get_miss,2.95
sciqlop,220753,get_miss,2.89
sciqlop,220753,get_miss,2.91
sciqlop,220753,get_miss,2.95
sciqlop,220753,get_miss,2.89
sciqlop,220753,get_miss,3.13
sciqlop,220753,get_miss,2.88
sciqlop,220753,get_miss,2.86
sciqlop,331129,set,24.41
sciqlop,331129,set,23.58
sciqlop,331129,set,23.43
sciqlop,331129,set,23.79
sciqlop,331129,set,26.21
sciqlop,331129,set,25.58
sciqlop,331129,set,22.75
sciqlop,331129,set,23.92
sciqlop,331129,set,23.92
sciqlop,331129,set,25.60
sciqlop,331129,set,24.13
sciqlop,331129,set,23.17
sciqlop,331129,set,25.28
sciqlop,331129,set,23.34
sciqlop,331129,set,24.38
sciqlop,331129,set,25.03
sciqlop,331129,set,22.92
sciqlop,331129,set,23.39
sciqlop,331129,set,26.38
sciqlop,331129,set,32.38
sciqlop,331129,set,30.79
sciqlop,331129,set,26.11
sciqlop,331129,set,25.65
sciqlop,331129,set,21.54
sciqlop,331129,set,23.72
sciqlop,331129,set,25.60
sciqlop,331129,set,22.88
sciqlop,331129,set,24.26
sciqlop,331129,set,28.82
sciqlop,331129,set,22.19
sciqlop,331129,set,24.28
sciqlop,331129,set,26.09
sciqlop,331129,set,23.98
sciqlop,331129,set,24.80
sciqlop,331129,set,23.55
sciqlop,331129,set,43.10
sciqlop,331129,set,25.57
sciqlop,331129,set,22.28
sciqlop,331129,set,24.77
sciqlop,331129,set,23.30
sciqlop,331129,set,22.37
sciqlop,331129,set,25.75
sciqlop,331129,set,23.29
sciqlop,331129,set,23.12
sciqlop,331129,set,27.86
sciqlop,331129,set,23.98
sciqlop,331129,set,23.11
sciqlop,331129,set,25.06
sciqlop,331129,set,23.29
sciqlop,331129,set,27.06
sciqlop,331129,get_hit,7.46
sciqlop,331129,get_hit,10.56
sciqlop,331129,get_hit,5.10
sciqlop,331129,get_hit,5.02
sciqlop,331129,get_hit,5.12
sciqlop,331129,get_hit,5.43
sciqlop,331129,get_hit,5.07
sciqlop,331129,get_hit,5.17
sciqlop,331129,get_hit,5.06
sciqlop,331129,get_hit,5.09
sciqlop,331129,get_hit,5.07
sciqlop,331129,get_hit,10.53
sciqlop,331129,get_hit,11.11
sciqlop,331129,get_hit,11.25
sciqlop,331129,get_hit,11.01
sciqlop,331129,get_hit,10.96
sciqlop,331129,get_hit,8.62
sciqlop,331129,get_hit,4.58
sciqlop,331129,get_hit,4.62
sciqlop,331129,get_hit,4.65
sciqlop,331129,get_hit,4.61
sciqlop,331129,get_hit,6.05
sciqlop,331129,get_hit,4.63
sciqlop,331129,get_hit,4.72
sciqlop,331129,get_hit,4.58
sciqlop,331129,get_hit,5.21
sciqlop,331129,get_hit,4.56
sciqlop,331129,get_hit,4.57
sciqlop,331129,get_hit,4.88
sciqlop,331129,get_hit,4.65
sciqlop,331129,get_hit,4.59
sciqlop,331129,get_hit,4.55
sciqlop,331129,get_hit,4.57
sciqlop,331129,get_hit,4.54
sciqlop,331129,get_hit,4.59
sciqlop,331129,get_hit,4.86
sciqlop,331129,get_hit,4.61
sciqlop,331129,get_hit,5.04
sciqlop,331129,get_hit,4.63
sciqlop,331129,get_hit,4.56
sciqlop,331129,get_hit,4.54
sciqlop,331129,get_hit,4.60
sciqlop,331129,get_hit,4.59
sciqlop,331129,get_hit,4.62
sciqlop,331129,get_hit,4.59
sciqlop,331129,get_hit,4.67
sciqlop,331129,get_hit,4.72
sciqlop,331129,get_hit,4.59
sciqlop,331129,get_hit,4.62
sciqlop,331129,get_hit,4.61
sciqlop,331129,get_miss,3.24
sciqlop,331129,get_miss,2.90
sciqlop,331129,get_miss,2.88
sciqlop,331129,get_miss,2.89
sciqlop,331129,get_miss,2.92
sciqlop,331129,get_miss,2.94
sciqlop,331129,get_miss,2.96
sciqlop,331129,get_miss,2.90
sciqlop,331129,get_miss,2.88
sciqlop,331129,get_miss,2.90
sciqlop,331129,get_miss,3.21
sciqlop,331129,get_miss,2.98
sciqlop,331129,get_miss,2.95
sciqlop,331129,get_miss,2.92
sciqlop,331129,get_miss,2.95
sciqlop,331129,get_miss,2.92
sciqlop,331129,get_miss,2.92
sciqlop,331129,get_miss,2.92
sciqlop,331129,get_miss,2.94
sciqlop,331129,get_miss,2.96
sciqlop,331129,get_miss,3.26
sciqlop,331129,get_miss,2.91
sciqlop,331129,get_miss,2.91
sciqlop,331129,get_miss,2.92
sciqlop,331129,get_miss,2.94
sciqlop,331129,get_miss,2.88
sciqlop,331129,get_miss,2.88
sciqlop,331129,get_miss,2.91
sciqlop,331129,get_miss,3.01
sciqlop,331129,get_miss,3.00
sciqlop,331129,get_miss,3.14
sciqlop,331129,get_miss,3.01
sciqlop,331129,get_miss,2.90
sciqlop,331129,get_miss,2.93
sciqlop,331129,get_miss,2.90
sciqlop,331129,get_miss,2.97
sciqlop,331129,get_miss,2.91
sciqlop,331129,get_miss,2.96
sciqlop,331129,get_miss,2.92
sciqlop,331129,get_miss,2.90
sciqlop,331129,get_miss,3.16
sciqlop,331129,get_miss,2.91
sciqlop,331129,get_miss,2.91
sciqlop,331129,get_miss,2.95
sciqlop,331129,get_miss,2.98
sciqlop,331129,get_miss,2.99
sciqlop,331129,get_miss,2.95
sciqlop,331129,get_miss,2.94
sciqlop,331129,get_miss,2.90
sciqlop,331129,get_miss,3.00
sciqlop,496693,set,23.78
sciqlop,496693,set,24.03
sciqlop,496693,set,22.37
sciqlop,496693,set,23.64
sciqlop,496693,set,26.25
sciqlop,496693,set,28.47
sciqlop,496693,set,22.79
sciqlop,496693,set,24.14
sciqlop,496693,set,22.56
sciqlop,496693,set,26.57
sciqlop,496693,set,24.58
sciqlop,496693,set,22.85
sciqlop,496693,set,24.92
sciqlop,496693,set,26.14
sciqlop,496693,set,24.83
sciqlop,496693,set,25.25
sciqlop,496693,set,23.20
sciqlop,496693,set,23.67
sciqlop,496693,set,27.63
sciqlop,496693,set,25.22
sciqlop,496693,set,26.83
sciqlop,496693,set,28.10
sciqlop,496693,set,24.36
sciqlop,496693,set,22.20
sciqlop,496693,set,23.73
sciqlop,496693,set,42.17
sciqlop,496693,set,22.52
sciqlop,496693,set,23.35
sciqlop,496693,set,26.33
sciqlop,496693,set,24.28
sciqlop,496693,set,23.16
sciqlop,496693,set,25.01
sciqlop,496693,set,22.70
sciqlop,496693,set,22.44
sciqlop,496693,set,23.18
sciqlop,496693,set,24.85
sciqlop,496693,set,24.33
sciqlop,496693,set,23.47
sciqlop,496693,set,26.06
sciqlop,496693,set,22.87
sciqlop,496693,set,21.75
sciqlop,496693,set,25.70
sciqlop,496693,set,22.99
sciqlop,496693,set,22.89
sciqlop,496693,set,25.47
sciqlop,496693,set,25.52
sciqlop,496693,set,24.44
sciqlop,496693,set,25.42
sciqlop,496693,set,22.89
sciqlop,496693,set,26.63
sciqlop,496693,get_hit,7.92
sciqlop,496693,get_hit,8.66
sciqlop,496693,get_hit,10.68
sciqlop,496693,get_hit,5.32
sciqlop,496693,get_hit,5.18
sciqlop,496693,get_hit,5.34
sciqlop,496693,get_hit,5.18
sciqlop,496693,get_hit,5.35
sciqlop,496693,get_hit,5.57
sciqlop,496693,get_hit,5.20
sciqlop,496693,get_hit,5.18
sciqlop,496693,get_hit,5.42
sciqlop,496693,get_hit,5.29
sciqlop,496693,get_hit,5.14
sciqlop,496693,get_hit,5.25
sciqlop,496693,get_hit,5.25
sciqlop,496693,get_hit,7.65
sciqlop,496693,get_hit,10.82
sciqlop,496693,get_hit,10.55
sciqlop,496693,get_hit,11.28
sciqlop,496693,get_hit,11.06
sciqlop,496693,get_hit,10.86
sciqlop,496693,get_hit,9.77
sciqlop,496693,get_hit,11.22
sciqlop,496693,get_hit,9.99
sciqlop,496693,get_hit,4.71
sciqlop,496693,get_hit,4.60
sciqlop,496693,get_hit,4.66
sciqlop,496693,get_hit,4.67
sciqlop,496693,get_hit,4.98
sciqlop,496693,get_hit,4.64
sciqlop,496693,get_hit,4.73
sciqlop,496693,get_hit,4.77
sciqlop,496693,get_hit,4.78
sciqlop,496693,get_hit,4.80
sciqlop,496693,get_hit,4.78
sciqlop,496693,get_hit,5.16
sciqlop,496693,get_hit,5.04
sciqlop,496693,get_hit,4.77
sciqlop,496693,get_hit,4.78
sciqlop,496693,get_hit,4.71
sciqlop,496693,get_hit,4.77
sciqlop,496693,get_hit,4.55
sciqlop,496693,get_hit,4.65
sciqlop,496693,get_hit,4.87
sciqlop,496693,get_hit,4.75
sciqlop,496693,get_hit,4.87
sciqlop,496693,get_hit,4.72
sciqlop,496693,get_hit,4.66
sciqlop,496693,get_hit,4.63
sciqlop,496693,get_miss,3.02
sciqlop,496693,get_miss,3.20
sciqlop,496693,get_miss,2.95
sciqlop,496693,get_miss,2.98
sciqlop,496693,get_miss,2.92
sciqlop,496693,get_miss,2.94
sciqlop,496693,get_miss,3.00
sciqlop,496693,get_miss,2.95
sciqlop,496693,get_miss,2.94
sciqlop,496693,get_miss,2.94
sciqlop,496693,get_miss,2.93
sciqlop,496693,get_miss,3.19
sciqlop,496693,get_miss,2.98
sciqlop,496693,get_miss,2.96
sciqlop,496693,get_miss,3.01
sciqlop,496693,get_miss,2.97
sciqlop,496693,get_miss,2.95
sciqlop,496693,get_miss,2.99
sciqlop,496693,get_miss,2.99
sciqlop,496693,get_miss,3.05
sciqlop,496693,get_miss,2.96
sciqlop,496693,get_miss,3.25
sciqlop,496693,get_miss,3.10
sciqlop,496693,get_miss,2.92
sciqlop,496693,get_miss,2.95
sciqlop,496693,get_miss,2.96
sciqlop,496693,get_miss,2.93
sciqlop,496693,get_miss,2.99
sciqlop,496693,get_miss,2.98
sciqlop,496693,get_miss,2.94
sciqlop,496693,get_miss,3.06
sciqlop,496693,get_miss,3.16
sciqlop,496693,get_miss,3.02
sciqlop,496693,get_miss,2.97
sciqlop,496693,get_miss,2.96
sciqlop,496693,get_miss,2.96
sciqlop,496693,get_miss,2.93
sciqlop,496693,get_miss,2.99
sciqlop,496693,get_miss,2.95
sciqlop,496693,get_miss,2.95
sciqlop,496693,get_miss,2.99
sciqlop,496693,get_miss,3.18
sciqlop,496693,get_miss,3.02
sciqlop,496693,get_miss,3.04
sciqlop,496693,get_miss,2.99
sciqlop,496693,get_miss,2.94
sciqlop,496693,get_miss,3.01
sciqlop,496693,get_miss,2.95
sciqlop,496693,get_miss,3.20
sciqlop,496693,get_miss,2.93
sciqlop,700000,set,26.88
sciqlop,700000,set,40.60
sciqlop,700000,set,22.56
sciqlop,700000,set,23.81
sciqlop,700000,set,25.68
sciqlop,700000,set,26.88
sciqlop,700000,set,22.91
sciqlop,700000,set,24.65
sciqlop,700000,set,25.33
sciqlop,700000,set,25.69
sciqlop,700000,set,23.71
sciqlop,700000,set,22.23
sciqlop,700000,set,23.74
sciqlop,700000,set,24.41
sciqlop,700000,set,24.26
sciqlop,700000,set,25.50
sciqlop,700000,set,25.68
sciqlop,700000,set,23.52
sciqlop,700000,set,25.91
sciqlop,700000,set,24.67
sciqlop,700000,set,25.06
sciqlop,700000,set,26.17
sciqlop,700000,set,23.76
sciqlop,700000,set,22.35
sciqlop,700000,set,24.69
sciqlop,700000,set,27.11
sciqlop,700000,set,21.74
sciqlop,700000,set,23.64
sciqlop,700000,set,26.56
sciqlop,700000,set,22.66
sciqlop,700000,set,23.44
sciqlop,700000,set,26.37
sciqlop,700000,set,24.26
sciqlop,700000,set,24.92
sciqlop,700000,set,22.69
sciqlop,700000,set,25.89
sciqlop,700000,set,24.15
sciqlop,700000,set,22.69
sciqlop,700000,set,26.30
sciqlop,700000,set,24.04
sciqlop,700000,set,23.28
sciqlop,700000,set,29.40
sciqlop,700000,set,40.64
sciqlop,700000,set,22.59
sciqlop,700000,set,25.16
sciqlop,700000,set,23.90
sciqlop,700000,set,23.66
sciqlop,700000,set,25.31
sciqlop,700000,set,23.44
sciqlop,700000,set,27.83
sciqlop,700000,get_hit,8.31
sciqlop,700000,get_hit,5.55
sciqlop,700000,get_hit,9.67
sciqlop,700000,get_hit,10.35
sciqlop,700000,get_hit,5.16
sciqlop,700000,get_hit,5.44
sciqlop,700000,get_hit,5.11
sciqlop,700000,get_hit,5.14
sciqlop,700000,get_hit,5.10
sciqlop,700000,get_hit,5.02
sciqlop,700000,get_hit,5.06
sciqlop,700000,get_hit,5.07
sciqlop,700000,get_hit,5.46
sciqlop,700000,get_hit,4.98
sciqlop,700000,get_hit,5.13
sciqlop,700000,get_hit,5.15
sciqlop,700000,get_hit,5.05
sciqlop,700000,get_hit,5.08
sciqlop,700000,get_hit,5.03
sciqlop,700000,get_hit,5.35
sciqlop,700000,get_hit,5.09
sciqlop,700000,get_hit,5.03
sciqlop,700000,get_hit,5.05
sciqlop,700000,get_hit,5.13
sciqlop,700000,get_hit,5.88
sciqlop,700000,get_hit,11.40
sciqlop,700000,get_hit,11.39
sciqlop,700000,get_hit,10.77
sciqlop,700000,get_hit,11.16
sciqlop,700000,get_hit,11.28
sciqlop,700000,get_hit,10.84
sciqlop,700000,get_hit,11.02
sciqlop,700000,get_hit,11.11
sciqlop,700000,get_hit,11.86
sciqlop,700000,get_hit,14.40
sciqlop,700000,get_hit,6.52
sciqlop,700000,get_hit,6.50
sciqlop,700000,get_hit,4.91
sciqlop,700000,get_hit,4.65
sciqlop,700000,get_hit,4.66
sciqlop,700000,get_hit,4.64
sciqlop,700000,get_hit,4.57
sciqlop,700000,get_hit,4.61
sciqlop,700000,get_hit,4.58
sciqlop,700000,get_hit,4.94
sciqlop,700000,get_hit,4.63
sciqlop,700000,get_hit,4.71
sciqlop,700000,get_hit,4.58
sciqlop,700000,get_hit,4.63
sciqlop,700000,get_hit,4.65
sciqlop,700000,get_miss,3.04
sciqlop,700000,get_miss,2.92
sciqlop,700000,get_miss,2.94
sciqlop,700000,get_miss,2.90
sciqlop,700000,get_miss,2.89
sciqlop,700000,get_miss,3.00
sciqlop,700000,get_miss,2.97
sciqlop,700000,get_miss,2.93
sciqlop,700000,get_miss,2.91
sciqlop,700000,get_miss,2.93
sciqlop,700000,get_miss,2.92
sciqlop,700000,get_miss,2.95
sciqlop,700000,get_miss,2.99
sciqlop,700000,get_miss,3.00
sciqlop,700000,get_miss,2.98
sciqlop,700000,get_miss,2.92
sciqlop,700000,get_miss,3.06
sciqlop,700000,get_miss,2.98
sciqlop,700000,get_miss,2.95
sciqlop,700000,get_miss,3.02
sciqlop,700000,get_miss,2.93
sciqlop,700000,get_miss,2.93
sciqlop,700000,get_miss,3.11
sciqlop,700000,get_miss,3.04
sciqlop,700000,get_miss,2.93
sciqlop,700000,get_miss,2.94
sciqlop,700000,get_miss,2.93
sciqlop,700000,get_miss,2.92
sciqlop,700000,get_miss,2.99
sciqlop,700000,get_miss,2.91
sciqlop,700000,get_miss,3.01
sciqlop,700000,get_miss,2.93
sciqlop,700000,get_miss,3.04
sciqlop,700000,get_miss,2.94
sciqlop,700000,get_miss,2.95
sciqlop,700000,get_miss,3.02
sciqlop,700000,get_miss,2.91
sciqlop,700000,get_miss,2.95
sciqlop,700000,get_miss,3.00
sciqlop,700000,get_miss,3.02
sciqlop,700000,get_miss,2.91
sciqlop,700000,get_miss,3.21
sciqlop,700000,get_miss,3.00
sciqlop,700000,get_miss,2.97
sciqlop,700000,get_miss,3.03
sciqlop,700000,get_miss,2.93
sciqlop,700000,get_miss,2.91
sciqlop,700000,get_miss,2.91
sciqlop,700000,get_miss,2.91
sciqlop,700000,get_miss,2.93
sciqlop,1000000,set,25.49
sciqlop,1000000,set,23.71
sciqlop,1000000,set,24.65
sciqlop,1000000,set,23.18
sciqlop,1000000,set,27.67
sciqlop,1000000,set,28.99
sciqlop,1000000,set,24.24
sciqlop,1000000,set,25.30
sciqlop,1000000,set,23.23
sciqlop,1000000,set,26.37
sciqlop,1000000,set,24.76
sciqlop,1000000,set,23.14
sciqlop,1000000,set,25.02
sciqlop,1000000,set,26.13
sciqlop,1000000,set,27.78
sciqlop,1000000,set,43.17
sciqlop,1000000,set,23.16
sciqlop,1000000,set,22.76
sciqlop,1000000,set,25.58
sciqlop,1000000,set,25.10
sciqlop,1000000,set,26.08
sciqlop,1000000,set,26.17
sciqlop,1000000,set,26.69
sciqlop,1000000,set,21.49
sciqlop,1000000,set,23.83
sciqlop,1000000,set,25.74
sciqlop,1000000,set,22.57
sciqlop,1000000,set,24.38
sciqlop,1000000,set,26.62
sciqlop,1000000,set,22.71
sciqlop,1000000,set,25.76
sciqlop,1000000,set,25.48
sciqlop,1000000,set,22.93
sciqlop,1000000,set,23.69
sciqlop,1000000,set,22.76
sciqlop,1000000,set,26.55
sciqlop,1000000,set,23.92
sciqlop,1000000,set,23.26
sciqlop,1000000,set,27.75
sciqlop,1000000,set,23.88
sciqlop,1000000,set,22.92
sciqlop,1000000,set,26.14
sciqlop,1000000,set,23.31
sciqlop,1000000,set,24.18
sciqlop,1000000,set,25.47
sciqlop,1000000,set,25.71
sciqlop,1000000,set,26.99
sciqlop,1000000,set,25.64
sciqlop,1000000,set,23.43
sciqlop,1000000,set,26.93
sciqlop,1000000,get_hit,7.09
sciqlop,1000000,get_hit,6.55
sciqlop,1000000,get_hit,5.92
sciqlop,1000000,get_hit,9.54
sciqlop,1000000,get_hit,6.88
sciqlop,1000000,get_hit,5.72
sciqlop,1000000,get_hit,5.63
sciqlop,1000000,get_hit,5.77
sciqlop,1000000,get_hit,5.72
sciqlop,1000000,get_hit,5.60
sciqlop,1000000,get_hit,5.45
sciqlop,1000000,get_hit,5.92
sciqlop,1000000,get_hit,5.59
sciqlop,1000000,get_hit,5.85
sciqlop,1000000,get_hit,5.74
sciqlop,1000000,get_hit,5.80
sciqlop,1000000,get_hit,5.63
sciqlop,1000000,get_hit,5.59
sciqlop,1000000,get_hit,5.61
sciqlop,1000000,get_hit,5.80
sciqlop,1000000,get_hit,5.86
sciqlop,1000000,get_hit,5.48
sciqlop,1000000,get_hit,5.27
sciqlop,1000000,get_hit,5.92
sciqlop,1000000,get_hit,5.53
sciqlop,1000000,get_hit,5.40
sciqlop,1000000,get_hit,5.51
sciqlop,1000000,get_hit,5.52
sciqlop,1000000,get_hit,5.48
sciqlop,1000000,get_hit,5.67
sciqlop,1000000,get_hit,5.49
sciqlop,1000000,get_hit,5.27
sciqlop,1000000,get_hit,5.57
sciqlop,1000000,get_hit,5.24
sciqlop,1000000,get_hit,5.69
sciqlop,1000000,get_hit,11.44
sciqlop,1000000,get_hit,11.35
sciqlop,1000000,get_hit,11.24
sciqlop,1000000,get_hit,7.21
sciqlop,1000000,get_hit,7.07
sciqlop,1000000,get_hit,6.97
sciqlop,1000000,get_hit,7.07
sciqlop,1000000,get_hit,7.29
sciqlop,1000000,get_hit,7.35
sciqlop,1000000,get_hit,6.85
sciqlop,1000000,get_hit,5.37
sciqlop,1000000,get_hit,5.99
sciqlop,1000000,get_hit,5.81
sciqlop,1000000,get_hit,5.94
sciqlop,1000000,get_hit,5.43
sciqlop,1000000,get_miss,3.01
sciqlop,1000000,get_miss,2.93
sciqlop,1000000,get_miss,2.94
sciqlop,1000000,get_miss,3.14
sciqlop,1000000,get_miss,2.93
sciqlop,1000000,get_miss,2.97
sciqlop,1000000,get_miss,2.94
sciqlop,1000000,get_miss,3.02
sciqlop,1000000,get_miss,2.95
sciqlop,1000000,get_miss,2.96
sciqlop,1000000,get_miss,2.94
sciqlop,1000000,get_miss,2.91
sciqlop,1000000,get_miss,2.99
sciqlop,1000000,get_miss,2.95
sciqlop,1000000,get_miss,3.08
sciqlop,1000000,get_miss,3.05
sciqlop,1000000,get_miss,2.95
sciqlop,1000000,get_miss,3.00
sciqlop,1000000,get_miss,2.98
sciqlop,1000000,get_miss,3.03
sciqlop,1000000,get_miss,2.95
sciqlop,1000000,get_miss,2.98
sciqlop,1000000,get_miss,3.00
sciqlop,1000000,get_miss,3.05
sciqlop,1000000,get_miss,2.92
sciqlop,1000000,get_miss,3.01
sciqlop,1000000,get_miss,3.00
sciqlop,1000000,get_miss,3.05
sciqlop,1000000,get_miss,2.95
sciqlop,1000000,get_miss,2.97
sciqlop,1000000,get_miss,2.93
sciqlop,1000000,get_miss,2.95
sciqlop,1000000,get_miss,2.92
sciqlop,1000000,get_miss,3.03
sciqlop,1000000,get_miss,2.95
sciqlop,1000000,get_miss,3.00
sciqlop,1000000,get_miss,2.93
sciqlop,1000000,get_miss,3.02
sciqlop,1000000,get_miss,2.99
sciqlop,1000000,get_miss,2.97
sciqlop,1000000,get_miss,2.96
sciqlop,1000000,get_miss,2.95
sciqlop,1000000,get_miss,2.97
sciqlop,1000000,get_miss,3.03
sciqlop,1000000,get_miss,2.95
sciqlop,1000000,get_miss,2.97
sciqlop,1000000,get_miss,2.96
sciqlop,1000000,get_miss,2.96
sciqlop,1000000,get_miss,2.97
sciqlop,1000000,get_miss,2.94
diskcache,100,set,60.15
diskcache,100,set,58.73
diskcache,100,set,59.40
diskcache,100,set,58.82
diskcache,100,set,60.25
diskcache,100,set,50.11
diskcache,100,set,50.36
diskcache,100,set,50.29
diskcache,100,set,50.57
diskcache,100,set,49.79
diskcache,100,set,49.74
diskcache,100,set,50.70
diskcache,100,set,49.47
diskcache,100,set,50.52
diskcache,100,set,56.33
diskcache,100,set,50.52
diskcache,100,set,51.03
diskcache,100,set,50.32
diskcache,100,set,50.06
diskcache,100,set,50.22
diskcache,100,set,52.23
diskcache,100,set,50.61
diskcache,100,set,52.59
diskcache,100,set,56.12
diskcache,100,set,50.47
diskcache,100,set,52.22
diskcache,100,set,69.07
diskcache,100,set,52.42
diskcache,100,set,50.97
diskcache,100,set,50.30
diskcache,100,set,52.22
diskcache,100,set,50.57
diskcache,100,set,58.09
diskcache,100,set,55.14
diskcache,100,set,50.99
diskcache,100,set,50.21
diskcache,100,set,50.21
diskcache,100,set,50.11
diskcache,100,set,50.21
diskcache,100,set,49.94
diskcache,100,set,51.45
diskcache,100,set,58.99
diskcache,100,set,51.40
diskcache,100,set,50.73
diskcache,100,set,50.87
diskcache,100,set,51.48
diskcache,100,set,52.73
diskcache,100,set,50.21
diskcache,100,set,50.73
diskcache,100,set,51.37
diskcache,100,get_hit,8.36
diskcache,100,get_hit,6.59
diskcache,100,get_hit,6.45
diskcache,100,get_hit,6.36
diskcache,100,get_hit,6.34
diskcache,100,get_hit,6.25
diskcache,100,get_hit,6.74
diskcache,100,get_hit,6.34
diskcache,100,get_hit,6.25
diskcache,100,get_hit,6.24
diskcache,100,get_hit,6.23
diskcache,100,get_hit,6.23
diskcache,100,get_hit,6.56
diskcache,100,get_hit,6.39
diskcache,100,get_hit,6.24
diskcache,100,get_hit,6.31
diskcache,100,get_hit,6.47
diskcache,100,get_hit,6.24
diskcache,100,get_hit,6.38
diskcache,100,get_hit,6.29
diskcache,100,get_hit,6.24
diskcache,100,get_hit,6.27
diskcache,100,get_hit,6.22
diskcache,100,get_hit,6.23
diskcache,100,get_hit,6.34
diskcache,100,get_hit,6.25
diskcache,100,get_hit,6.45
diskcache,100,get_hit,6.25
diskcache,100,get_hit,6.22
diskcache,100,get_hit,6.65
diskcache,100,get_hit,6.25
diskcache,100,get_hit,6.27
diskcache,100,get_hit,6.73
diskcache,100,get_hit,6.45
diskcache,100,get_hit,6.25
diskcache,100,get_hit,6.53
diskcache,100,get_hit,6.34
diskcache,100,get_hit,6.20
diskcache,100,get_hit,6.26
diskcache,100,get_hit,6.24
diskcache,100,get_hit,6.25
diskcache,100,get_hit,6.77
diskcache,100,get_hit,6.27
diskcache,100,get_hit,6.23
diskcache,100,get_hit,6.23
diskcache,100,get_hit,6.25
diskcache,100,get_hit,6.34
diskcache,100,get_hit,6.29
diskcache,100,get_hit,6.22
diskcache,100,get_hit,6.19
diskcache,100,get_miss,5.13
diskcache,100,get_miss,5.07
diskcache,100,get_miss,5.04
diskcache,100,get_miss,5.35
diskcache,100,get_miss,5.00
diskcache,100,get_miss,5.05
diskcache,100,get_miss,5.25
diskcache,100,get_miss,5.03
diskcache,100,get_miss,5.01
diskcache,100,get_miss,5.00
diskcache,100,get_miss,5.34
diskcache,100,get_miss,5.02
diskcache,100,get_miss,4.99
diskcache,100,get_miss,5.06
diskcache,100,get_miss,5.04
diskcache,100,get_miss,5.02
diskcache,100,get_miss,5.15
diskcache,100,get_miss,5.10
diskcache,100,get_miss,5.06
diskcache,100,get_miss,4.98
diskcache,100,get_miss,5.05
diskcache,100,get_miss,5.08
diskcache,100,get_miss,5.07
diskcache,100,get_miss,5.10
diskcache,100,get_miss,5.18
diskcache,100,get_miss,5.08
diskcache,100,get_miss,5.24
diskcache,100,get_miss,5.08
diskcache,100,get_miss,5.13
diskcache,100,get_miss,4.98
diskcache,100,get_miss,5.33
diskcache,100,get_miss,4.99
diskcache,100,get_miss,5.04
diskcache,100,get_miss,5.09
diskcache,100,get_miss,5.04
diskcache,100,get_miss,5.04
diskcache,100,get_miss,5.16
diskcache,100,get_miss,5.38
diskcache,100,get_miss,5.07
diskcache,100,get_miss,5.00
diskcache,100,get_miss,5.01
diskcache,100,get_miss,5.01
diskcache,100,get_miss,5.04
diskcache,100,get_miss,5.12
diskcache,100,get_miss,5.45
diskcache,100,get_miss,5.07
diskcache,100,get_miss,5.14
diskcache,100,get_miss,5.02
diskcache,100,get_miss,5.00
diskcache,100,get_miss,5.08
diskcache,150,set,50.08
diskcache,150,set,49.35
diskcache,150,set,50.30
diskcache,150,set,53.49
diskcache,150,set,49.20
diskcache,150,set,49.93
diskcache,150,set,49.30
diskcache,150,set,49.50
diskcache,150,set,50.37
diskcache,150,set,48.93
diskcache,150,set,50.64
diskcache,150,set,49.75
diskcache,150,set,50.58
diskcache,150,set,54.48
diskcache,150,set,51.17
diskcache,150,set,49.91
diskcache,150,set,48.87
diskcache,150,set,51.10
diskcache,150,set,52.89
diskcache,150,set,50.66
diskcache,150,set,50.30
diskcache,150,set,50.49
diskcache,150,set,55.54
diskcache,150,set,51.48
diskcache,150,set,51.90
diskcache,150,set,50.14
diskcache,150,set,50.91
diskcache,150,set,50.54
diskcache,150,set,51.26
diskcache,150,set,51.07
diskcache,150,set,51.40
diskcache,150,set,59.89
diskcache,150,set,51.88
diskcache,150,set,49.83
diskcache,150,set,50.55
diskcache,150,set,50.15
diskcache,150,set,49.78
diskcache,150,set,51.03
diskcache,150,set,50.61
diskcache,150,set,51.38
diskcache,150,set,58.49
diskcache,150,set,51.12
diskcache,150,set,51.81
diskcache,150,set,50.16
diskcache,150,set,51.80
diskcache,150,set,50.45
diskcache,150,set,50.40
diskcache,150,set,50.89
diskcache,150,set,54.00
diskcache,150,set,56.00
diskcache,150,get_hit,6.66
diskcache,150,get_hit,6.33
diskcache,150,get_hit,6.32
diskcache,150,get_hit,6.16
diskcache,150,get_hit,6.46
diskcache,150,get_hit,6.13
diskcache,150,get_hit,6.18
diskcache,150,get_hit,6.17
diskcache,150,get_hit,6.12
diskcache,150,get_hit,6.07
diskcache,150,get_hit,6.40
diskcache,150,get_hit,6.03
diskcache,150,get_hit,6.27
diskcache,150,get_hit,6.11
diskcache,150,get_hit,6.07
diskcache,150,get_hit,6.14
diskcache,150,get_hit,6.60
diskcache,150,get_hit,6.10
diskcache,150,get_hit,6.11
diskcache,150,get_hit,6.09
diskcache,150,get_hit,6.12
diskcache,150,get_hit,6.06
diskcache,150,get_hit,6.47
diskcache,150,get_hit,6.09
diskcache,150,get_hit,6.15
diskcache,150,get_hit,6.10
diskcache,150,get_hit,6.08
diskcache,150,get_hit,6.51
diskcache,150,get_hit,6.10
diskcache,150,get_hit,6.08
diskcache,150,get_hit,6.06
diskcache,150,get_hit,6.06
diskcache,150,get_hit,6.17
diskcache,150,get_hit,6.46
diskcache,150,get_hit,6.11
diskcache,150,get_hit,6.03
diskcache,150,get_hit,6.09
diskcache,150,get_hit,6.16
diskcache,150,get_hit,6.09
diskcache,150,get_hit,6.45
diskcache,150,get_hit,6.06
diskcache,150,get_hit,6.05
diskcache,150,get_hit,6.19
diskcache,150,get_hit,6.05
diskcache,150,get_hit,6.14
diskcache,150,get_hit,6.35
diskcache,150,get_hit,6.09
diskcache,150,get_hit,6.04
diskcache,150,get_hit,6.20
diskcache,150,get_hit,6.07
diskcache,150,get_miss,5.00
diskcache,150,get_miss,5.31
diskcache,150,get_miss,5.02
diskcache,150,get_miss,4.91
diskcache,150,get_miss,4.90
diskcache,150,get_miss,4.90
diskcache,150,get_miss,5.03
diskcache,150,get_miss,4.99
diskcache,150,get_miss,5.28
diskcache,150,get_miss,4.90
diskcache,150,get_miss,4.87
diskcache,150,get_miss,4.89
diskcache,150,get_miss,5.05
diskcache,150,get_miss,4.94
diskcache,150,get_miss,4.94
diskcache,150,get_miss,5.26
diskcache,150,get_miss,4.97
diskcache,150,get_miss,4.98
diskcache,150,get_miss,5.01
diskcache,150,get_miss,4.90
diskcache,150,get_miss,4.89
diskcache,150,get_miss,4.94
diskcache,150,get_miss,5.40
diskcache,150,get_miss,4.93
diskcache,150,get_miss,4.97
diskcache,150,get_miss,4.94
diskcache,150,get_miss,4.92
diskcache,150,get_miss,4.92
diskcache,150,get_miss,4.88
diskcache,150,get_miss,5.17
diskcache,150,get_miss,4.90
diskcache,150,get_miss,4.88
diskcache,150,get_miss,5.01
diskcache,150,get_miss,4.89
diskcache,150,get_miss,5.21
diskcache,150,get_miss,4.91
diskcache,150,get_miss,5.30
diskcache,150,get_miss,4.95
diskcache,150,get_miss,5.03
diskcache,150,get_miss,4.89
diskcache,150,get_miss,4.88
diskcache,150,get_miss,4.89
diskcache,150,get_miss,4.97
diskcache,150,get_miss,5.28
diskcache,150,get_miss,4.94
diskcache,150,get_miss,4.96
diskcache,150,get_miss,4.88
diskcache,150,get_miss,4.86
diskcache,150,get_miss,4.86
diskcache,150,get_miss,4.86
diskcache,225,set,50.37
diskcache,225,set,54.96
diskcache,225,set,49.59
diskcache,225,set,50.36
diskcache,225,set,49.41
diskcache,225,set,49.19
diskcache,225,set,49.49
diskcache,225,set,49.82
diskcache,225,set,51.72
diskcache,225,set,49.88
diskcache,225,set,50.37
diskcache,225,set,55.80
diskcache,225,set,53.00
diskcache,225,set,50.92
diskcache,225,set,52.36
diskcache,225,set,51.38
diskcache,225,set,51.15
diskcache,225,set,50.12
diskcache,225,set,52.05
diskcache,225,set,52.22
diskcache,225,set,57.36
diskcache,225,set,53.79
diskcache,225,set,51.22
diskcache,225,set,50.62
diskcache,225,set,52.25
diskcache,225,set,52.18
diskcache,225,set,51.31
diskcache,225,set,54.60
diskcache,225,set,50.97
diskcache,225,set,57.04
diskcache,225,set,52.17
diskcache,225,set,50.12
diskcache,225,set,51.71
diskcache,225,set,50.38
diskcache,225,set,51.58
diskcache,225,set,50.53
diskcache,225,set,51.27
diskcache,225,set,51.71
diskcache,225,set,60.91
diskcache,225,set,50.65
diskcache,225,set,53.98
diskcache,225,set,50.38
diskcache,225,set,50.95
diskcache,225,set,50.16
diskcache,225,set,51.40
diskcache,225,set,51.74
diskcache,225,set,52.54
diskcache,225,set,57.62
diskcache,225,set,51.51
diskcache,225,set,52.70
diskcache,225,get_hit,6.79
diskcache,225,get_hit,6.38
diskcache,225,get_hit,6.27
diskcache,225,get_hit,6.31
diskcache,225,get_hit,6.25
diskcache,225,get_hit,6.36
diskcache,225,get_hit,6.26
diskcache,225,get_hit,6.33
diskcache,225,get_hit,6.19
diskcache,225,get_hit,6.65
diskcache,225,get_hit,6.56
diskcache,225,get_hit,6.24
diskcache,225,get_hit,6.18
diskcache,225,get_hit,6.21
diskcache,225,get_hit,6.17
diskcache,225,get_hit,6.15
diskcache,225,get_hit,6.50
diskcache,225,get_hit,6.15
diskcache,225,get_hit,6.16
diskcache,225,get_hit,6.25
diskcache,225,get_hit,6.13
diskcache,225,get_hit,6.15
diskcache,225,get_hit,6.53
diskcache,225,get_hit,6.21
diskcache,225,get_hit,6.20
diskcache,225,get_hit,6.14
diskcache,225,get_hit,6.16
diskcache,225,get_hit,6.10
diskcache,225,get_hit,6.47
diskcache,225,get_hit,6.25
diskcache,225,get_hit,6.14
diskcache,225,get_hit,6.09
diskcache,225,get_hit,6.24
diskcache,225,get_hit,6.15
diskcache,225,get_hit,6.24
diskcache,225,get_hit,6.12
diskcache,225,get_hit,6.05
diskcache,225,get_hit,6.07
diskcache,225,get_hit,6.11
diskcache,225,get_hit,6.20
diskcache,225,get_hit,6.61
diskcache,225,get_hit,6.15
diskcache,225,get_hit,6.07
diskcache,225,get_hit,6.11
diskcache,225,get_hit,6.09
diskcache,225,get_hit,6.13
diskcache,225,get_hit,6.20
diskcache,225,get_hit,6.10
diskcache,225,get_hit,6.20
diskcache,225,get_hit,6.20
diskcache,225,get_miss,4.99
diskcache,225,get_miss,4.90
diskcache,225,get_miss,5.02
diskcache,225,get_miss,4.90
diskcache,225,get_miss,4.89
diskcache,225,get_miss,4.92
diskcache,225,get_miss,4.99
diskcache,225,get_miss,5.00
diskcache,225,get_miss,4.95
diskcache,225,get_miss,5.08
diskcache,225,get_miss,4.99
diskcache,225,get_miss,4.95
diskcache,225,get_miss,5.07
diskcache,225,get_miss,4.98
diskcache,225,get_miss,4.92
diskcache,225,get_miss,4.96
diskcache,225,get_miss,5.03
diskcache,225,get_miss,4.94
diskcache,225,get_miss,4.99
diskcache,225,get_miss,5.02
diskcache,225,get_miss,4.92
diskcache,225,get_miss,4.93
diskcache,225,get_miss,4.99
diskcache,225,get_miss,5.10
diskcache,225,get_miss,5.00
diskcache,225,get_miss,5.00
diskcache,225,get_miss,5.01
diskcache,225,get_miss,4.95
diskcache,225,get_miss,4.93
diskcache,225,get_miss,5.35
diskcache,225,get_miss,4.96
diskcache,225,get_miss,4.93
diskcache,225,get_miss,4.98
diskcache,225,get_miss,4.99
diskcache,225,get_miss,4.99
diskcache,225,get_miss,5.00
diskcache,225,get_miss,5.24
diskcache,225,get_miss,5.05
diskcache,225,get_miss,4.95
diskcache,225,get_miss,5.02
diskcache,225,get_miss,4.90
diskcache,225,get_miss,4.94
diskcache,225,get_miss,4.92
diskcache,225,get_miss,5.21
diskcache,225,get_miss,4.93
diskcache,225,get_miss,4.94
diskcache,225,get_miss,4.96
diskcache,225,get_miss,4.91
diskcache,225,get_miss,4.89
diskcache,225,get_miss,4.99
diskcache,337,set,50.78
diskcache,337,set,50.40
diskcache,337,set,58.83
diskcache,337,set,50.78
diskcache,337,set,50.78
diskcache,337,set,51.13
diskcache,337,set,55.49
diskcache,337,set,51.91
diskcache,337,set,51.39
diskcache,337,set,53.31
diskcache,337,set,49.12
diskcache,337,set,50.88
diskcache,337,set,49.76
diskcache,337,set,50.90
diskcache,337,set,50.89
diskcache,337,set,56.56
diskcache,337,set,50.16
diskcache,337,set,50.90
diskcache,337,set,54.02
diskcache,337,set,50.25
diskcache,337,set,51.54
diskcache,337,set,53.54
diskcache,337,set,51.27
diskcache,337,set,50.96
diskcache,337,set,63.12
diskcache,337,set,54.18
diskcache,337,set,55.94
diskcache,337,set,56.90
diskcache,337,set,54.42
diskcache,337,set,53.89
diskcache,337,set,54.85
diskcache,337,set,54.39
diskcache,337,set,56.17
diskcache,337,set,63.36
diskcache,337,set,55.68
diskcache,337,set,57.47
diskcache,337,set,52.53
diskcache,337,set,52.83
diskcache,337,set,53.93
diskcache,337,set,55.31
diskcache,337,set,54.64
diskcache,337,set,54.64
diskcache,337,set,55.34
diskcache,337,set,63.73
diskcache,337,set,56.05
diskcache,337,set,52.68
diskcache,337,set,54.78
diskcache,337,set,54.63
diskcache,337,set,54.49
diskcache,337,set,53.98
diskcache,337,get_hit,7.12
diskcache,337,get_hit,6.37
diskcache,337,get_hit,6.45
diskcache,337,get_hit,6.35
diskcache,337,get_hit,6.17
diskcache,337,get_hit,6.43
diskcache,337,get_hit,6.31
diskcache,337,get_hit,6.30
diskcache,337,get_hit,6.20
diskcache,337,get_hit,6.14
diskcache,337,get_hit,6.18
diskcache,337,get_hit,6.50
diskcache,337,get_hit,6.17
diskcache,337,get_hit,6.33
diskcache,337,get_hit,6.39
diskcache,337,get_hit,6.20
diskcache,337,get_hit,6.43
diskcache,337,get_hit,6.54
diskcache,337,get_hit,6.10
diskcache,337,get_hit,6.10
diskcache,337,get_hit,6.11
diskcache,337,get_hit,6.12
diskcache,337,get_hit,6.14
diskcache,337,get_hit,6.69
diskcache,337,get_hit,6.07
diskcache,337,get_hit,6.04
diskcache,337,get_hit,6.01
diskcache,337,get_hit,6.06
diskcache,337,get_hit,6.05
diskcache,337,get_hit,6.42
diskcache,337,get_hit,6.09
diskcache,337,get_hit,6.05
diskcache,337,get_hit,6.05
diskcache,337,get_hit,6.24
diskcache,337,get_hit,6.10
diskcache,337,get_hit,6.36
diskcache,337,get_hit,6.05
diskcache,337,get_hit,6.07
diskcache,337,get_hit,6.15
diskcache,337,get_hit,6.19
diskcache,337,get_hit,6.15
diskcache,337,get_hit,6.54
diskcache,337,get_hit,6.08
diskcache,337,get_hit,6.20
diskcache,337,get_hit,6.10
diskcache,337,get_hit,6.08
diskcache,337,get_hit,6.05
diskcache,337,get_hit,6.14
diskcache,337,get_hit,6.05
diskcache,337,get_hit,6.08
diskcache,337,get_miss,4.97
diskcache,337,get_miss,4.88
diskcache,337,get_miss,4.95
diskcache,337,get_miss,5.30
diskcache,337,get_miss,4.86
diskcache,337,get_miss,4.93
diskcache,337,get_miss,4.90
diskcache,337,get_miss,4.91
diskcache,337,get_miss,4.87
diskcache,337,get_miss,4.88
diskcache,337,get_miss,5.18
diskcache,337,get_miss,4.86
diskcache,337,get_miss,5.01
diskcache,337,get_miss,5.03
diskcache,337,get_miss,4.95
diskcache,337,get_miss,4.91
diskcache,337,get_miss,4.96
diskcache,337,get_miss,5.26
diskcache,337,get_miss,4.98
diskcache,337,get_miss,4.89
diskcache,337,get_miss,4.93
diskcache,337,get_miss,4.95
diskcache,337,get_miss,4.96
diskcache,337,get_miss,5.07
diskcache,337,get_miss,5.25
diskcache,337,get_miss,4.99
diskcache,337,get_miss,4.96
diskcache,337,get_miss,4.96
diskcache,337,get_miss,4.90
diskcache,337,get_miss,4.88
diskcache,337,get_miss,4.89
diskcache,337,get_miss,5.21
diskcache,337,get_miss,4.90
diskcache,337,get_miss,4.90
diskcache,337,get_miss,5.05
diskcache,337,get_miss,5.00
diskcache,337,get_miss,4.98
diskcache,337,get_miss,4.91
diskcache,337,get_miss,5.19
diskcache,337,get_miss,4.95
diskcache,337,get_miss,4.88
diskcache,337,get_miss,4.90
diskcache,337,get_miss,4.92
diskcache,337,get_miss,4.95
diskcache,337,get_miss,5.09
diskcache,337,get_miss,6.65
diskcache,337,get_miss,4.93
diskcache,337,get_miss,4.95
diskcache,337,get_miss,4.93
diskcache,337,get_miss,4.92
diskcache,505,set,52.09
diskcache,505,set,51.18
diskcache,505,set,50.32
diskcache,505,set,51.12
diskcache,505,set,52.59
diskcache,505,set,51.14
diskcache,505,set,56.88
diskcache,505,set,50.94
diskcache,505,set,50.44
diskcache,505,set,51.55
diskcache,505,set,51.11
diskcache,505,set,51.45
diskcache,505,set,52.10
diskcache,505,set,56.65
diskcache,505,set,50.27
diskcache,505,set,57.65
diskcache,505,set,51.03
diskcache,505,set,51.77
diskcache,505,set,53.48
diskcache,505,set,51.05
diskcache,505,set,51.01
diskcache,505,set,50.18
diskcache,505,set,51.58
diskcache,505,set,52.26
diskcache,505,set,57.98
diskcache,505,set,53.79
diskcache,505,set,54.22
diskcache,505,set,51.39
diskcache,505,set,51.40
diskcache,505,set,50.22
diskcache,505,set,50.73
diskcache,505,set,51.51
diskcache,505,set,52.40
diskcache,505,set,56.77
diskcache,505,set,51.75
diskcache,505,set,54.48
diskcache,505,set,50.84
diskcache,505,set,49.89
diskcache,505,set,50.22
diskcache,505,set,51.46
diskcache,505,set,50.56
diskcache,505,set,50.92
diskcache,505,set,58.22
diskcache,505,set,54.89
diskcache,505,set,50.90
diskcache,505,set,51.07
diskcache,505,set,52.31
diskcache,505,set,53.23
diskcache,505,set,51.41
diskcache,505,set,51.46
diskcache,505,get_hit,6.94
diskcache,505,get_hit,6.25
diskcache,505,get_hit,6.30
diskcache,505,get_hit,6.27
diskcache,505,get_hit,6.19
diskcache,505,get_hit,6.34
diskcache,505,get_hit,6.37
diskcache,505,get_hit,6.57
diskcache,505,get_hit,6.30
diskcache,505,get_hit,6.15
diskcache,505,get_hit,6.17
diskcache,505,get_hit,6.15
diskcache,505,get_hit,6.21
diskcache,505,get_hit,6.50
diskcache,505,get_hit,6.14
diskcache,505,get_hit,6.15
diskcache,505,get_hit,6.14
diskcache,505,get_hit,6.13
diskcache,505,get_hit,6.26
diskcache,505,get_hit,6.53
diskcache,505,get_hit,6.20
diskcache,505,get_hit,6.34
diskcache,505,get_hit,6.10
diskcache,505,get_hit,6.19
diskcache,505,get_hit,6.10
diskcache,505,get_hit,6.25
diskcache,505,get_hit,6.13
diskcache,505,get_hit,6.10
diskcache,505,get_hit,6.17
diskcache,505,get_hit,6.04
diskcache,505,get_hit,6.17
diskcache,505,get_hit,6.59
diskcache,505,get_hit,6.13
diskcache,505,get_hit,6.04
diskcache,505,get_hit,6.10
diskcache,505,get_hit,6.19
diskcache,505,get_hit,6.03
diskcache,505,get_hit,6.11
diskcache,505,get_hit,6.20
diskcache,505,get_hit,6.07
diskcache,505,get_hit,6.05
diskcache,505,get_hit,6.09
diskcache,505,get_hit,6.35
diskcache,505,get_hit,6.11
diskcache,505,get_hit,6.05
diskcache,505,get_hit,6.11
diskcache,505,get_hit,6.06
diskcache,505,get_hit,6.08
diskcache,505,get_hit,6.46
diskcache,505,get_hit,6.05
diskcache,505,get_miss,4.96
diskcache,505,get_miss,4.91
diskcache,505,get_miss,4.89
diskcache,505,get_miss,4.86
diskcache,505,get_miss,4.88
diskcache,505,get_miss,5.18
diskcache,505,get_miss,4.95
diskcache,505,get_miss,4.97
diskcache,505,get_miss,5.03
diskcache,505,get_miss,4.85
diskcache,505,get_miss,4.84
diskcache,505,get_miss,5.28
diskcache,505,get_miss,5.21
diskcache,505,get_miss,4.97
diskcache,505,get_miss,4.90
diskcache,505,get_miss,4.90
diskcache,505,get_miss,4.92
diskcache,505,get_miss,4.93
diskcache,505,get_miss,5.03
diskcache,505,get_miss,5.18
diskcache,505,get_miss,4.93
diskcache,505,get_miss,4.91
diskcache,505,get_miss,4.90
diskcache,505,get_miss,4.98
diskcache,505,get_miss,4.90
diskcache,505,get_miss,4.90
diskcache,505,get_miss,5.22
diskcache,505,get_miss,4.90
diskcache,505,get_miss,5.00
diskcache,505,get_miss,4.89
diskcache,505,get_miss,4.89
diskcache,505,get_miss,4.96
diskcache,505,get_miss,4.90
diskcache,505,get_miss,5.21
diskcache,505,get_miss,4.91
diskcache,505,get_miss,4.90
diskcache,505,get_miss,4.90
diskcache,505,get_miss,4.94
diskcache,505,get_miss,5.09
diskcache,505,get_miss,4.87
diskcache,505,get_miss,5.20
diskcache,505,get_miss,4.92
diskcache,505,get_miss,4.89
diskcache,505,get_miss,4.90
diskcache,505,get_miss,4.98
diskcache,505,get_miss,4.92
diskcache,505,get_miss,4.91
diskcache,505,get_miss,5.20
diskcache,505,get_miss,5.06
diskcache,505,get_miss,4.92
diskcache,757,set,58.77
diskcache,757,set,50.23
diskcache,757,set,50.53
diskcache,757,set,50.65
diskcache,757,set,51.07
diskcache,757,set,53.24
diskcache,757,set,54.04
diskcache,757,set,52.06
diskcache,757,set,51.01
diskcache,757,set,58.21
diskcache,757,set,55.14
diskcache,757,set,53.35
diskcache,757,set,52.81
diskcache,757,set,52.56
diskcache,757,set,54.33
diskcache,757,set,53.40
diskcache,757,set,50.99
diskcache,757,set,51.14
diskcache,757,set,57.12
diskcache,757,set,51.63
diskcache,757,set,52.66
diskcache,757,set,50.92
diskcache,757,set,51.63
diskcache,757,set,52.52
diskcache,757,set,50.67
diskcache,757,set,50.69
diskcache,757,set,52.33
diskcache,757,set,57.68
diskcache,757,set,52.23
diskcache,757,set,50.77
diskcache,757,set,50.58
diskcache,757,set,50.04
diskcache,757,set,51.40
diskcache,757,set,51.95
diskcache,757,set,54.18
diskcache,757,set,51.29
diskcache,757,set,59.97
diskcache,757,set,50.10
diskcache,757,set,52.83
diskcache,757,set,53.96
diskcache,757,set,52.71
diskcache,757,set,54.57
diskcache,757,set,52.00
diskcache,757,set,51.90
diskcache,757,set,52.31
diskcache,757,set,58.83
diskcache,757,set,51.76
diskcache,757,set,50.93
diskcache,757,set,51.13
diskcache,757,set,53.98
diskcache,757,get_hit,6.99
diskcache,757,get_hit,6.42
diskcache,757,get_hit,6.23
diskcache,757,get_hit,6.32
diskcache,757,get_hit,6.19
diskcache,757,get_hit,6.31
diskcache,757,get_hit,6.23
diskcache,757,get_hit,6.28
diskcache,757,get_hit,6.21
diskcache,757,get_hit,6.27
diskcache,757,get_hit,6.08
diskcache,757,get_hit,6.20
diskcache,757,get_hit,6.17
diskcache,757,get_hit,6.20
diskcache,757,get_hit,6.08
diskcache,757,get_hit,6.18
diskcache,757,get_hit,6.54
diskcache,757,get_hit,6.16
diskcache,757,get_hit,6.16
diskcache,757,get_hit,6.12
diskcache,757,get_hit,6.14
diskcache,757,get_hit,6.15
diskcache,757,get_hit,6.48
diskcache,757,get_hit,6.25
diskcache,757,get_hit,6.13
diskcache,757,get_hit,6.31
diskcache,757,get_hit,6.08
diskcache,757,get_hit,6.09
diskcache,757,get_hit,6.48
diskcache,757,get_hit,6.09
diskcache,757,get_hit,6.08
diskcache,757,get_hit,6.12
diskcache,757,get_hit,6.05
diskcache,757,get_hit,6.34
diskcache,757,get_hit,6.39
diskcache,757,get_hit,6.13
diskcache,757,get_hit,6.10
diskcache,757,get_hit,6.16
diskcache,757,get_hit,6.20
diskcache,757,get_hit,6.20
diskcache,757,get_hit,6.45
diskcache,757,get_hit,6.08
diskcache,757,get_hit,6.07
diskcache,757,get_hit,6.15
diskcache,757,get_hit,6.27
diskcache,757,get_hit,6.13
diskcache,757,get_hit,6.46
diskcache,757,get_hit,6.17
diskcache,757,get_hit,6.08
diskcache,757,get_hit,6.10
diskcache,757,get_miss,4.99
diskcache,757,get_miss,4.90
diskcache,757,get_miss,5.23
diskcache,757,get_miss,4.94
diskcache,757,get_miss,4.98
diskcache,757,get_miss,4.94
diskcache,757,get_miss,4.95
diskcache,757,get_miss,4.93
diskcache,757,get_miss,4.91
diskcache,757,get_miss,5.24
diskcache,757,get_miss,4.94
diskcache,757,get_miss,4.94
diskcache,757,get_miss,5.00
diskcache,757,get_miss,4.91
diskcache,757,get_miss,5.07
diskcache,757,get_miss,4.92
diskcache,757,get_miss,5.27
diskcache,757,get_miss,4.98
diskcache,757,get_miss,5.00
diskcache,757,get_miss,4.91
diskcache,757,get_miss,4.94
diskcache,757,get_miss,4.94
diskcache,757,get_miss,4.94
diskcache,757,get_miss,5.28
diskcache,757,get_miss,5.10
diskcache,757,get_miss,4.92
diskcache,757,get_miss,4.89
diskcache,757,get_miss,4.90
diskcache,757,get_miss,4.95
diskcache,757,get_miss,4.95
diskcache,757,get_miss,5.26
diskcache,757,get_miss,4.95
diskcache,757,get_miss,4.91
diskcache,757,get_miss,4.88
diskcache,757,get_miss,5.03
diskcache,757,get_miss,4.93
diskcache,757,get_miss,4.94
diskcache,757,get_miss,5.04
diskcache,757,get_miss,5.00
diskcache,757,get_miss,4.95
diskcache,757,get_miss,4.91
diskcache,757,get_miss,4.93
diskcache,757,get_miss,4.93
diskcache,757,get_miss,4.88
diskcache,757,get_miss,5.19
diskcache,757,get_miss,5.01
diskcache,757,get_miss,4.96
diskcache,757,get_miss,4.88
diskcache,757,get_miss,4.91
diskcache,757,get_miss,4.95
diskcache,1135,set,50.87
diskcache,1135,set,51.45
diskcache,1135,set,52.42
diskcache,1135,set,55.77
diskcache,1135,set,53.39
diskcache,1135,set,50.96
diskcache,1135,set,52.11
diskcache,1135,set,52.20
diskcache,1135,set,59.66
diskcache,1135,set,50.10
diskcache,1135,set,51.06
diskcache,1135,set,50.96
diskcache,1135,set,55.28
diskcache,1135,set,51.26
diskcache,1135,set,52.76
diskcache,1135,set,53.90
diskcache,1135,set,52.15
diskcache,1135,set,60.37
diskcache,1135,set,50.21
diskcache,1135,set,51.05
diskcache,1135,set,53.79
diskcache,1135,set,52.17
diskcache,1135,set,50.75
diskcache,1135,set,50.70
diskcache,1135,set,52.06
diskcache,1135,set,51.75
diskcache,1135,set,59.45
diskcache,1135,set,51.14
diskcache,1135,set,50.35
diskcache,1135,set,50.12
diskcache,1135,set,50.76
diskcache,1135,set,50.79
diskcache,1135,set,52.05
diskcache,1135,set,52.99
diskcache,1135,set,52.47
diskcache,1135,set,61.25
diskcache,1135,set,50.68
diskcache,1135,set,51.01
diskcache,1135,set,54.83
diskcache,1135,set,51.03
diskcache,1135,set,51.75
diskcache,1135,set,51.64
diskcache,1135,set,53.29
diskcache,1135,set,61.81
diskcache,1135,set,51.58
diskcache,1135,set,50.02
diskcache,1135,set,51.32
diskcache,1135,set,52.15
diskcache,1135,set,51.32
diskcache,1135,set,54.29
diskcache,1135,get_hit,7.12
diskcache,1135,get_hit,6.28
diskcache,1135,get_hit,6.32
diskcache,1135,get_hit,6.23
diskcache,1135,get_hit,6.61
diskcache,1135,get_hit,6.36
diskcache,1135,get_hit,6.16
diskcache,1135,get_hit,6.12
diskcache,1135,get_hit,6.12
diskcache,1135,get_hit,6.15
diskcache,1135,get_hit,6.51
diskcache,1135,get_hit,6.15
diskcache,1135,get_hit,6.26
diskcache,1135,get_hit,6.11
diskcache,1135,get_hit,6.12
diskcache,1135,get_hit,6.33
diskcache,1135,get_hit,6.42
diskcache,1135,get_hit,6.16
diskcache,1135,get_hit,6.18
diskcache,1135,get_hit,6.22
diskcache,1135,get_hit,6.47
diskcache,1135,get_hit,6.20
diskcache,1135,get_hit,6.21
diskcache,1135,get_hit,6.15
diskcache,1135,get_hit,6.10
diskcache,1135,get_hit,6.19
diskcache,1135,get_hit,6.50
diskcache,1135,get_hit,6.12
diskcache,1135,get_hit,6.19
diskcache,1135,get_hit,6.15
diskcache,1135,get_hit,6.20
diskcache,1135,get_hit,6.09
diskcache,1135,get_hit,6.56
diskcache,1135,get_hit,6.11
diskcache,1135,get_hit,6.18
diskcache,1135,get_hit,6.24
diskcache,1135,get_hit,6.17
diskcache,1135,get_hit,6.08
diskcache,1135,get_hit,6.32
diskcache,1135,get_hit,6.08
diskcache,1135,get_hit,6.10
diskcache,1135,get_hit,6.17
diskcache,1135,get_hit,6.29
diskcache,1135,get_hit,6.39
diskcache,1135,get_hit,6.11
diskcache,1135,get_hit,6.19
diskcache,1135,get_hit,6.09
diskcache,1135,get_hit,6.09
diskcache,1135,get_hit,6.03
diskcache,1135,get_hit,6.39
diskcache,1135,get_miss,4.98
diskcache,1135,get_miss,4.91
diskcache,1135,get_miss,4.92
diskcache,1135,get_miss,4.90
diskcache,1135,get_miss,4.90
diskcache,1135,get_miss,5.03
diskcache,1135,get_miss,5.16
diskcache,1135,get_miss,4.95
diskcache,1135,get_miss,5.17
diskcache,1135,get_miss,5.00
diskcache,1135,get_miss,4.87
diskcache,1135,get_miss,4.87
diskcache,1135,get_miss,4.90
diskcache,1135,get_miss,5.23
diskcache,1135,get_miss,4.96
diskcache,1135,get_miss,5.07
diskcache,1135,get_miss,5.00
diskcache,1135,get_miss,4.92
diskcache,1135,get_miss,4.96
diskcache,1135,get_miss,4.90
diskcache,1135,get_miss,5.15
diskcache,1135,get_miss,4.92
diskcache,1135,get_miss,4.91
diskcache,1135,get_miss,4.89
diskcache,1135,get_miss,4.90
diskcache,1135,get_miss,5.01
diskcache,1135,get_miss,4.89
diskcache,1135,get_miss,5.23
diskcache,1135,get_miss,4.87
diskcache,1135,get_miss,4.94
diskcache,1135,get_miss,4.85
diskcache,1135,get_miss,4.91
diskcache,1135,get_miss,4.88
diskcache,1135,get_miss,4.89
diskcache,1135,get_miss,5.19
diskcache,1135,get_miss,5.00
diskcache,1135,get_miss,4.89
diskcache,1135,get_miss,4.89
diskcache,1135,get_miss,4.91
diskcache,1135,get_miss,4.90
diskcache,1135,get_miss,4.86
diskcache,1135,get_miss,5.25
diskcache,1135,get_miss,4.92
diskcache,1135,get_miss,4.91
diskcache,1135,get_miss,4.94
diskcache,1135,get_miss,5.00
diskcache,1135,get_miss,4.89
diskcache,1135,get_miss,4.90
diskcache,1135,get_miss,5.27
diskcache,1135,get_miss,4.93
diskcache,1702,set,51.76
diskcache,1702,set,56.38
diskcache,1702,set,50.74
diskcache,1702,set,51.90
diskcache,1702,set,50.84
diskcache,1702,set,53.81
diskcache,1702,set,59.77
diskcache,1702,set,51.67
diskcache,1702,set,51.20
diskcache,1702,set,54.63
diskcache,1702,set,54.04
diskcache,1702,set,53.85
diskcache,1702,set,51.55
diskcache,1702,set,51.17
diskcache,1702,set,60.58
diskcache,1702,set,52.87
diskcache,1702,set,50.65
diskcache,1702,set,51.07
diskcache,1702,set,51.63
diskcache,1702,set,51.48
diskcache,1702,set,55.51
diskcache,1702,set,51.70
diskcache,1702,set,51.84
diskcache,1702,set,58.21
diskcache,1702,set,50.67
diskcache,1702,set,52.05
diskcache,1702,set,50.85
diskcache,1702,set,54.51
diskcache,1702,set,54.44
diskcache,1702,set,50.83
diskcache,1702,set,51.35
diskcache,1702,set,53.32
diskcache,1702,set,59.48
diskcache,1702,set,51.09
diskcache,1702,set,51.25
diskcache,1702,set,52.45
diskcache,1702,set,54.04
diskcache,1702,set,54.06
diskcache,1702,set,52.26
diskcache,1702,set,50.64
diskcache,1702,set,52.56
diskcache,1702,set,59.98
diskcache,1702,set,52.16
diskcache,1702,set,53.62
diskcache,1702,set,51.49
diskcache,1702,set,50.87
diskcache,1702,set,51.19
diskcache,1702,set,51.29
diskcache,1702,set,51.99
diskcache,1702,set,52.65
diskcache,1702,get_hit,7.96
diskcache,1702,get_hit,6.57
diskcache,1702,get_hit,6.25
diskcache,1702,get_hit,6.40
diskcache,1702,get_hit,6.29
diskcache,1702,get_hit,6.60
diskcache,1702,get_hit,6.29
diskcache,1702,get_hit,6.31
diskcache,1702,get_hit,6.26
diskcache,1702,get_hit,6.35
diskcache,1702,get_hit,6.17
diskcache,1702,get_hit,6.78
diskcache,1702,get_hit,6.26
diskcache,1702,get_hit,6.23
diskcache,1702,get_hit,6.31
diskcache,1702,get_hit,6.20
diskcache,1702,get_hit,6.22
diskcache,1702,get_hit,6.55
diskcache,1702,get_hit,6.25
diskcache,1702,get_hit,6.20
diskcache,1702,get_hit,6.19
diskcache,1702,get_hit,6.34
diskcache,1702,get_hit,6.23
diskcache,1702,get_hit,6.31
diskcache,1702,get_hit,6.23
diskcache,1702,get_hit,6.25
diskcache,1702,get_hit,6.37
diskcache,1702,get_hit,6.21
diskcache,1702,get_hit,6.50
diskcache,1702,get_hit,6.59
diskcache,1702,get_hit,6.28
diskcache,1702,get_hit,6.48
diskcache,1702,get_hit,6.29
diskcache,1702,get_hit,6.36
diskcache,1702,get_hit,6.74
diskcache,1702,get_hit,6.48
diskcache,1702,get_hit,6.28
diskcache,1702,get_hit,6.21
diskcache,1702,get_hit,6.24
diskcache,1702,get_hit,6.24
diskcache,1702,get_hit,6.59
diskcache,1702,get_hit,6.35
diskcache,1702,get_hit,6.23
diskcache,1702,get_hit,6.17
diskcache,1702,get_hit,6.18
diskcache,1702,get_hit,6.16
diskcache,1702,get_hit,6.58
diskcache,1702,get_hit,6.17
diskcache,1702,get_hit,6.21
diskcache,1702,get_hit,6.26
diskcache,1702,get_miss,5.12
diskcache,1702,get_miss,5.04
diskcache,1702,get_miss,5.25
diskcache,1702,get_miss,4.91
diskcache,1702,get_miss,4.92
diskcache,1702,get_miss,4.89
diskcache,1702,get_miss,4.96
diskcache,1702,get_miss,4.94
diskcache,1702,get_miss,4.97
diskcache,1702,get_miss,5.20
diskcache,1702,get_miss,5.04
diskcache,1702,get_miss,5.04
diskcache,1702,get_miss,4.92
diskcache,1702,get_miss,4.90
diskcache,1702,get_miss,4.97
diskcache,1702,get_miss,5.04
diskcache,1702,get_miss,5.25
diskcache,1702,get_miss,4.93
diskcache,1702,get_miss,5.02
diskcache,1702,get_miss,4.89
diskcache,1702,get_miss,4.93
diskcache,1702,get_miss,5.04
diskcache,1702,get_miss,4.95
diskcache,1702,get_miss,5.03
diskcache,1702,get_miss,4.97
diskcache,1702,get_miss,5.03
diskcache,1702,get_miss,4.94
diskcache,1702,get_miss,4.99
diskcache,1702,get_miss,4.92
diskcache,1702,get_miss,5.00
diskcache,1702,get_miss,5.05
diskcache,1702,get_miss,5.04
diskcache,1702,get_miss,4.91
diskcache,1702,get_miss,4.90
diskcache,1702,get_miss,4.98
diskcache,1702,get_miss,4.92
diskcache,1702,get_miss,4.93
diskcache,1702,get_miss,5.08
diskcache,1702,get_miss,4.93
diskcache,1702,get_miss,4.89
diskcache,1702,get_miss,4.98
diskcache,1702,get_miss,5.02
diskcache,1702,get_miss,4.89
diskcache,1702,get_miss,4.90
diskcache,1702,get_miss,5.15
diskcache,1702,get_miss,4.98
diskcache,1702,get_miss,4.89
diskcache,1702,get_miss,4.88
diskcache,1702,get_miss,4.91
diskcache,1702,get_miss,5.00
diskcache,2553,set,52.38
diskcache,2553,set,51.80
diskcache,2553,set,50.51
diskcache,2553,set,49.75
diskcache,2553,set,50.97
diskcache,2553,set,51.15
diskcache,2553,set,56.95
diskcache,2553,set,52.47
diskcache,2553,set,50.90
diskcache,2553,set,51.06
diskcache,2553,set,53.88
diskcache,2553,set,56.57
diskcache,2553,set,54.55
diskcache,2553,set,51.40
diskcache,2553,set,52.72
diskcache,2553,set,59.84
diskcache,2553,set,51.46
diskcache,2553,set,53.47
diskcache,2553,set,53.21
diskcache,2553,set,51.89
diskcache,2553,set,54.05
diskcache,2553,set,51.67
diskcache,2553,set,52.64
diskcache,2553,set,58.98
diskcache,2553,set,51.27
diskcache,2553,set,50.52
diskcache,2553,set,51.34
diskcache,2553,set,51.97
diskcache,2553,set,54.63
diskcache,2553,set,50.23
diskcache,2553,set,52.40
diskcache,2553,set,51.21
diskcache,2553,set,57.06
diskcache,2553,set,51.98
diskcache,2553,set,55.50
diskcache,2553,set,51.46
diskcache,2553,set,52.05
diskcache,2553,set,52.31
diskcache,2553,set,52.08
diskcache,2553,set,54.72
diskcache,2553,set,52.48
diskcache,2553,set,59.56
diskcache,2553,set,50.74
diskcache,2553,set,51.91
diskcache,2553,set,51.63
diskcache,2553,set,52.12
diskcache,2553,set,53.49
diskcache,2553,set,50.98
diskcache,2553,set,52.06
diskcache,2553,set,52.27
diskcache,2553,get_hit,7.75
diskcache,2553,get_hit,6.54
diskcache,2553,get_hit,6.39
diskcache,2553,get_hit,6.44
diskcache,2553,get_hit,6.25
diskcache,2553,get_hit,6.42
diskcache,2553,get_hit,6.68
diskcache,2553,get_hit,6.25
diskcache,2553,get_hit,6.33
diskcache,2553,get_hit,6.25
diskcache,2553,get_hit,6.26
diskcache,2553,get_hit,6.29
diskcache,2553,get_hit,6.60
diskcache,2553,get_hit,6.23
diskcache,2553,get_hit,6.24
diskcache,2553,get_hit,6.22
diskcache,2553,get_hit,6.35
diskcache,2553,get_hit,6.19
diskcache,2553,get_hit,6.42
diskcache,2553,get_hit,6.18
diskcache,2553,get_hit,6.20
diskcache,2553,get_hit,6.20
diskcache,2553,get_hit,6.18
diskcache,2553,get_hit,6.26
diskcache,2553,get_hit,6.28
diskcache,2553,get_hit,6.25
diskcache,2553,get_hit,6.21
diskcache,2553,get_hit,6.24
diskcache,2553,get_hit,6.38
diskcache,2553,get_hit,6.63
diskcache,2553,get_hit,6.36
diskcache,2553,get_hit,6.33
diskcache,2553,get_hit,6.35
diskcache,2553,get_hit,6.39
diskcache,2553,get_hit,6.32
diskcache,2553,get_hit,6.74
diskcache,2553,get_hit,6.36
diskcache,2553,get_hit,6.22
diskcache,2553,get_hit,6.40
diskcache,2553,get_hit,6.26
diskcache,2553,get_hit,6.21
diskcache,2553,get_hit,6.60
diskcache,2553,get_hit,6.22
diskcache,2553,get_hit,6.21
diskcache,2553,get_hit,6.24
diskcache,2553,get_hit,6.23
diskcache,2553,get_hit,6.23
diskcache,2553,get_hit,6.54
diskcache,2553,get_hit,6.34
diskcache,2553,get_hit,6.20
diskcache,2553,get_miss,5.00
diskcache,2553,get_miss,4.93
diskcache,2553,get_miss,4.93
diskcache,2553,get_miss,5.26
diskcache,2553,get_miss,4.93
diskcache,2553,get_miss,4.91
diskcache,2553,get_miss,4.99
diskcache,2553,get_miss,4.91
diskcache,2553,get_miss,5.09
diskcache,2553,get_miss,4.89
diskcache,2553,get_miss,5.35
diskcache,2553,get_miss,4.94
diskcache,2553,get_miss,4.95
diskcache,2553,get_miss,4.99
diskcache,2553,get_miss,4.96
diskcache,2553,get_miss,4.93
diskcache,2553,get_miss,4.99
diskcache,2553,get_miss,5.32
diskcache,2553,get_miss,5.04
diskcache,2553,get_miss,4.92
diskcache,2553,get_miss,4.97
diskcache,2553,get_miss,4.93
diskcache,2553,get_miss,5.01
diskcache,2553,get_miss,4.93
diskcache,2553,get_miss,5.20
diskcache,2553,get_miss,4.94
diskcache,2553,get_miss,4.92
diskcache,2553,get_miss,4.91
diskcache,2553,get_miss,5.04
diskcache,2553,get_miss,4.92
diskcache,2553,get_miss,4.90
diskcache,2553,get_miss,5.20
diskcache,2553,get_miss,5.02
diskcache,2553,get_miss,4.98
diskcache,2553,get_miss,5.04
diskcache,2553,get_miss,5.03
diskcache,2553,get_miss,4.95
diskcache,2553,get_miss,4.99
diskcache,2553,get_miss,5.41
diskcache,2553,get_miss,4.97
diskcache,2553,get_miss,4.97
diskcache,2553,get_miss,4.94
diskcache,2553,get_miss,4.97
diskcache,2553,get_miss,4.96
diskcache,2553,get_miss,4.99
diskcache,2553,get_miss,5.07
diskcache,2553,get_miss,4.98
diskcache,2553,get_miss,4.97
diskcache,2553,get_miss,5.05
diskcache,2553,get_miss,4.97
diskcache,3829,set,53.12
diskcache,3829,set,52.15
diskcache,3829,set,57.44
diskcache,3829,set,50.81
diskcache,3829,set,52.53
diskcache,3829,set,51.26
diskcache,3829,set,51.45
diskcache,3829,set,51.95
diskcache,3829,set,51.21
diskcache,3829,set,52.95
diskcache,3829,set,53.85
diskcache,3829,set,63.67
diskcache,3829,set,52.43
diskcache,3829,set,53.38
diskcache,3829,set,53.81
diskcache,3829,set,56.84
diskcache,3829,set,68.04
diskcache,3829,set,66.79
diskcache,3829,set,57.91
diskcache,3829,set,54.61
diskcache,3829,set,65.48
diskcache,3829,set,51.16
diskcache,3829,set,53.16
diskcache,3829,set,50.92
diskcache,3829,set,53.78
diskcache,3829,set,52.27
diskcache,3829,set,54.75
diskcache,3829,set,55.26
diskcache,3829,set,55.69
diskcache,3829,set,57.06
diskcache,3829,set,50.94
diskcache,3829,set,51.98
diskcache,3829,set,52.18
diskcache,3829,set,53.69
diskcache,3829,set,51.68
diskcache,3829,set,52.28
diskcache,3829,set,54.18
diskcache,3829,set,52.68
diskcache,3829,set,61.20
diskcache,3829,set,52.03
diskcache,3829,set,54.06
diskcache,3829,set,53.69
diskcache,3829,set,52.47
diskcache,3829,set,53.69
diskcache,3829,set,51.24
diskcache,3829,set,51.76
diskcache,3829,set,52.19
diskcache,3829,set,57.47
diskcache,3829,set,53.29
diskcache,3829,set,55.65
diskcache,3829,get_hit,7.72
diskcache,3829,get_hit,7.15
diskcache,3829,get_hit,6.32
diskcache,3829,get_hit,6.25
diskcache,3829,get_hit,6.35
diskcache,3829,get_hit,6.34
diskcache,3829,get_hit,6.53
diskcache,3829,get_hit,6.31
diskcache,3829,get_hit,6.21
diskcache,3829,get_hit,6.75
diskcache,3829,get_hit,6.33
diskcache,3829,get_hit,6.43
diskcache,3829,get_hit,6.47
diskcache,3829,get_hit,6.33
diskcache,3829,get_hit,6.32
diskcache,3829,get_hit,6.58
diskcache,3829,get_hit,6.42
diskcache,3829,get_hit,6.30
diskcache,3829,get_hit,6.30
diskcache,3829,get_hit,6.28
diskcache,3829,get_hit,6.42
diskcache,3829,get_hit,6.35
diskcache,3829,get_hit,6.25
diskcache,3829,get_hit,6.24
diskcache,3829,get_hit,6.25
diskcache,3829,get_hit,6.25
diskcache,3829,get_hit,6.59
diskcache,3829,get_hit,6.36
diskcache,3829,get_hit,6.24
diskcache,3829,get_hit,6.21
diskcache,3829,get_hit,6.23
diskcache,3829,get_hit,6.24
diskcache,3829,get_hit,6.61
diskcache,3829,get_hit,6.26
diskcache,3829,get_hit,6.30
diskcache,3829,get_hit,6.26
diskcache,3829,get_hit,6.27
diskcache,3829,get_hit,6.39
diskcache,3829,get_hit,6.63
diskcache,3829,get_hit,6.28
diskcache,3829,get_hit,6.26
diskcache,3829,get_hit,6.22
diskcache,3829,get_hit,6.29
diskcache,3829,get_hit,6.26
diskcache,3829,get_hit,6.61
diskcache,3829,get_hit,6.25
diskcache,3829,get_hit,6.21
diskcache,3829,get_hit,6.35
diskcache,3829,get_hit,6.20
diskcache,3829,get_hit,6.19
diskcache,3829,get_miss,5.11
diskcache,3829,get_miss,4.96
diskcache,3829,get_miss,4.98
diskcache,3829,get_miss,4.93
diskcache,3829,get_miss,4.91
diskcache,3829,get_miss,4.94
diskcache,3829,get_miss,5.28
diskcache,3829,get_miss,5.12
diskcache,3829,get_miss,5.02
diskcache,3829,get_miss,4.93
diskcache,3829,get_miss,4.96
diskcache,3829,get_miss,4.90
diskcache,3829,get_miss,4.95
diskcache,3829,get_miss,5.37
diskcache,3829,get_miss,5.00
diskcache,3829,get_miss,5.00
diskcache,3829,get_miss,4.97
diskcache,3829,get_miss,5.10
diskcache,3829,get_miss,5.01
diskcache,3829,get_miss,4.95
diskcache,3829,get_miss,5.23
diskcache,3829,get_miss,5.01
diskcache,3829,get_miss,5.05
diskcache,3829,get_miss,4.99
diskcache,3829,get_miss,4.99
diskcache,3829,get_miss,5.02
diskcache,3829,get_miss,5.04
diskcache,3829,get_miss,5.51
diskcache,3829,get_miss,5.11
diskcache,3829,get_miss,5.29
diskcache,3829,get_miss,5.12
diskcache,3829,get_miss,5.04
diskcache,3829,get_miss,5.10
diskcache,3829,get_miss,5.11
diskcache,3829,get_miss,5.22
diskcache,3829,get_miss,5.19
diskcache,3829,get_miss,5.15
diskcache,3829,get_miss,5.28
diskcache,3829,get_miss,5.17
diskcache,3829,get_miss,5.09
diskcache,3829,get_miss,5.54
diskcache,3829,get_miss,5.10
diskcache,3829,get_miss,5.12
diskcache,3829,get_miss,5.14
diskcache,3829,get_miss,5.14
diskcache,3829,get_miss,5.17
diskcache,3829,get_miss,5.09
diskcache,3829,get_miss,5.41
diskcache,3829,get_miss,4.97
diskcache,3829,get_miss,5.00
diskcache,5743,set,51.39
diskcache,5743,set,52.45
diskcache,5743,set,50.32
diskcache,5743,set,56.15
diskcache,5743,set,49.33
diskcache,5743,set,53.32
diskcache,5743,set,50.42
diskcache,5743,set,50.88
diskcache,5743,set,51.53
diskcache,5743,set,53.09
diskcache,5743,set,56.81
diskcache,5743,set,54.50
diskcache,5743,set,57.50
diskcache,5743,set,51.09
diskcache,5743,set,55.51
diskcache,5743,set,53.52
diskcache,5743,set,51.48
diskcache,5743,set,50.71
diskcache,5743,set,52.23
diskcache,5743,set,53.36
diskcache,5743,set,61.14
diskcache,5743,set,53.54
diskcache,5743,set,50.84
diskcache,5743,set,50.01
diskcache,5743,set,51.51
diskcache,5743,set,51.49
diskcache,5743,set,51.24
diskcache,5743,set,54.43
diskcache,5743,set,54.75
diskcache,5743,set,56.54
diskcache,5743,set,50.86
diskcache,5743,set,52.04
diskcache,5743,set,54.39
diskcache,5743,set,51.54
diskcache,5743,set,51.61
diskcache,5743,set,52.31
diskcache,5743,set,55.14
diskcache,5743,set,53.93
diskcache,5743,set,56.96
diskcache,5743,set,50.56
diskcache,5743,set,52.95
diskcache,5743,set,55.08
diskcache,5743,set,51.93
diskcache,5743,set,52.51
diskcache,5743,set,52.94
diskcache,5743,set,53.03
diskcache,5743,set,51.54
diskcache,5743,set,57.50
diskcache,5743,set,58.94
diskcache,5743,set,66.58
diskcache,5743,get_hit,9.90
diskcache,5743,get_hit,7.91
diskcache,5743,get_hit,10.99
diskcache,5743,get_hit,9.46
diskcache,5743,get_hit,8.98
diskcache,5743,get_hit,7.03
diskcache,5743,get_hit,6.43
diskcache,5743,get_hit,6.46
diskcache,5743,get_hit,6.46
diskcache,5743,get_hit,6.48
diskcache,5743,get_hit,6.36
diskcache,5743,get_hit,6.55
diskcache,5743,get_hit,6.27
diskcache,5743,get_hit,6.39
diskcache,5743,get_hit,6.28
diskcache,5743,get_hit,6.26
diskcache,5743,get_hit,6.24
diskcache,5743,get_hit,6.30
diskcache,5743,get_hit,6.37
diskcache,5743,get_hit,6.24
diskcache,5743,get_hit,6.25
diskcache,5743,get_hit,6.22
diskcache,5743,get_hit,6.51
diskcache,5743,get_hit,6.45
diskcache,5743,get_hit,6.26
diskcache,5743,get_hit,6.28
diskcache,5743,get_hit,6.25
diskcache,5743,get_hit,6.25
diskcache,5743,get_hit,6.61
diskcache,5743,get_hit,6.29
diskcache,5743,get_hit,6.21
diskcache,5743,get_hit,6.30
diskcache,5743,get_hit,6.22
diskcache,5743,get_hit,6.34
diskcache,5743,get_hit,6.57
diskcache,5743,get_hit,6.20
diskcache,5743,get_hit,6.16
diskcache,5743,get_hit,6.21
diskcache,5743,get_hit,6.26
diskcache,5743,get_hit,6.17
diskcache,5743,get_hit,6.61
diskcache,5743,get_hit,6.22
diskcache,5743,get_hit,6.25
diskcache,5743,get_hit,6.31
diskcache,5743,get_hit,6.20
diskcache,5743,get_hit,6.13
diskcache,5743,get_hit,6.59
diskcache,5743,get_hit,6.23
diskcache,5743,get_hit,6.21
diskcache,5743,get_hit,6.16
diskcache,5743,get_miss,5.01
diskcache,5743,get_miss,4.88
diskcache,5743,get_miss,5.24
diskcache,5743,get_miss,5.03
diskcache,5743,get_miss,4.88
diskcache,5743,get_miss,4.88
diskcache,5743,get_miss,4.92
diskcache,5743,get_miss,4.94
diskcache,5743,get_miss,4.93
diskcache,5743,get_miss,5.20
diskcache,5743,get_miss,4.92
diskcache,5743,get_miss,4.97
diskcache,5743,get_miss,4.93
diskcache,5743,get_miss,5.07
diskcache,5743,get_miss,4.91
diskcache,5743,get_miss,5.01
diskcache,5743,get_miss,5.26
diskcache,5743,get_miss,4.99
diskcache,5743,get_miss,4.96
diskcache,5743,get_miss,4.90
diskcache,5743,get_miss,4.94
diskcache,5743,get_miss,5.01
diskcache,5743,get_miss,5.02
diskcache,5743,get_miss,5.54
diskcache,5743,get_miss,5.10
diskcache,5743,get_miss,5.12
diskcache,5743,get_miss,5.04
diskcache,5743,get_miss,5.07
diskcache,5743,get_miss,5.06
diskcache,5743,get_miss,4.97
diskcache,5743,get_miss,5.03
diskcache,5743,get_miss,4.98
diskcache,5743,get_miss,5.00
diskcache,5743,get_miss,5.13
diskcache,5743,get_miss,4.97
diskcache,5743,get_miss,5.01
diskcache,5743,get_miss,5.05
diskcache,5743,get_miss,5.09
diskcache,5743,get_miss,4.97
diskcache,5743,get_miss,5.03
diskcache,5743,get_miss,4.89
diskcache,5743,get_miss,4.98
diskcache,5743,get_miss,4.95
diskcache,5743,get_miss,5.02
diskcache,5743,get_miss,5.17
diskcache,5743,get_miss,4.95
diskcache,5743,get_miss,4.94
diskcache,5743,get_miss,5.08
diskcache,5743,get_miss,4.96
diskcache,5743,get_miss,4.94
diskcache,8614,set,52.76
diskcache,8614,set,60.34
diskcache,8614,set,50.03
diskcache,8614,set,51.89
diskcache,8614,set,50.45
diskcache,8614,set,53.65
diskcache,8614,set,53.72
diskcache,8614,set,52.04
diskcache,8614,set,52.74
diskcache,8614,set,52.92
diskcache,8614,set,62.73
diskcache,8614,set,55.85
diskcache,8614,set,53.43
diskcache,8614,set,52.56
diskcache,8614,set,52.90
diskcache,8614,set,54.11
diskcache,8614,set,50.89
diskcache,8614,set,51.24
diskcache,8614,set,53.17
diskcache,8614,set,58.63
diskcache,8614,set,53.66
diskcache,8614,set,51.39
diskcache,8614,set,50.63
diskcache,8614,set,53.16
diskcache,8614,set,52.92
diskcache,8614,set,51.93
diskcache,8614,set,51.89
diskcache,8614,set,54.16
diskcache,8614,set,67.76
diskcache,8614,set,50.22
diskcache,8614,set,51.10
diskcache,8614,set,52.02
diskcache,8614,set,52.33
diskcache,8614,set,52.30
diskcache,8614,set,52.37
diskcache,8614,set,54.62
diskcache,8614,set,59.17
diskcache,8614,set,51.31
diskcache,8614,set,50.99
diskcache,8614,set,51.26
diskcache,8614,set,52.92
diskcache,8614,set,55.38
diskcache,8614,set,52.67
diskcache,8614,set,51.77
diskcache,8614,set,52.18
diskcache,8614,set,57.59
diskcache,8614,set,54.84
diskcache,8614,set,51.39
diskcache,8614,set,52.35
diskcache,8614,set,54.08
diskcache,8614,get_hit,8.05
diskcache,8614,get_hit,6.77
diskcache,8614,get_hit,6.68
diskcache,8614,get_hit,7.80
diskcache,8614,get_hit,6.58
diskcache,8614,get_hit,6.38
diskcache,8614,get_hit,6.48
diskcache,8614,get_hit,6.30
diskcache,8614,get_hit,6.67
diskcache,8614,get_hit,6.32
diskcache,8614,get_hit,6.27
diskcache,8614,get_hit,6.38
diskcache,8614,get_hit,6.32
diskcache,8614,get_hit,6.32
diskcache,8614,get_hit,6.70
diskcache,8614,get_hit,6.29
diskcache,8614,get_hit,6.37
diskcache,8614,get_hit,6.43
diskcache,8614,get_hit,6.25
diskcache,8614,get_hit,6.27
diskcache,8614,get_hit,6.62
diskcache,8614,get_hit,6.25
diskcache,8614,get_hit,6.33
diskcache,8614,get_hit,6.28
diskcache,8614,get_hit,6.79
diskcache,8614,get_hit,6.48
diskcache,8614,get_hit,6.40
diskcache,8614,get_hit,6.62
diskcache,8614,get_hit,6.29
diskcache,8614,get_hit,6.32
diskcache,8614,get_hit,6.38
diskcache,8614,get_hit,6.61
diskcache,8614,get_hit,6.38
diskcache,8614,get_hit,6.25
diskcache,8614,get_hit,6.34
diskcache,8614,get_hit,6.22
diskcache,8614,get_hit,6.24
diskcache,8614,get_hit,6.86
diskcache,8614,get_hit,6.42
diskcache,8614,get_hit,6.33
diskcache,8614,get_hit,6.30
diskcache,8614,get_hit,6.24
diskcache,8614,get_hit,6.29
diskcache,8614,get_hit,6.66
diskcache,8614,get_hit,6.25
diskcache,8614,get_hit,6.24
diskcache,8614,get_hit,6.20
diskcache,8614,get_hit,6.38
diskcache,8614,get_hit,6.24
diskcache,8614,get_hit,6.45
diskcache,8614,get_miss,4.96
diskcache,8614,get_miss,4.87
diskcache,8614,get_miss,4.92
diskcache,8614,get_miss,4.95
diskcache,8614,get_miss,4.87
diskcache,8614,get_miss,5.28
diskcache,8614,get_miss,4.95
diskcache,8614,get_miss,5.03
diskcache,8614,get_miss,4.91
diskcache,8614,get_miss,4.87
diskcache,8614,get_miss,4.97
diskcache,8614,get_miss,4.91
diskcache,8614,get_miss,5.31
diskcache,8614,get_miss,4.90
diskcache,8614,get_miss,4.92
diskcache,8614,get_miss,4.89
diskcache,8614,get_miss,4.87
diskcache,8614,get_miss,5.04
diskcache,8614,get_miss,4.96
diskcache,8614,get_miss,5.22
diskcache,8614,get_miss,4.92
diskcache,8614,get_miss,4.95
diskcache,8614,get_miss,4.97
diskcache,8614,get_miss,4.94
diskcache,8614,get_miss,4.92
diskcache,8614,get_miss,4.95
diskcache,8614,get_miss,5.29
diskcache,8614,get_miss,5.05
diskcache,8614,get_miss,4.91
diskcache,8614,get_miss,4.88
diskcache,8614,get_miss,4.88
diskcache,8614,get_miss,4.98
diskcache,8614,get_miss,4.94
diskcache,8614,get_miss,5.20
diskcache,8614,get_miss,4.94
diskcache,8614,get_miss,4.94
diskcache,8614,get_miss,4.91
diskcache,8614,get_miss,5.06
diskcache,8614,get_miss,5.00
diskcache,8614,get_miss,4.91
diskcache,8614,get_miss,5.17
diskcache,8614,get_miss,4.91
diskcache,8614,get_miss,4.92
diskcache,8614,get_miss,4.92
diskcache,8614,get_miss,4.96
diskcache,8614,get_miss,4.92
diskcache,8614,get_miss,4.95
diskcache,8614,get_miss,5.35
diskcache,8614,get_miss,4.92
diskcache,8614,get_miss,4.90
diskcache,12921,set,54.18
diskcache,12921,set,58.66
diskcache,12921,set,53.69
diskcache,12921,set,50.43
diskcache,12921,set,51.33
diskcache,12921,set,52.57
diskcache,12921,set,54.36
diskcache,12921,set,53.40
diskcache,12921,set,52.37
diskcache,12921,set,51.37
diskcache,12921,set,59.96
diskcache,12921,set,59.49
diskcache,12921,set,51.41
diskcache,12921,set,51.56
diskcache,12921,set,53.71
diskcache,12921,set,54.36
diskcache,12921,set,54.89
diskcache,12921,set,52.39
diskcache,12921,set,59.03
diskcache,12921,set,52.73
diskcache,12921,set,52.72
diskcache,12921,set,53.93
diskcache,12921,set,53.34
diskcache,12921,set,51.19
diskcache,12921,set,51.40
diskcache,12921,set,51.91
diskcache,12921,set,51.45
diskcache,12921,set,57.81
diskcache,12921,set,53.35
diskcache,12921,set,52.38
diskcache,12921,set,52.66
diskcache,12921,set,52.32
diskcache,12921,set,53.94
diskcache,12921,set,55.44
diskcache,12921,set,51.90
diskcache,12921,set,53.17
diskcache,12921,set,57.99
diskcache,12921,set,54.97
diskcache,12921,set,51.27
diskcache,12921,set,51.58
diskcache,12921,set,52.88
diskcache,12921,set,52.38
diskcache,12921,set,54.96
diskcache,12921,set,51.40
diskcache,12921,set,53.94
diskcache,12921,set,60.16
diskcache,12921,set,49.67
diskcache,12921,set,52.07
diskcache,12921,set,51.88
diskcache,12921,set,51.87
diskcache,12921,get_hit,8.69
diskcache,12921,get_hit,6.72
diskcache,12921,get_hit,6.69
diskcache,12921,get_hit,7.57
diskcache,12921,get_hit,7.67
diskcache,12921,get_hit,7.74
diskcache,12921,get_hit,6.84
diskcache,12921,get_hit,6.38
diskcache,12921,get_hit,6.67
diskcache,12921,get_hit,6.38
diskcache,12921,get_hit,6.41
diskcache,12921,get_hit,6.34
diskcache,12921,get_hit,6.40
diskcache,12921,get_hit,6.43
diskcache,12921,get_hit,6.78
diskcache,12921,get_hit,6.35
diskcache,12921,get_hit,6.30
diskcache,12921,get_hit,6.30
diskcache,12921,get_hit,6.35
diskcache,12921,get_hit,6.25
diskcache,12921,get_hit,6.49
diskcache,12921,get_hit,6.31
diskcache,12921,get_hit,6.32
diskcache,12921,get_hit,6.37
diskcache,12921,get_hit,6.37
diskcache,12921,get_hit,7.05
diskcache,12921,get_hit,6.33
diskcache,12921,get_hit,6.35
diskcache,12921,get_hit,6.27
diskcache,12921,get_hit,6.32
diskcache,12921,get_hit,6.42
diskcache,12921,get_hit,6.70
diskcache,12921,get_hit,6.39
diskcache,12921,get_hit,6.36
diskcache,12921,get_hit,6.26
diskcache,12921,get_hit,6.31
diskcache,12921,get_hit,6.41
diskcache,12921,get_hit,6.49
diskcache,12921,get_hit,6.35
diskcache,12921,get_hit,6.34
diskcache,12921,get_hit,6.47
diskcache,12921,get_hit,6.33
diskcache,12921,get_hit,6.71
diskcache,12921,get_hit,6.33
diskcache,12921,get_hit,6.33
diskcache,12921,get_hit,6.36
diskcache,12921,get_hit,6.41
diskcache,12921,get_hit,6.34
diskcache,12921,get_hit,6.95
diskcache,12921,get_hit,6.40
diskcache,12921,get_miss,5.19
diskcache,12921,get_miss,5.00
diskcache,12921,get_miss,4.97
diskcache,12921,get_miss,4.95
diskcache,12921,get_miss,5.04
diskcache,12921,get_miss,5.06
diskcache,12921,get_miss,5.05
diskcache,12921,get_miss,5.09
diskcache,12921,get_miss,5.06
diskcache,12921,get_miss,4.97
diskcache,12921,get_miss,5.08
diskcache,12921,get_miss,5.36
diskcache,12921,get_miss,4.98
diskcache,12921,get_miss,4.98
diskcache,12921,get_miss,5.00
diskcache,12921,get_miss,5.08
diskcache,12921,get_miss,5.04
diskcache,12921,get_miss,5.04
diskcache,12921,get_miss,5.33
diskcache,12921,get_miss,4.97
diskcache,12921,get_miss,5.21
diskcache,12921,get_miss,5.11
diskcache,12921,get_miss,5.02
diskcache,12921,get_miss,5.09
diskcache,12921,get_miss,5.05
diskcache,12921,get_miss,5.35
diskcache,12921,get_miss,5.02
diskcache,12921,get_miss,5.00
diskcache,12921,get_miss,5.02
diskcache,12921,get_miss,4.96
diskcache,12921,get_miss,5.10
diskcache,12921,get_miss,4.97
diskcache,12921,get_miss,5.34
diskcache,12921,get_miss,5.05
diskcache,12921,get_miss,5.50
diskcache,12921,get_miss,5.08
diskcache,12921,get_miss,5.04
diskcache,12921,get_miss,5.02
diskcache,12921,get_miss,4.98
diskcache,12921,get_miss,5.29
diskcache,12921,get_miss,5.09
diskcache,12921,get_miss,4.96
diskcache,12921,get_miss,5.00
diskcache,12921,get_miss,4.98
diskcache,12921,get_miss,5.01
diskcache,12921,get_miss,5.01
diskcache,12921,get_miss,5.44
diskcache,12921,get_miss,5.02
diskcache,12921,get_miss,4.96
diskcache,12921,get_miss,5.08
diskcache,19381,set,51.72
diskcache,19381,set,52.36
diskcache,19381,set,52.94
diskcache,19381,set,53.60
diskcache,19381,set,53.28
diskcache,19381,set,51.51
diskcache,19381,set,58.42
diskcache,19381,set,50.77
diskcache,19381,set,58.45
diskcache,19381,set,52.10
diskcache,19381,set,52.44
diskcache,19381,set,57.43
diskcache,19381,set,52.62
diskcache,19381,set,52.66
diskcache,19381,set,55.25
diskcache,19381,set,54.54
diskcache,19381,set,56.02
diskcache,19381,set,57.49
diskcache,19381,set,51.29
diskcache,19381,set,53.59
diskcache,19381,set,68.47
diskcache,19381,set,64.33
diskcache,19381,set,58.60
diskcache,19381,set,60.34
diskcache,19381,set,60.46
diskcache,19381,set,62.38
diskcache,19381,set,67.08
diskcache,19381,set,59.72
diskcache,19381,set,63.91
diskcache,19381,set,59.82
diskcache,19381,set,58.35
diskcache,19381,set,58.23
diskcache,19381,set,60.93
diskcache,19381,set,60.37
diskcache,19381,set,59.56
diskcache,19381,set,62.34
diskcache,19381,set,60.76
diskcache,19381,set,60.40
diskcache,19381,set,56.23
diskcache,19381,set,58.16
diskcache,19381,set,59.63
diskcache,19381,set,61.24
diskcache,19381,set,61.23
diskcache,19381,set,65.62
diskcache,19381,set,57.78
diskcache,19381,set,58.21
diskcache,19381,set,59.13
diskcache,19381,set,58.87
diskcache,19381,set,59.94
diskcache,19381,set,61.20
diskcache,19381,get_hit,9.64
diskcache,19381,get_hit,8.62
diskcache,19381,get_hit,7.65
diskcache,19381,get_hit,7.80
diskcache,19381,get_hit,8.31
diskcache,19381,get_hit,8.01
diskcache,19381,get_hit,8.46
diskcache,19381,get_hit,9.06
diskcache,19381,get_hit,8.98
diskcache,19381,get_hit,8.54
diskcache,19381,get_hit,7.56
diskcache,19381,get_hit,7.24
diskcache,19381,get_hit,7.64
diskcache,19381,get_hit,8.69
diskcache,19381,get_hit,6.44
diskcache,19381,get_hit,6.50
diskcache,19381,get_hit,6.49
diskcache,19381,get_hit,6.33
diskcache,19381,get_hit,6.33
diskcache,19381,get_hit,6.37
diskcache,19381,get_hit,6.36
diskcache,19381,get_hit,6.70
diskcache,19381,get_hit,6.30
diskcache,19381,get_hit,6.44
diskcache,19381,get_hit,6.34
diskcache,19381,get_hit,6.33
diskcache,19381,get_hit,6.40
diskcache,19381,get_hit,6.71
diskcache,19381,get_hit,6.34
diskcache,19381,get_hit,6.35
diskcache,19381,get_hit,6.36
diskcache,19381,get_hit,6.39
diskcache,19381,get_hit,6.32
diskcache,19381,get_hit,6.58
diskcache,19381,get_hit,6.34
diskcache,19381,get_hit,6.34
diskcache,19381,get_hit,6.39
diskcache,19381,get_hit,6.33
diskcache,19381,get_hit,7.10
diskcache,19381,get_hit,6.40
diskcache,19381,get_hit,6.37
diskcache,19381,get_hit,6.34
diskcache,19381,get_hit,6.39
diskcache,19381,get_hit,6.49
diskcache,19381,get_hit,6.73
diskcache,19381,get_hit,6.33
diskcache,19381,get_hit,6.34
diskcache,19381,get_hit,6.30
diskcache,19381,get_hit,6.35
diskcache,19381,get_hit,6.45
diskcache,19381,get_miss,5.17
diskcache,19381,get_miss,5.06
diskcache,19381,get_miss,5.12
diskcache,19381,get_miss,5.18
diskcache,19381,get_miss,5.08
diskcache,19381,get_miss,5.00
diskcache,19381,get_miss,5.30
diskcache,19381,get_miss,5.14
diskcache,19381,get_miss,5.06
diskcache,19381,get_miss,5.02
diskcache,19381,get_miss,5.06
diskcache,19381,get_miss,4.99
diskcache,19381,get_miss,5.03
diskcache,19381,get_miss,5.67
diskcache,19381,get_miss,5.16
diskcache,19381,get_miss,5.00
diskcache,19381,get_miss,5.06
diskcache,19381,get_miss,5.04
diskcache,19381,get_miss,5.06
diskcache,19381,get_miss,4.99
diskcache,19381,get_miss,5.43
diskcache,19381,get_miss,5.06
diskcache,19381,get_miss,5.15
diskcache,19381,get_miss,5.09
diskcache,19381,get_miss,5.17
diskcache,19381,get_miss,5.07
diskcache,19381,get_miss,5.11
diskcache,19381,get_miss,5.12
diskcache,19381,get_miss,5.01
diskcache,19381,get_miss,5.02
diskcache,19381,get_miss,5.03
diskcache,19381,get_miss,5.07
diskcache,19381,get_miss,5.06
diskcache,19381,get_miss,5.04
diskcache,19381,get_miss,5.22
diskcache,19381,get_miss,5.05
diskcache,19381,get_miss,5.02
diskcache,19381,get_miss,5.12
diskcache,19381,get_miss,5.00
diskcache,19381,get_miss,5.03
diskcache,19381,get_miss,6.22
diskcache,19381,get_miss,5.02
diskcache,19381,get_miss,5.11
diskcache,19381,get_miss,5.02
diskcache,19381,get_miss,5.16
diskcache,19381,get_miss,5.02
diskcache,19381,get_miss,5.08
diskcache,19381,get_miss,5.48
diskcache,19381,get_miss,5.01
diskcache,19381,get_miss,5.02
diskcache,29071,set,53.28
diskcache,29071,set,50.97
diskcache,29071,set,53.55
diskcache,29071,set,50.65
diskcache,29071,set,51.14
diskcache,29071,set,52.24
diskcache,29071,set,57.17
diskcache,29071,set,51.43
diskcache,29071,set,50.53
diskcache,29071,set,53.03
diskcache,29071,set,51.74
diskcache,29071,set,58.95
diskcache,29071,set,51.43
diskcache,29071,set,54.98
diskcache,29071,set,54.44
diskcache,29071,set,62.43
diskcache,29071,set,54.34
diskcache,29071,set,51.28
diskcache,29071,set,51.86
diskcache,29071,set,52.23
diskcache,29071,set,54.60
diskcache,29071,set,53.05
diskcache,29071,set,52.80
diskcache,29071,set,56.76
diskcache,29071,set,53.21
diskcache,29071,set,52.44
diskcache,29071,set,51.14
diskcache,29071,set,53.56
diskcache,29071,set,52.93
diskcache,29071,set,52.85
diskcache,29071,set,51.54
diskcache,29071,set,52.78
diskcache,29071,set,58.63
diskcache,29071,set,54.19
diskcache,29071,set,52.41
diskcache,29071,set,53.38
diskcache,29071,set,54.71
diskcache,29071,set,53.40
diskcache,29071,set,54.78
diskcache,29071,set,51.62
diskcache,29071,set,55.19
diskcache,29071,set,58.04
diskcache,29071,set,54.58
diskcache,29071,set,50.36
diskcache,29071,set,51.52
diskcache,29071,set,52.79
diskcache,29071,set,52.33
diskcache,29071,set,54.97
diskcache,29071,set,52.08
diskcache,29071,set,52.04
diskcache,29071,get_hit,7.86
diskcache,29071,get_hit,8.80
diskcache,29071,get_hit,6.80
diskcache,29071,get_hit,7.04
diskcache,29071,get_hit,6.74
diskcache,29071,get_hit,6.84
diskcache,29071,get_hit,6.72
diskcache,29071,get_hit,6.69
diskcache,29071,get_hit,6.97
diskcache,29071,get_hit,6.74
diskcache,29071,get_hit,7.83
diskcache,29071,get_hit,7.82
diskcache,29071,get_hit,7.91
diskcache,29071,get_hit,7.80
diskcache,29071,get_hit,7.01
diskcache,29071,get_hit,6.53
diskcache,29071,get_hit,7.04
diskcache,29071,get_hit,6.33
diskcache,29071,get_hit,6.65
diskcache,29071,get_hit,6.44
diskcache,29071,get_hit,6.41
diskcache,29071,get_hit,6.40
diskcache,29071,get_hit,6.42
diskcache,29071,get_hit,6.31
diskcache,29071,get_hit,6.71
diskcache,29071,get_hit,6.35
diskcache,29071,get_hit,6.28
diskcache,29071,get_hit,6.30
diskcache,29071,get_hit,6.30
diskcache,29071,get_hit,6.30
diskcache,29071,get_hit,6.64
diskcache,29071,get_hit,6.37
diskcache,29071,get_hit,6.47
diskcache,29071,get_hit,6.27
diskcache,29071,get_hit,6.30
diskcache,29071,get_hit,6.26
diskcache,29071,get_hit,6.58
diskcache,29071,get_hit,6.29
diskcache,29071,get_hit,6.39
diskcache,29071,get_hit,6.37
diskcache,29071,get_hit,6.39
diskcache,29071,get_hit,6.30
diskcache,29071,get_hit,6.51
diskcache,29071,get_hit,6.42
diskcache,29071,get_hit,6.26
diskcache,29071,get_hit,6.62
diskcache,29071,get_hit,6.41
diskcache,29071,get_hit,6.59
diskcache,29071,get_hit,6.34
diskcache,29071,get_hit,6.44
diskcache,29071,get_miss,5.05
diskcache,29071,get_miss,5.00
diskcache,29071,get_miss,5.12
diskcache,29071,get_miss,4.99
diskcache,29071,get_miss,5.46
diskcache,29071,get_miss,5.02
diskcache,29071,get_miss,5.07
diskcache,29071,get_miss,5.07
diskcache,29071,get_miss,5.01
diskcache,29071,get_miss,5.07
diskcache,29071,get_miss,4.99
diskcache,29071,get_miss,5.15
diskcache,29071,get_miss,5.15
diskcache,29071,get_miss,5.03
diskcache,29071,get_miss,5.11
diskcache,29071,get_miss,5.03
diskcache,29071,get_miss,5.07
diskcache,29071,get_miss,5.37
diskcache,29071,get_miss,5.11
diskcache,29071,get_miss,5.06
diskcache,29071,get_miss,5.07
diskcache,29071,get_miss,5.09
diskcache,29071,get_miss,5.15
diskcache,29071,get_miss,5.11
diskcache,29071,get_miss,5.61
diskcache,29071,get_miss,5.03
diskcache,29071,get_miss,5.06
diskcache,29071,get_miss,5.10
diskcache,29071,get_miss,5.05
diskcache,29071,get_miss,5.00
diskcache,29071,get_miss,5.04
diskcache,29071,get_miss,5.33
diskcache,29071,get_miss,5.16
diskcache,29071,get_miss,5.04
diskcache,29071,get_miss,5.03
diskcache,29071,get_miss,5.03
diskcache,29071,get_miss,5.08
diskcache,29071,get_miss,5.06
diskcache,29071,get_miss,5.49
diskcache,29071,get_miss,5.11
diskcache,29071,get_miss,5.02
diskcache,29071,get_miss,5.04
diskcache,29071,get_miss,5.16
diskcache,29071,get_miss,5.17
diskcache,29071,get_miss,5.07
diskcache,29071,get_miss,5.36
diskcache,29071,get_miss,5.15
diskcache,29071,get_miss,5.02
diskcache,29071,get_miss,5.10
diskcache,29071,get_miss,5.03
diskcache,43606,set,52.49
diskcache,43606,set,51.63
diskcache,43606,set,51.18
diskcache,43606,set,52.10
diskcache,43606,set,55.98
diskcache,43606,set,53.64
diskcache,43606,set,57.09
diskcache,43606,set,56.28
diskcache,43606,set,53.56
diskcache,43606,set,52.16
diskcache,43606,set,54.40
diskcache,43606,set,56.84
diskcache,43606,set,53.16
diskcache,43606,set,53.00
diskcache,43606,set,55.13
diskcache,43606,set,57.79
diskcache,43606,set,58.08
diskcache,43606,set,53.53
diskcache,43606,set,51.91
diskcache,43606,set,53.09
diskcache,43606,set,54.58
diskcache,43606,set,53.70
diskcache,43606,set,51.74
diskcache,43606,set,52.16
diskcache,43606,set,53.44
diskcache,43606,set,63.27
diskcache,43606,set,52.88
diskcache,43606,set,55.96
diskcache,43606,set,54.35
diskcache,43606,set,52.12
diskcache,43606,set,52.93
diskcache,43606,set,53.94
diskcache,43606,set,55.31
diskcache,43606,set,52.28
diskcache,43606,set,58.11
diskcache,43606,set,54.01
diskcache,43606,set,53.92
diskcache,43606,set,52.88
diskcache,43606,set,51.49
diskcache,43606,set,52.49
diskcache,43606,set,54.56
diskcache,43606,set,54.63
diskcache,43606,set,58.28
diskcache,43606,set,50.78
diskcache,43606,set,52.96
diskcache,43606,set,54.10
diskcache,43606,set,55.25
diskcache,43606,set,51.65
diskcache,43606,set,53.46
diskcache,43606,set,53.01
diskcache,43606,get_hit,7.99
diskcache,43606,get_hit,9.14
diskcache,43606,get_hit,7.83
diskcache,43606,get_hit,6.92
diskcache,43606,get_hit,6.73
diskcache,43606,get_hit,6.91
diskcache,43606,get_hit,7.07
diskcache,43606,get_hit,6.79
diskcache,43606,get_hit,6.66
diskcache,43606,get_hit,6.62
diskcache,43606,get_hit,6.70
diskcache,43606,get_hit,6.67
diskcache,43606,get_hit,6.78
diskcache,43606,get_hit,6.82
diskcache,43606,get_hit,6.99
diskcache,43606,get_hit,7.70
diskcache,43606,get_hit,8.03
diskcache,43606,get_hit,8.55
diskcache,43606,get_hit,7.75
diskcache,43606,get_hit,7.87
diskcache,43606,get_hit,8.04
diskcache,43606,get_hit,7.60
diskcache,43606,get_hit,6.52
diskcache,43606,get_hit,6.58
diskcache,43606,get_hit,6.43
diskcache,43606,get_hit,6.37
diskcache,43606,get_hit,6.40
diskcache,43606,get_hit,6.74
diskcache,43606,get_hit,6.36
diskcache,43606,get_hit,6.32
diskcache,43606,get_hit,6.31
diskcache,43606,get_hit,6.35
diskcache,43606,get_hit,6.49
diskcache,43606,get_hit,7.39
diskcache,43606,get_hit,6.37
diskcache,43606,get_hit,6.32
diskcache,43606,get_hit,6.32
diskcache,43606,get_hit,6.31
diskcache,43606,get_hit,6.39
diskcache,43606,get_hit,6.52
diskcache,43606,get_hit,6.33
diskcache,43606,get_hit,6.38
diskcache,43606,get_hit,6.42
diskcache,43606,get_hit,6.46
diskcache,43606,get_hit,7.05
diskcache,43606,get_hit,6.38
diskcache,43606,get_hit,6.39
diskcache,43606,get_hit,6.39
diskcache,43606,get_hit,6.43
diskcache,43606,get_hit,6.54
diskcache,43606,get_miss,5.49
diskcache,43606,get_miss,5.04
diskcache,43606,get_miss,5.06
diskcache,43606,get_miss,5.16
diskcache,43606,get_miss,5.05
diskcache,43606,get_miss,5.02
diskcache,43606,get_miss,5.11
diskcache,43606,get_miss,5.38
diskcache,43606,get_miss,5.16
diskcache,43606,get_miss,5.02
diskcache,43606,get_miss,5.00
diskcache,43606,get_miss,4.99
diskcache,43606,get_miss,5.04
diskcache,43606,get_miss,5.20
diskcache,43606,get_miss,5.15
diskcache,43606,get_miss,5.10
diskcache,43606,get_miss,5.11
diskcache,43606,get_miss,5.10
diskcache,43606,get_miss,5.19
diskcache,43606,get_miss,5.09
diskcache,43606,get_miss,5.12
diskcache,43606,get_miss,5.16
diskcache,43606,get_miss,5.12
diskcache,43606,get_miss,5.24
diskcache,43606,get_miss,5.16
diskcache,43606,get_miss,5.16
diskcache,43606,get_miss,5.13
diskcache,43606,get_miss,5.47
diskcache,43606,get_miss,5.06
diskcache,43606,get_miss,5.09
diskcache,43606,get_miss,5.07
diskcache,43606,get_miss,5.09
diskcache,43606,get_miss,5.21
diskcache,43606,get_miss,5.10
diskcache,43606,get_miss,5.55
diskcache,43606,get_miss,5.09
diskcache,43606,get_miss,5.09
diskcache,43606,get_miss,5.12
diskcache,43606,get_miss,5.12
diskcache,43606,get_miss,5.16
diskcache,43606,get_miss,5.09
diskcache,43606,get_miss,5.48
diskcache,43606,get_miss,5.13
diskcache,43606,get_miss,5.13
diskcache,43606,get_miss,5.24
diskcache,43606,get_miss,5.20
diskcache,43606,get_miss,5.09
diskcache,43606,get_miss,5.08
diskcache,43606,get_miss,5.14
diskcache,43606,get_miss,5.10
diskcache,65409,set,59.07
diskcache,65409,set,53.76
diskcache,65409,set,50.88
diskcache,65409,set,50.74
diskcache,65409,set,53.08
diskcache,65409,set,51.62
diskcache,65409,set,50.64
diskcache,65409,set,52.00
diskcache,65409,set,54.64
diskcache,65409,set,59.49
diskcache,65409,set,54.27
diskcache,65409,set,59.90
diskcache,65409,set,54.27
diskcache,65409,set,54.01
diskcache,65409,set,52.59
diskcache,65409,set,54.81
diskcache,65409,set,50.88
diskcache,65409,set,58.72
diskcache,65409,set,52.06
diskcache,65409,set,54.36
diskcache,65409,set,54.46
diskcache,65409,set,53.98
diskcache,65409,set,53.68
diskcache,65409,set,52.00
diskcache,65409,set,53.52
diskcache,65409,set,52.02
diskcache,65409,set,58.89
diskcache,65409,set,54.59
diskcache,65409,set,59.14
diskcache,65409,set,51.85
diskcache,65409,set,53.13
diskcache,65409,set,53.69
diskcache,65409,set,59.92
diskcache,65409,set,53.95
diskcache,65409,set,54.33
diskcache,65409,set,57.96
diskcache,65409,set,51.84
diskcache,65409,set,51.66
diskcache,65409,set,51.89
diskcache,65409,set,53.18
diskcache,65409,set,53.87
diskcache,65409,set,54.17
diskcache,65409,set,51.34
diskcache,65409,set,54.20
diskcache,65409,set,57.41
diskcache,65409,set,51.99
diskcache,65409,set,51.41
diskcache,65409,set,52.35
diskcache,65409,set,53.96
diskcache,65409,set,54.83
diskcache,65409,get_hit,8.63
diskcache,65409,get_hit,7.45
diskcache,65409,get_hit,9.37
diskcache,65409,get_hit,7.91
diskcache,65409,get_hit,6.69
diskcache,65409,get_hit,6.91
diskcache,65409,get_hit,7.10
diskcache,65409,get_hit,6.76
diskcache,65409,get_hit,6.72
diskcache,65409,get_hit,6.72
diskcache,65409,get_hit,6.75
diskcache,65409,get_hit,6.80
diskcache,65409,get_hit,7.13
diskcache,65409,get_hit,6.83
diskcache,65409,get_hit,6.76
diskcache,65409,get_hit,6.69
diskcache,65409,get_hit,6.68
diskcache,65409,get_hit,7.05
diskcache,65409,get_hit,6.85
diskcache,65409,get_hit,6.76
diskcache,65409,get_hit,6.78
diskcache,65409,get_hit,6.75
diskcache,65409,get_hit,8.45
diskcache,65409,get_hit,8.06
diskcache,65409,get_hit,7.73
diskcache,65409,get_hit,7.94
diskcache,65409,get_hit,7.72
diskcache,65409,get_hit,8.42
diskcache,65409,get_hit,8.23
diskcache,65409,get_hit,7.88
diskcache,65409,get_hit,8.01
diskcache,65409,get_hit,7.99
diskcache,65409,get_hit,7.72
diskcache,65409,get_hit,6.57
diskcache,65409,get_hit,6.40
diskcache,65409,get_hit,6.47
diskcache,65409,get_hit,6.43
diskcache,65409,get_hit,6.43
diskcache,65409,get_hit,6.77
diskcache,65409,get_hit,6.40
diskcache,65409,get_hit,6.43
diskcache,65409,get_hit,6.41
diskcache,65409,get_hit,6.39
diskcache,65409,get_hit,6.47
diskcache,65409,get_hit,6.43
diskcache,65409,get_hit,6.39
diskcache,65409,get_hit,6.40
diskcache,65409,get_hit,6.43
diskcache,65409,get_hit,6.37
diskcache,65409,get_hit,6.89
diskcache,65409,get_miss,5.13
diskcache,65409,get_miss,5.05
diskcache,65409,get_miss,5.03
diskcache,65409,get_miss,4.99
diskcache,65409,get_miss,5.11
diskcache,65409,get_miss,5.01
diskcache,65409,get_miss,5.41
diskcache,65409,get_miss,5.10
diskcache,65409,get_miss,5.09
diskcache,65409,get_miss,5.02
diskcache,65409,get_miss,5.03
diskcache,65409,get_miss,5.02
diskcache,65409,get_miss,5.04
diskcache,65409,get_miss,5.40
diskcache,65409,get_miss,5.19
diskcache,65409,get_miss,5.05
diskcache,65409,get_miss,5.08
diskcache,65409,get_miss,5.08
diskcache,65409,get_miss,5.08
diskcache,65409,get_miss,5.12
diskcache,65409,get_miss,5.17
diskcache,65409,get_miss,5.09
diskcache,65409,get_miss,5.10
diskcache,65409,get_miss,5.08
diskcache,65409,get_miss,5.31
diskcache,65409,get_miss,5.09
diskcache,65409,get_miss,5.41
diskcache,65409,get_miss,6.73
diskcache,65409,get_miss,5.27
diskcache,65409,get_miss,5.07
diskcache,65409,get_miss,5.07
diskcache,65409,get_miss,5.07
diskcache,65409,get_miss,5.10
diskcache,65409,get_miss,5.64
diskcache,65409,get_miss,6.84
diskcache,65409,get_miss,5.20
diskcache,65409,get_miss,5.16
diskcache,65409,get_miss,5.14
diskcache,65409,get_miss,5.41
diskcache,65409,get_miss,5.50
diskcache,65409,get_miss,5.17
diskcache,65409,get_miss,5.09
diskcache,65409,get_miss,5.15
diskcache,65409,get_miss,5.19
diskcache,65409,get_miss,5.28
diskcache,65409,get_miss,5.10
diskcache,65409,get_miss,5.16
diskcache,65409,get_miss,5.08
diskcache,65409,get_miss,5.08
diskcache,65409,get_miss,5.04
diskcache,98113,set,54.38
diskcache,98113,set,53.83
diskcache,98113,set,59.40
diskcache,98113,set,50.93
diskcache,98113,set,50.50
diskcache,98113,set,52.73
diskcache,98113,set,51.12
diskcache,98113,set,53.30
diskcache,98113,set,53.91
diskcache,98113,set,52.74
diskcache,98113,set,54.70
diskcache,98113,set,67.27
diskcache,98113,set,51.81
diskcache,98113,set,54.47
diskcache,98113,set,53.13
diskcache,98113,set,54.53
diskcache,98113,set,51.46
diskcache,98113,set,53.40
diskcache,98113,set,52.40
diskcache,98113,set,53.22
diskcache,98113,set,63.80
diskcache,98113,set,52.21
diskcache,98113,set,53.23
diskcache,98113,set,51.42
diskcache,98113,set,51.45
diskcache,98113,set,52.66
diskcache,98113,set,52.72
diskcache,98113,set,54.00
diskcache,98113,set,59.04
diskcache,98113,set,61.56
diskcache,98113,set,52.03
diskcache,98113,set,53.84
diskcache,98113,set,56.41
diskcache,98113,set,56.52
diskcache,98113,set,52.19
diskcache,98113,set,51.80
diskcache,98113,set,51.74
diskcache,98113,set,59.07
diskcache,98113,set,52.51
diskcache,98113,set,52.83
diskcache,98113,set,54.10
diskcache,98113,set,54.02
diskcache,98113,set,52.68
diskcache,98113,set,53.50
diskcache,98113,set,51.97
diskcache,98113,set,52.03
diskcache,98113,set,61.24
diskcache,98113,set,51.32
diskcache,98113,set,53.29
diskcache,98113,set,62.46
diskcache,98113,get_hit,8.00
diskcache,98113,get_hit,7.20
diskcache,98113,get_hit,7.37
diskcache,98113,get_hit,9.31
diskcache,98113,get_hit,9.85
diskcache,98113,get_hit,6.98
diskcache,98113,get_hit,6.70
diskcache,98113,get_hit,6.84
diskcache,98113,get_hit,6.62
diskcache,98113,get_hit,6.67
diskcache,98113,get_hit,6.70
diskcache,98113,get_hit,6.62
diskcache,98113,get_hit,7.04
diskcache,98113,get_hit,6.83
diskcache,98113,get_hit,6.66
diskcache,98113,get_hit,6.67
diskcache,98113,get_hit,6.77
diskcache,98113,get_hit,6.76
diskcache,98113,get_hit,6.74
diskcache,98113,get_hit,6.67
diskcache,98113,get_hit,6.74
diskcache,98113,get_hit,6.69
diskcache,98113,get_hit,6.73
diskcache,98113,get_hit,7.17
diskcache,98113,get_hit,6.77
diskcache,98113,get_hit,6.70
diskcache,98113,get_hit,6.68
diskcache,98113,get_hit,6.79
diskcache,98113,get_hit,6.75
diskcache,98113,get_hit,6.81
diskcache,98113,get_hit,6.74
diskcache,98113,get_hit,6.72
diskcache,98113,get_hit,7.13
diskcache,98113,get_hit,7.90
diskcache,98113,get_hit,8.37
diskcache,98113,get_hit,8.19
diskcache,98113,get_hit,7.84
diskcache,98113,get_hit,8.02
diskcache,98113,get_hit,8.31
diskcache,98113,get_hit,7.99
diskcache,98113,get_hit,7.97
diskcache,98113,get_hit,7.79
diskcache,98113,get_hit,8.04
diskcache,98113,get_hit,7.74
diskcache,98113,get_hit,7.74
diskcache,98113,get_hit,8.22
diskcache,98113,get_hit,7.79
diskcache,98113,get_hit,7.93
diskcache,98113,get_hit,8.23
diskcache,98113,get_hit,6.38
diskcache,98113,get_miss,5.03
diskcache,98113,get_miss,5.18
diskcache,98113,get_miss,4.94
diskcache,98113,get_miss,4.95
diskcache,98113,get_miss,4.98
diskcache,98113,get_miss,5.37
diskcache,98113,get_miss,5.08
diskcache,98113,get_miss,5.13
diskcache,98113,get_miss,5.04
diskcache,98113,get_miss,4.94
diskcache,98113,get_miss,4.96
diskcache,98113,get_miss,4.98
diskcache,98113,get_miss,5.06
diskcache,98113,get_miss,5.11
diskcache,98113,get_miss,5.01
diskcache,98113,get_miss,5.02
diskcache,98113,get_miss,5.02
diskcache,98113,get_miss,5.13
diskcache,98113,get_miss,5.03
diskcache,98113,get_miss,5.13
diskcache,98113,get_miss,5.05
diskcache,98113,get_miss,5.05
diskcache,98113,get_miss,5.06
diskcache,98113,get_miss,5.04
diskcache,98113,get_miss,5.12
diskcache,98113,get_miss,5.48
diskcache,98113,get_miss,5.11
diskcache,98113,get_miss,5.13
diskcache,98113,get_miss,5.02
diskcache,98113,get_miss,5.00
diskcache,98113,get_miss,4.96
diskcache,98113,get_miss,4.97
diskcache,98113,get_miss,5.34
diskcache,98113,get_miss,5.00
diskcache,98113,get_miss,5.05
diskcache,98113,get_miss,5.09
diskcache,98113,get_miss,5.13
diskcache,98113,get_miss,5.18
diskcache,98113,get_miss,5.02
diskcache,98113,get_miss,5.79
diskcache,98113,get_miss,4.98
diskcache,98113,get_miss,5.01
diskcache,98113,get_miss,5.06
diskcache,98113,get_miss,5.07
diskcache,98113,get_miss,5.04
diskcache,98113,get_miss,5.29
diskcache,98113,get_miss,5.18
diskcache,98113,get_miss,4.97
diskcache,98113,get_miss,5.14
diskcache,98113,get_miss,5.00
diskcache,147169,set,64.90
diskcache,147169,set,64.73
diskcache,147169,set,58.39
diskcache,147169,set,57.96
diskcache,147169,set,61.03
diskcache,147169,set,67.73
diskcache,147169,set,65.02
diskcache,147169,set,59.19
diskcache,147169,set,58.87
diskcache,147169,set,65.65
diskcache,147169,set,63.36
diskcache,147169,set,58.97
diskcache,147169,set,61.01
diskcache,147169,set,59.79
diskcache,147169,set,61.98
diskcache,147169,set,68.43
diskcache,147169,set,60.30
diskcache,147169,set,67.73
diskcache,147169,set,59.24
diskcache,147169,set,61.30
diskcache,147169,set,58.63
diskcache,147169,set,58.23
diskcache,147169,set,58.22
diskcache,147169,set,59.51
diskcache,147169,set,59.92
diskcache,147169,set,60.11
diskcache,147169,set,70.62
diskcache,147169,set,70.00
diskcache,147169,set,58.30
diskcache,147169,set,59.45
diskcache,147169,set,59.26
diskcache,147169,set,60.04
diskcache,147169,set,59.71
diskcache,147169,set,60.26
diskcache,147169,set,62.84
diskcache,147169,set,73.87
diskcache,147169,set,60.25
diskcache,147169,set,59.84
diskcache,147169,set,61.90
diskcache,147169,set,62.03
diskcache,147169,set,60.05
diskcache,147169,set,58.71
diskcache,147169,set,60.73
diskcache,147169,set,59.89
diskcache,147169,set,65.15
diskcache,147169,set,58.27
diskcache,147169,set,60.20
diskcache,147169,set,60.95
diskcache,147169,set,64.10
diskcache,147169,set,58.39
diskcache,147169,get_hit,10.87
diskcache,147169,get_hit,8.20
diskcache,147169,get_hit,8.16
diskcache,147169,get_hit,8.34
diskcache,147169,get_hit,8.17
diskcache,147169,get_hit,11.69
diskcache,147169,get_hit,11.41
diskcache,147169,get_hit,9.23
diskcache,147169,get_hit,7.85
diskcache,147169,get_hit,8.09
diskcache,147169,get_hit,7.86
diskcache,147169,get_hit,8.87
diskcache,147169,get_hit,6.88
diskcache,147169,get_hit,6.71
diskcache,147169,get_hit,6.96
diskcache,147169,get_hit,6.89
diskcache,147169,get_hit,7.22
diskcache,147169,get_hit,6.80
diskcache,147169,get_hit,6.75
diskcache,147169,get_hit,6.97
diskcache,147169,get_hit,6.77
diskcache,147169,get_hit,6.82
diskcache,147169,get_hit,7.00
diskcache,147169,get_hit,6.75
diskcache,147169,get_hit,7.48
diskcache,147169,get_hit,6.76
diskcache,147169,get_hit,6.89
diskcache,147169,get_hit,6.73
diskcache,147169,get_hit,6.76
diskcache,147169,get_hit,6.68
diskcache,147169,get_hit,7.10
diskcache,147169,get_hit,6.94
diskcache,147169,get_hit,6.76
diskcache,147169,get_hit,6.75
diskcache,147169,get_hit,6.74
diskcache,147169,get_hit,7.51
diskcache,147169,get_hit,7.16
diskcache,147169,get_hit,6.85
diskcache,147169,get_hit,6.78
diskcache,147169,get_hit,6.80
diskcache,147169,get_hit,7.20
diskcache,147169,get_hit,6.78
diskcache,147169,get_hit,6.79
diskcache,147169,get_hit,6.76
diskcache,147169,get_hit,6.75
diskcache,147169,get_hit,6.73
diskcache,147169,get_hit,7.35
diskcache,147169,get_hit,6.89
diskcache,147169,get_hit,6.77
diskcache,147169,get_hit,8.25
diskcache,147169,get_miss,5.09
diskcache,147169,get_miss,5.36
diskcache,147169,get_miss,4.98
diskcache,147169,get_miss,4.96
diskcache,147169,get_miss,4.98
diskcache,147169,get_miss,5.04
diskcache,147169,get_miss,5.15
diskcache,147169,get_miss,5.10
diskcache,147169,get_miss,5.50
diskcache,147169,get_miss,4.97
diskcache,147169,get_miss,4.98
diskcache,147169,get_miss,5.00
diskcache,147169,get_miss,5.04
diskcache,147169,get_miss,5.12
diskcache,147169,get_miss,4.98
diskcache,147169,get_miss,5.47
diskcache,147169,get_miss,5.14
diskcache,147169,get_miss,5.07
diskcache,147169,get_miss,5.08
diskcache,147169,get_miss,4.99
diskcache,147169,get_miss,5.04
diskcache,147169,get_miss,5.01
diskcache,147169,get_miss,5.43
diskcache,147169,get_miss,5.04
diskcache,147169,get_miss,5.04
diskcache,147169,get_miss,5.00
diskcache,147169,get_miss,5.14
diskcache,147169,get_miss,5.01
diskcache,147169,get_miss,5.01
diskcache,147169,get_miss,5.07
diskcache,147169,get_miss,5.01
diskcache,147169,get_miss,4.97
diskcache,147169,get_miss,5.11
diskcache,147169,get_miss,4.97
diskcache,147169,get_miss,5.03
diskcache,147169,get_miss,5.05
diskcache,147169,get_miss,5.09
diskcache,147169,get_miss,5.13
diskcache,147169,get_miss,5.01
diskcache,147169,get_miss,5.01
diskcache,147169,get_miss,5.00
diskcache,147169,get_miss,5.01
diskcache,147169,get_miss,5.43
diskcache,147169,get_miss,5.02
diskcache,147169,get_miss,5.06
diskcache,147169,get_miss,5.05
diskcache,147169,get_miss,4.99
diskcache,147169,get_miss,5.63
diskcache,147169,get_miss,5.02
diskcache,147169,get_miss,5.34
diskcache,220753,set,54.72
diskcache,220753,set,56.99
diskcache,220753,set,54.86
diskcache,220753,set,54.96
diskcache,220753,set,62.55
diskcache,220753,set,54.91
diskcache,220753,set,58.66
diskcache,220753,set,55.48
diskcache,220753,set,56.95
diskcache,220753,set,57.45
diskcache,220753,set,59.01
diskcache,220753,set,55.82
diskcache,220753,set,55.91
diskcache,220753,set,61.50
diskcache,220753,set,56.71
diskcache,220753,set,58.39
diskcache,220753,set,55.85
diskcache,220753,set,56.87
diskcache,220753,set,57.44
diskcache,220753,set,60.85
diskcache,220753,set,57.18
diskcache,220753,set,56.46
diskcache,220753,set,61.87
diskcache,220753,set,56.40
diskcache,220753,set,55.49
diskcache,220753,set,57.86
diskcache,220753,set,60.23
diskcache,220753,set,59.64
diskcache,220753,set,56.31
diskcache,220753,set,56.16
diskcache,220753,set,63.14
diskcache,220753,set,55.14
diskcache,220753,set,55.23
diskcache,220753,set,55.24
diskcache,220753,set,57.06
diskcache,220753,set,61.27
diskcache,220753,set,56.41
diskcache,220753,set,56.24
diskcache,220753,set,57.26
diskcache,220753,set,64.08
diskcache,220753,set,56.44
diskcache,220753,set,55.88
diskcache,220753,set,56.37
diskcache,220753,set,55.02
diskcache,220753,set,55.50
diskcache,220753,set,55.44
diskcache,220753,set,57.87
diskcache,220753,set,57.95
diskcache,220753,set,62.72
diskcache,220753,set,55.21
diskcache,220753,get_hit,9.64
diskcache,220753,get_hit,7.24
diskcache,220753,get_hit,7.49
diskcache,220753,get_hit,7.22
diskcache,220753,get_hit,7.14
diskcache,220753,get_hit,7.04
diskcache,220753,get_hit,6.94
diskcache,220753,get_hit,9.23
diskcache,220753,get_hit,10.21
diskcache,220753,get_hit,7.74
diskcache,220753,get_hit,6.95
diskcache,220753,get_hit,6.72
diskcache,220753,get_hit,7.55
diskcache,220753,get_hit,6.88
diskcache,220753,get_hit,6.77
diskcache,220753,get_hit,6.74
diskcache,220753,get_hit,6.85
diskcache,220753,get_hit,6.82
diskcache,220753,get_hit,6.93
diskcache,220753,get_hit,6.80
diskcache,220753,get_hit,6.79
diskcache,220753,get_hit,6.82
diskcache,220753,get_hit,6.81
diskcache,220753,get_hit,7.55
diskcache,220753,get_hit,7.24
diskcache,220753,get_hit,6.79
diskcache,220753,get_hit,6.76
diskcache,220753,get_hit,6.73
diskcache,220753,get_hit,7.10
diskcache,220753,get_hit,6.75
diskcache,220753,get_hit,6.74
diskcache,220753,get_hit,6.72
diskcache,220753,get_hit,6.71
diskcache,220753,get_hit,6.80
diskcache,220753,get_hit,7.07
diskcache,220753,get_hit,6.73
diskcache,220753,get_hit,6.80
diskcache,220753,get_hit,6.77
diskcache,220753,get_hit,6.82
diskcache,220753,get_hit,7.00
diskcache,220753,get_hit,6.81
diskcache,220753,get_hit,6.77
diskcache,220753,get_hit,6.80
diskcache,220753,get_hit,6.85
diskcache,220753,get_hit,6.69
diskcache,220753,get_hit,6.97
diskcache,220753,get_hit,6.93
diskcache,220753,get_hit,6.74
diskcache,220753,get_hit,6.75
diskcache,220753,get_hit,6.85
diskcache,220753,get_miss,5.05
diskcache,220753,get_miss,5.09
diskcache,220753,get_miss,4.99
diskcache,220753,get_miss,5.12
diskcache,220753,get_miss,4.98
diskcache,220753,get_miss,5.00
diskcache,220753,get_miss,5.05
diskcache,220753,get_miss,5.38
diskcache,220753,get_miss,5.08
diskcache,220753,get_miss,4.97
diskcache,220753,get_miss,4.97
diskcache,220753,get_miss,4.93
diskcache,220753,get_miss,5.07
diskcache,220753,get_miss,5.18
diskcache,220753,get_miss,5.33
diskcache,220753,get_miss,5.02
diskcache,220753,get_miss,4.98
diskcache,220753,get_miss,4.99
diskcache,220753,get_miss,5.04
diskcache,220753,get_miss,4.96
diskcache,220753,get_miss,5.01
diskcache,220753,get_miss,5.36
diskcache,220753,get_miss,5.04
diskcache,220753,get_miss,5.16
diskcache,220753,get_miss,5.06
diskcache,220753,get_miss,5.06
diskcache,220753,get_miss,5.04
diskcache,220753,get_miss,5.08
diskcache,220753,get_miss,5.66
diskcache,220753,get_miss,5.09
diskcache,220753,get_miss,5.00
diskcache,220753,get_miss,5.03
diskcache,220753,get_miss,5.01
diskcache,220753,get_miss,5.14
diskcache,220753,get_miss,5.05
diskcache,220753,get_miss,5.06
diskcache,220753,get_miss,5.04
diskcache,220753,get_miss,5.06
diskcache,220753,get_miss,4.99
diskcache,220753,get_miss,5.03
diskcache,220753,get_miss,4.97
diskcache,220753,get_miss,4.99
diskcache,220753,get_miss,5.07
diskcache,220753,get_miss,4.98
diskcache,220753,get_miss,5.16
diskcache,220753,get_miss,5.04
diskcache,220753,get_miss,5.01
diskcache,220753,get_miss,5.04
diskcache,220753,get_miss,4.97
diskcache,220753,get_miss,5.02
diskcache,331129,set,52.61
diskcache,331129,set,51.25
diskcache,331129,set,51.77
diskcache,331129,set,56.46
diskcache,331129,set,52.30
diskcache,331129,set,52.06
diskcache,331129,set,52.20
diskcache,331129,set,52.90
diskcache,331129,set,56.37
diskcache,331129,set,55.53
diskcache,331129,set,55.39
diskcache,331129,set,58.32
diskcache,331129,set,51.56
diskcache,331129,set,54.46
diskcache,331129,set,54.34
diskcache,331129,set,54.23
diskcache,331129,set,52.47
diskcache,331129,set,53.04
diskcache,331129,set,55.49
diskcache,331129,set,54.73
diskcache,331129,set,56.98
diskcache,331129,set,51.10
diskcache,331129,set,50.99
diskcache,331129,set,51.20
diskcache,331129,set,52.48
diskcache,331129,set,52.92
diskcache,331129,set,53.63
diskcache,331129,set,54.86
diskcache,331129,set,53.32
diskcache,331129,set,59.76
diskcache,331129,set,50.71
diskcache,331129,set,51.88
diskcache,331129,set,52.36
diskcache,331129,set,55.87
diskcache,331129,set,54.25
diskcache,331129,set,56.66
diskcache,331129,set,51.89
diskcache,331129,set,53.58
diskcache,331129,set,57.80
diskcache,331129,set,57.65
diskcache,331129,set,51.92
diskcache,331129,set,52.74
diskcache,331129,set,52.85
diskcache,331129,set,55.44
diskcache,331129,set,51.95
diskcache,331129,set,53.32
diskcache,331129,set,53.03
diskcache,331129,set,58.22
diskcache,331129,set,54.58
diskcache,331129,set,55.02
diskcache,331129,get_hit,7.86
diskcache,331129,get_hit,7.47
diskcache,331129,get_hit,7.43
diskcache,331129,get_hit,7.01
diskcache,331129,get_hit,7.03
diskcache,331129,get_hit,7.05
diskcache,331129,get_hit,6.97
diskcache,331129,get_hit,7.12
diskcache,331129,get_hit,7.14
diskcache,331129,get_hit,7.70
diskcache,331129,get_hit,7.90
diskcache,331129,get_hit,7.77
diskcache,331129,get_hit,7.12
diskcache,331129,get_hit,7.12
diskcache,331129,get_hit,6.94
diskcache,331129,get_hit,6.98
diskcache,331129,get_hit,6.85
diskcache,331129,get_hit,6.92
diskcache,331129,get_hit,7.11
diskcache,331129,get_hit,6.73
diskcache,331129,get_hit,6.76
diskcache,331129,get_hit,6.74
diskcache,331129,get_hit,6.82
diskcache,331129,get_hit,7.08
diskcache,331129,get_hit,6.79
diskcache,331129,get_hit,6.75
diskcache,331129,get_hit,6.78
diskcache,331129,get_hit,6.81
diskcache,331129,get_hit,6.77
diskcache,331129,get_hit,7.19
diskcache,331129,get_hit,6.78
diskcache,331129,get_hit,6.75
diskcache,331129,get_hit,7.61
diskcache,331129,get_hit,6.79
diskcache,331129,get_hit,7.07
diskcache,331129,get_hit,6.71
diskcache,331129,get_hit,6.71
diskcache,331129,get_hit,6.86
diskcache,331129,get_hit,6.86
diskcache,331129,get_hit,6.74
diskcache,331129,get_hit,6.89
diskcache,331129,get_hit,6.76
diskcache,331129,get_hit,6.82
diskcache,331129,get_hit,6.73
diskcache,331129,get_hit,6.69
diskcache,331129,get_hit,7.04
diskcache,331129,get_hit,6.74
diskcache,331129,get_hit,6.87
diskcache,331129,get_hit,6.75
diskcache,331129,get_hit,6.81
diskcache,331129,get_miss,5.04
diskcache,331129,get_miss,5.34
diskcache,331129,get_miss,4.97
diskcache,331129,get_miss,4.98
diskcache,331129,get_miss,4.97
diskcache,331129,get_miss,4.97
diskcache,331129,get_miss,5.05
diskcache,331129,get_miss,5.17
diskcache,331129,get_miss,5.11
diskcache,331129,get_miss,4.96
diskcache,331129,get_miss,4.98
diskcache,331129,get_miss,4.98
diskcache,331129,get_miss,5.00
diskcache,331129,get_miss,5.02
diskcache,331129,get_miss,5.03
diskcache,331129,get_miss,5.07
diskcache,331129,get_miss,5.15
diskcache,331129,get_miss,5.19
diskcache,331129,get_miss,5.13
diskcache,331129,get_miss,5.00
diskcache,331129,get_miss,5.02
diskcache,331129,get_miss,5.39
diskcache,331129,get_miss,5.06
diskcache,331129,get_miss,5.06
diskcache,331129,get_miss,5.06
diskcache,331129,get_miss,5.05
diskcache,331129,get_miss,5.02
diskcache,331129,get_miss,5.10
diskcache,331129,get_miss,5.36
diskcache,331129,get_miss,5.09
diskcache,331129,get_miss,5.05
diskcache,331129,get_miss,4.95
diskcache,331129,get_miss,4.96
diskcache,331129,get_miss,4.98
diskcache,331129,get_miss,5.10
diskcache,331129,get_miss,5.37
diskcache,331129,get_miss,5.01
diskcache,331129,get_miss,5.09
diskcache,331129,get_miss,5.02
diskcache,331129,get_miss,5.01
diskcache,331129,get_miss,4.99
diskcache,331129,get_miss,4.98
diskcache,331129,get_miss,5.29
diskcache,331129,get_miss,5.00
diskcache,331129,get_miss,5.03
diskcache,331129,get_miss,5.07
diskcache,331129,get_miss,5.02
diskcache,331129,get_miss,5.10
diskcache,331129,get_miss,4.96
diskcache,331129,get_miss,5.37
diskcache,496693,set,54.50
diskcache,496693,set,53.94
diskcache,496693,set,52.34
diskcache,496693,set,51.25
diskcache,496693,set,52.77
diskcache,496693,set,57.53
diskcache,496693,set,52.31
diskcache,496693,set,52.10
diskcache,496693,set,52.26
diskcache,496693,set,53.94
diskcache,496693,set,57.38
diskcache,496693,set,54.65
diskcache,496693,set,53.29
diskcache,496693,set,53.91
diskcache,496693,set,60.54
diskcache,496693,set,54.89
diskcache,496693,set,51.79
diskcache,496693,set,53.88
diskcache,496693,set,52.18
diskcache,496693,set,55.65
diskcache,496693,set,51.78
diskcache,496693,set,53.09
diskcache,496693,set,53.02
diskcache,496693,set,57.56
diskcache,496693,set,51.32
diskcache,496693,set,52.70
diskcache,496693,set,53.22
diskcache,496693,set,55.25
diskcache,496693,set,52.32
diskcache,496693,set,51.93
diskcache,496693,set,52.91
diskcache,496693,set,52.58
diskcache,496693,set,59.71
diskcache,496693,set,52.03
diskcache,496693,set,55.70
diskcache,496693,set,58.83
diskcache,496693,set,52.24
diskcache,496693,set,52.45
diskcache,496693,set,53.33
diskcache,496693,set,55.73
diskcache,496693,set,58.39
diskcache,496693,set,52.33
diskcache,496693,set,52.85
diskcache,496693,set,55.00
diskcache,496693,set,51.73
diskcache,496693,set,52.21
diskcache,496693,set,52.37
diskcache,496693,set,53.60
diskcache,496693,set,54.57
diskcache,496693,set,58.20
diskcache,496693,get_hit,8.16
diskcache,496693,get_hit,8.44
diskcache,496693,get_hit,7.35
diskcache,496693,get_hit,7.20
diskcache,496693,get_hit,7.12
diskcache,496693,get_hit,6.97
diskcache,496693,get_hit,6.93
diskcache,496693,get_hit,7.04
diskcache,496693,get_hit,7.28
diskcache,496693,get_hit,7.65
diskcache,496693,get_hit,7.83
diskcache,496693,get_hit,7.87
diskcache,496693,get_hit,8.00
diskcache,496693,get_hit,8.23
diskcache,496693,get_hit,7.89
diskcache,496693,get_hit,7.89
diskcache,496693,get_hit,7.93
diskcache,496693,get_hit,7.99
diskcache,496693,get_hit,8.19
diskcache,496693,get_hit,8.05
diskcache,496693,get_hit,7.60
diskcache,496693,get_hit,7.39
diskcache,496693,get_hit,7.07
diskcache,496693,get_hit,7.15
diskcache,496693,get_hit,7.04
diskcache,496693,get_hit,6.78
diskcache,496693,get_hit,6.84
diskcache,496693,get_hit,6.79
diskcache,496693,get_hit,7.13
diskcache,496693,get_hit,6.80
diskcache,496693,get_hit,6.83
diskcache,496693,get_hit,6.90
diskcache,496693,get_hit,6.88
diskcache,496693,get_hit,7.11
diskcache,496693,get_hit,6.79
diskcache,496693,get_hit,6.86
diskcache,496693,get_hit,6.90
diskcache,496693,get_hit,6.81
diskcache,496693,get_hit,6.92
diskcache,496693,get_hit,7.09
diskcache,496693,get_hit,6.82
diskcache,496693,get_hit,6.88
diskcache,496693,get_hit,6.87
diskcache,496693,get_hit,6.82
diskcache,496693,get_hit,7.00
diskcache,496693,get_hit,6.83
diskcache,496693,get_hit,6.72
diskcache,496693,get_hit,7.02
diskcache,496693,get_hit,6.83
diskcache,496693,get_hit,6.82
diskcache,496693,get_miss,5.19
diskcache,496693,get_miss,5.14
diskcache,496693,get_miss,4.97
diskcache,496693,get_miss,4.96
diskcache,496693,get_miss,4.96
diskcache,496693,get_miss,5.01
diskcache,496693,get_miss,5.33
diskcache,496693,get_miss,5.03
diskcache,496693,get_miss,5.04
diskcache,496693,get_miss,4.97
diskcache,496693,get_miss,4.96
diskcache,496693,get_miss,5.07
diskcache,496693,get_miss,5.00
diskcache,496693,get_miss,5.34
diskcache,496693,get_miss,5.00
diskcache,496693,get_miss,4.99
diskcache,496693,get_miss,5.03
diskcache,496693,get_miss,5.08
diskcache,496693,get_miss,5.04
diskcache,496693,get_miss,5.02
diskcache,496693,get_miss,5.42
diskcache,496693,get_miss,5.77
diskcache,496693,get_miss,5.12
diskcache,496693,get_miss,5.06
diskcache,496693,get_miss,5.05
diskcache,496693,get_miss,5.06
diskcache,496693,get_miss,5.06
diskcache,496693,get_miss,5.12
diskcache,496693,get_miss,5.02
diskcache,496693,get_miss,5.03
diskcache,496693,get_miss,5.00
diskcache,496693,get_miss,5.07
diskcache,496693,get_miss,5.06
diskcache,496693,get_miss,5.02
diskcache,496693,get_miss,5.22
diskcache,496693,get_miss,5.08
diskcache,496693,get_miss,5.04
diskcache,496693,get_miss,5.06
diskcache,496693,get_miss,5.03
diskcache,496693,get_miss,5.00
diskcache,496693,get_miss,5.35
diskcache,496693,get_miss,5.14
diskcache,496693,get_miss,5.05
diskcache,496693,get_miss,5.05
diskcache,496693,get_miss,5.04
diskcache,496693,get_miss,5.04
diskcache,496693,get_miss,5.02
diskcache,496693,get_miss,5.40
diskcache,496693,get_miss,5.05
diskcache,496693,get_miss,5.01
diskcache,700000,set,53.31
diskcache,700000,set,52.19
diskcache,700000,set,52.52
diskcache,700000,set,53.84
diskcache,700000,set,55.51
diskcache,700000,set,52.93
diskcache,700000,set,53.42
diskcache,700000,set,58.83
diskcache,700000,set,53.09
diskcache,700000,set,53.61
diskcache,700000,set,56.18
diskcache,700000,set,52.33
diskcache,700000,set,54.78
diskcache,700000,set,53.42
diskcache,700000,set,55.85
diskcache,700000,set,55.94
diskcache,700000,set,62.64
diskcache,700000,set,52.54
diskcache,700000,set,52.19
diskcache,700000,set,56.89
diskcache,700000,set,52.19
diskcache,700000,set,52.91
diskcache,700000,set,53.04
diskcache,700000,set,54.03
diskcache,700000,set,60.93
diskcache,700000,set,53.55
diskcache,700000,set,54.65
diskcache,700000,set,56.48
diskcache,700000,set,53.62
diskcache,700000,set,52.70
diskcache,700000,set,52.24
diskcache,700000,set,52.16
diskcache,700000,set,52.61
diskcache,700000,set,58.79
diskcache,700000,set,53.87
diskcache,700000,set,61.64
diskcache,700000,set,52.98
diskcache,700000,set,56.04
diskcache,700000,set,53.59
diskcache,700000,set,55.87
diskcache,700000,set,52.48
diskcache,700000,set,52.59
diskcache,700000,set,59.11
diskcache,700000,set,55.01
diskcache,700000,set,53.93
diskcache,700000,set,52.85
diskcache,700000,set,52.86
diskcache,700000,set,54.89
diskcache,700000,set,57.68
diskcache,700000,set,52.59
diskcache,700000,get_hit,8.81
diskcache,700000,get_hit,8.50
diskcache,700000,get_hit,8.38
diskcache,700000,get_hit,7.55
diskcache,700000,get_hit,7.42
diskcache,700000,get_hit,7.41
diskcache,700000,get_hit,7.00
diskcache,700000,get_hit,7.09
diskcache,700000,get_hit,7.05
diskcache,700000,get_hit,7.75
diskcache,700000,get_hit,8.21
diskcache,700000,get_hit,7.97
diskcache,700000,get_hit,7.92
diskcache,700000,get_hit,7.94
diskcache,700000,get_hit,7.99
diskcache,700000,get_hit,8.40
diskcache,700000,get_hit,8.03
diskcache,700000,get_hit,7.92
diskcache,700000,get_hit,8.00
diskcache,700000,get_hit,7.97
diskcache,700000,get_hit,8.12
diskcache,700000,get_hit,8.33
diskcache,700000,get_hit,8.01
diskcache,700000,get_hit,7.91
diskcache,700000,get_hit,8.27
diskcache,700000,get_hit,8.32
diskcache,700000,get_hit,8.01
diskcache,700000,get_hit,7.98
diskcache,700000,get_hit,8.02
diskcache,700000,get_hit,8.17
diskcache,700000,get_hit,7.84
diskcache,700000,get_hit,7.38
diskcache,700000,get_hit,7.35
diskcache,700000,get_hit,7.37
diskcache,700000,get_hit,7.43
diskcache,700000,get_hit,6.90
diskcache,700000,get_hit,6.87
diskcache,700000,get_hit,6.89
diskcache,700000,get_hit,6.95
diskcache,700000,get_hit,6.85
diskcache,700000,get_hit,7.08
diskcache,700000,get_hit,7.06
diskcache,700000,get_hit,6.88
diskcache,700000,get_hit,6.82
diskcache,700000,get_hit,6.82
diskcache,700000,get_hit,7.15
diskcache,700000,get_hit,6.85
diskcache,700000,get_hit,6.88
diskcache,700000,get_hit,6.87
diskcache,700000,get_hit,6.92
diskcache,700000,get_miss,5.12
diskcache,700000,get_miss,5.27
diskcache,700000,get_miss,5.18
diskcache,700000,get_miss,5.04
diskcache,700000,get_miss,5.07
diskcache,700000,get_miss,5.04
diskcache,700000,get_miss,5.22
diskcache,700000,get_miss,5.46
diskcache,700000,get_miss,5.08
diskcache,700000,get_miss,5.09
diskcache,700000,get_miss,5.10
diskcache,700000,get_miss,5.11
diskcache,700000,get_miss,5.06
diskcache,700000,get_miss,5.12
diskcache,700000,get_miss,5.38
diskcache,700000,get_miss,5.10
diskcache,700000,get_miss,5.09
diskcache,700000,get_miss,5.08
diskcache,700000,get_miss,5.11
diskcache,700000,get_miss,5.04
diskcache,700000,get_miss,5.15
diskcache,700000,get_miss,5.37
diskcache,700000,get_miss,5.12
diskcache,700000,get_miss,5.20
diskcache,700000,get_miss,5.13
diskcache,700000,get_miss,5.14
diskcache,700000,get_miss,5.19
diskcache,700000,get_miss,5.37
diskcache,700000,get_miss,5.14
diskcache,700000,get_miss,5.06
diskcache,700000,get_miss,5.07
diskcache,700000,get_miss,5.26
diskcache,700000,get_miss,5.11
diskcache,700000,get_miss,5.10
diskcache,700000,get_miss,5.53
diskcache,700000,get_miss,5.17
diskcache,700000,get_miss,5.16
diskcache,700000,get_miss,5.11
diskcache,700000,get_miss,5.11
diskcache,700000,get_miss,5.09
diskcache,700000,get_miss,5.04
diskcache,700000,get_miss,5.51
diskcache,700000,get_miss,5.08
diskcache,700000,get_miss,5.09
diskcache,700000,get_miss,5.14
diskcache,700000,get_miss,5.10
diskcache,700000,get_miss,5.11
diskcache,700000,get_miss,5.10
diskcache,700000,get_miss,5.14
diskcache,700000,get_miss,5.10
diskcache,1000000,set,56.85
diskcache,1000000,set,56.32
diskcache,1000000,set,62.78
diskcache,1000000,set,56.71
diskcache,1000000,set,57.67
diskcache,1000000,set,56.53
diskcache,1000000,set,61.29
diskcache,1000000,set,58.15
diskcache,1000000,set,60.25
diskcache,1000000,set,57.91
diskcache,1000000,set,61.13
diskcache,1000000,set,62.14
diskcache,1000000,set,57.30
diskcache,1000000,set,56.75
diskcache,1000000,set,62.60
diskcache,1000000,set,58.92
diskcache,1000000,set,60.15
diskcache,1000000,set,61.93
diskcache,1000000,set,63.72
diskcache,1000000,set,70.67
diskcache,1000000,set,59.28
diskcache,1000000,set,59.75
diskcache,1000000,set,59.53
diskcache,1000000,set,60.00
diskcache,1000000,set,61.41
diskcache,1000000,set,61.12
diskcache,1000000,set,63.68
diskcache,1000000,set,64.01
diskcache,1000000,set,65.60
diskcache,1000000,set,61.13
diskcache,1000000,set,59.86
diskcache,1000000,set,59.61
diskcache,1000000,set,59.55
diskcache,1000000,set,59.66
diskcache,1000000,set,62.78
diskcache,1000000,set,67.08
diskcache,1000000,set,60.20
diskcache,1000000,set,66.26
diskcache,1000000,set,60.88
diskcache,1000000,set,64.44
diskcache,1000000,set,59.84
diskcache,1000000,set,59.46
diskcache,1000000,set,60.26
diskcache,1000000,set,60.19
diskcache,1000000,set,59.91
diskcache,1000000,set,62.32
diskcache,1000000,set,67.13
diskcache,1000000,set,61.12
diskcache,1000000,set,62.58
diskcache,1000000,set,60.67
diskcache,1000000,get_hit,10.58
diskcache,1000000,get_hit,9.63
diskcache,1000000,get_hit,9.72
diskcache,1000000,get_hit,9.40
diskcache,1000000,get_hit,9.38
diskcache,1000000,get_hit,8.14
diskcache,1000000,get_hit,8.25
diskcache,1000000,get_hit,8.07
diskcache,1000000,get_hit,8.46
diskcache,1000000,get_hit,8.90
diskcache,1000000,get_hit,9.13
diskcache,1000000,get_hit,9.21
diskcache,1000000,get_hit,9.52
diskcache,1000000,get_hit,9.25
diskcache,1000000,get_hit,9.13
diskcache,1000000,get_hit,9.12
diskcache,1000000,get_hit,9.40
diskcache,1000000,get_hit,9.69
diskcache,1000000,get_hit,9.21
diskcache,1000000,get_hit,9.26
diskcache,1000000,get_hit,9.15
diskcache,1000000,get_hit,9.79
diskcache,1000000,get_hit,9.18
diskcache,1000000,get_hit,9.24
diskcache,1000000,get_hit,9.08
diskcache,1000000,get_hit,9.59
diskcache,1000000,get_hit,9.26
diskcache,1000000,get_hit,9.42
diskcache,1000000,get_hit,9.17
diskcache,1000000,get_hit,9.46
diskcache,1000000,get_hit,9.60
diskcache,1000000,get_hit,9.34
diskcache,1000000,get_hit,9.29
diskcache,1000000,get_hit,9.34
diskcache,1000000,get_hit,9.26
diskcache,1000000,get_hit,9.17
diskcache,1000000,get_hit,9.19
diskcache,1000000,get_hit,9.42
diskcache,1000000,get_hit,9.65
diskcache,1000000,get_hit,9.08
diskcache,1000000,get_hit,9.31
diskcache,1000000,get_hit,9.20
diskcache,1000000,get_hit,9.57
diskcache,1000000,get_hit,9.29
diskcache,1000000,get_hit,9.21
diskcache,1000000,get_hit,9.21
diskcache,1000000,get_hit,8.63
diskcache,1000000,get_hit,8.36
diskcache,1000000,get_hit,8.41
diskcache,1000000,get_hit,8.18
diskcache,1000000,get_miss,5.38
diskcache,1000000,get_miss,5.79
diskcache,1000000,get_miss,5.25
diskcache,1000000,get_miss,5.28
diskcache,1000000,get_miss,5.28
diskcache,1000000,get_miss,5.53
diskcache,1000000,get_miss,5.36
diskcache,1000000,get_miss,5.53
diskcache,1000000,get_miss,5.47
diskcache,1000000,get_miss,5.34
diskcache,1000000,get_miss,5.28
diskcache,1000000,get_miss,5.28
diskcache,1000000,get_miss,5.23
diskcache,1000000,get_miss,5.46
diskcache,1000000,get_miss,5.79
diskcache,1000000,get_miss,5.48
diskcache,1000000,get_miss,5.34
diskcache,1000000,get_miss,5.40
diskcache,1000000,get_miss,5.44
diskcache,1000000,get_miss,5.20
diskcache,1000000,get_miss,5.60
diskcache,1000000,get_miss,5.42
diskcache,1000000,get_miss,5.24
diskcache,1000000,get_miss,5.41
diskcache,1000000,get_miss,5.49
diskcache,1000000,get_miss,5.35
diskcache,1000000,get_miss,5.36
diskcache,1000000,get_miss,5.89
diskcache,1000000,get_miss,5.30
diskcache,1000000,get_miss,5.31
diskcache,1000000,get_miss,5.28
diskcache,1000000,get_miss,5.34
diskcache,1000000,get_miss,5.34
diskcache,1000000,get_miss,5.74
diskcache,1000000,get_miss,5.49
diskcache,1000000,get_miss,5.45
diskcache,1000000,get_miss,5.32
diskcache,1000000,get_miss,6.02
diskcache,1000000,get_miss,5.37
diskcache,1000000,get_miss,5.28
diskcache,1000000,get_miss,5.65
diskcache,1000000,get_miss,5.39
diskcache,1000000,get_miss,5.34
diskcache,1000000,get_miss,5.37
diskcache,1000000,get_miss,5.33
diskcache,1000000,get_miss,5.37
diskcache,1000000,get_miss,5.73
diskcache,1000000,get_miss,5.42
diskcache,1000000,get_miss,5.39
diskcache,1000000,get_miss,5.36
