backend,entries,operation,latency_us
sciqlop,100,set,34.67
sciqlop,100,set,30.47
sciqlop,100,set,30.84
sciqlop,100,set,30.16
sciqlop,100,set,28.46
sciqlop,100,set,33.15
sciqlop,100,set,29.55
sciqlop,100,set,31.92
sciqlop,100,set,30.46
sciqlop,100,set,32.95
sciqlop,100,set,33.74
sciqlop,100,set,30.75
sciqlop,100,set,34.96
sciqlop,100,set,30.77
sciqlop,100,set,28.70
sciqlop,100,set,32.67
sciqlop,100,set,30.32
sciqlop,100,set,32.82
sciqlop,100,set,30.87
sciqlop,100,set,30.48
sciqlop,100,set,30.45
sciqlop,100,set,31.21
sciqlop,100,set,31.25
sciqlop,100,set,27.99
sciqlop,100,set,33.01
sciqlop,100,set,29.89
sciqlop,100,set,32.99
sciqlop,100,set,32.96
sciqlop,100,set,29.80
sciqlop,100,set,29.69
sciqlop,100,set,33.96
sciqlop,100,set,31.21
sciqlop,100,set,30.96
sciqlop,100,set,31.56
sciqlop,100,set,33.81
sciqlop,100,set,34.10
sciqlop,100,set,28.86
sciqlop,100,set,28.36
sciqlop,100,set,223.17
sciqlop,100,set,20.77
sciqlop,100,set,21.80
sciqlop,100,set,21.27
sciqlop,100,set,20.95
sciqlop,100,set,22.32
sciqlop,100,set,21.44
sciqlop,100,set,23.56
sciqlop,100,set,20.94
sciqlop,100,set,21.86
sciqlop,100,set,22.80
sciqlop,100,set,20.80
sciqlop,100,get_hit,4.28
sciqlop,100,get_hit,2.20
sciqlop,100,get_hit,2.12
sciqlop,100,get_hit,2.13
sciqlop,100,get_hit,2.07
sciqlop,100,get_hit,2.15
sciqlop,100,get_hit,2.10
sciqlop,100,get_hit,2.09
sciqlop,100,get_hit,2.04
sciqlop,100,get_hit,2.08
sciqlop,100,get_hit,2.14
sciqlop,100,get_hit,2.08
sciqlop,100,get_hit,2.10
sciqlop,100,get_hit,2.04
sciqlop,100,get_hit,2.03
sciqlop,100,get_hit,2.08
sciqlop,100,get_hit,2.14
sciqlop,100,get_hit,2.15
sciqlop,100,get_hit,2.11
sciqlop,100,get_hit,2.50
sciqlop,100,get_hit,2.20
sciqlop,100,get_hit,2.06
sciqlop,100,get_hit,3.02
sciqlop,100,get_hit,2.03
sciqlop,100,get_hit,2.05
sciqlop,100,get_hit,2.11
sciqlop,100,get_hit,2.08
sciqlop,100,get_hit,2.04
sciqlop,100,get_hit,2.02
sciqlop,100,get_hit,2.12
sciqlop,100,get_hit,2.06
sciqlop,100,get_hit,2.09
sciqlop,100,get_hit,2.05
sciqlop,100,get_hit,2.43
sciqlop,100,get_hit,2.04
sciqlop,100,get_hit,2.06
sciqlop,100,get_hit,2.50
sciqlop,100,get_hit,2.08
sciqlop,100,get_hit,2.14
sciqlop,100,get_hit,2.24
sciqlop,100,get_hit,2.12
sciqlop,100,get_hit,2.11
sciqlop,100,get_hit,2.08
sciqlop,100,get_hit,2.14
sciqlop,100,get_hit,2.11
sciqlop,100,get_hit,2.18
sciqlop,100,get_hit,2.14
sciqlop,100,get_hit,2.09
sciqlop,100,get_hit,2.03
sciqlop,100,get_hit,2.01
sciqlop,100,get_miss,1.51
sciqlop,100,get_miss,1.40
sciqlop,100,get_miss,1.39
sciqlop,100,get_miss,1.39
sciqlop,100,get_miss,1.39
sciqlop,100,get_miss,1.44
sciqlop,100,get_miss,1.39
sciqlop,100,get_miss,1.39
sciqlop,100,get_miss,1.39
sciqlop,100,get_miss,1.39
sciqlop,100,get_miss,1.39
sciqlop,100,get_miss,1.41
sciqlop,100,get_miss,1.41
sciqlop,100,get_miss,1.44
sciqlop,100,get_miss,1.41
sciqlop,100,get_miss,1.40
sciqlop,100,get_miss,1.45
sciqlop,100,get_miss,1.40
sciqlop,100,get_miss,1.40
sciqlop,100,get_miss,1.49
sciqlop,100,get_miss,1.41
sciqlop,100,get_miss,1.42
sciqlop,100,get_miss,1.42
sciqlop,100,get_miss,1.40
sciqlop,100,get_miss,1.40
sciqlop,100,get_miss,1.40
sciqlop,100,get_miss,1.41
sciqlop,100,get_miss,1.41
sciqlop,100,get_miss,1.40
sciqlop,100,get_miss,1.41
sciqlop,100,get_miss,1.41
sciqlop,100,get_miss,1.40
sciqlop,100,get_miss,1.39
sciqlop,100,get_miss,1.39
sciqlop,100,get_miss,1.45
sciqlop,100,get_miss,1.40
sciqlop,100,get_miss,1.39
sciqlop,100,get_miss,2.68
sciqlop,100,get_miss,1.40
sciqlop,100,get_miss,1.45
sciqlop,100,get_miss,1.40
sciqlop,100,get_miss,1.74
sciqlop,100,get_miss,1.41
sciqlop,100,get_miss,1.39
sciqlop,100,get_miss,1.41
sciqlop,100,get_miss,1.39
sciqlop,100,get_miss,1.39
sciqlop,100,get_miss,1.40
sciqlop,100,get_miss,1.39
sciqlop,100,get_miss,1.42
sciqlop,150,set,24.25
sciqlop,150,set,21.58
sciqlop,150,set,21.04
sciqlop,150,set,20.59
sciqlop,150,set,22.01
sciqlop,150,set,23.67
sciqlop,150,set,22.17
sciqlop,150,set,21.83
sciqlop,150,set,21.32
sciqlop,150,set,21.34
sciqlop,150,set,22.64
sciqlop,150,set,22.51
sciqlop,150,set,19.14
sciqlop,150,set,20.06
sciqlop,150,set,20.87
sciqlop,150,set,24.58
sciqlop,150,set,22.04
sciqlop,150,set,21.19
sciqlop,150,set,24.61
sciqlop,150,set,21.79
sciqlop,150,set,21.89
sciqlop,150,set,19.61
sciqlop,150,set,22.85
sciqlop,150,set,22.34
sciqlop,150,set,21.73
sciqlop,150,set,24.35
sciqlop,150,set,25.17
sciqlop,150,set,23.52
sciqlop,150,set,18.34
sciqlop,150,set,20.92
sciqlop,150,set,22.59
sciqlop,150,set,22.28
sciqlop,150,set,125.76
sciqlop,150,set,22.16
sciqlop,150,set,23.86
sciqlop,150,set,22.19
sciqlop,150,set,21.36
sciqlop,150,set,21.20
sciqlop,150,set,20.76
sciqlop,150,set,21.25
sciqlop,150,set,21.32
sciqlop,150,set,23.52
sciqlop,150,set,24.33
sciqlop,150,set,21.22
sciqlop,150,set,22.58
sciqlop,150,set,20.52
sciqlop,150,set,21.47
sciqlop,150,set,23.30
sciqlop,150,set,20.73
sciqlop,150,set,21.89
sciqlop,150,get_hit,3.33
sciqlop,150,get_hit,2.19
sciqlop,150,get_hit,2.12
sciqlop,150,get_hit,2.11
sciqlop,150,get_hit,2.08
sciqlop,150,get_hit,2.25
sciqlop,150,get_hit,2.13
sciqlop,150,get_hit,2.16
sciqlop,150,get_hit,2.15
sciqlop,150,get_hit,2.07
sciqlop,150,get_hit,2.44
sciqlop,150,get_hit,2.17
sciqlop,150,get_hit,2.36
sciqlop,150,get_hit,2.21
sciqlop,150,get_hit,2.20
sciqlop,150,get_hit,2.30
sciqlop,150,get_hit,2.14
sciqlop,150,get_hit,2.07
sciqlop,150,get_hit,2.02
sciqlop,150,get_hit,2.16
sciqlop,150,get_hit,2.43
sciqlop,150,get_hit,2.06
sciqlop,150,get_hit,2.09
sciqlop,150,get_hit,2.14
sciqlop,150,get_hit,2.04
sciqlop,150,get_hit,2.05
sciqlop,150,get_hit,2.04
sciqlop,150,get_hit,2.17
sciqlop,150,get_hit,2.08
sciqlop,150,get_hit,2.05
sciqlop,150,get_hit,2.12
sciqlop,150,get_hit,2.10
sciqlop,150,get_hit,2.32
sciqlop,150,get_hit,2.11
sciqlop,150,get_hit,2.11
sciqlop,150,get_hit,2.23
sciqlop,150,get_hit,2.14
sciqlop,150,get_hit,2.17
sciqlop,150,get_hit,2.19
sciqlop,150,get_hit,2.06
sciqlop,150,get_hit,2.09
sciqlop,150,get_hit,2.04
sciqlop,150,get_hit,2.35
sciqlop,150,get_hit,2.06
sciqlop,150,get_hit,2.07
sciqlop,150,get_hit,2.13
sciqlop,150,get_hit,2.12
sciqlop,150,get_hit,2.04
sciqlop,150,get_hit,2.03
sciqlop,150,get_hit,2.03
sciqlop,150,get_miss,1.64
sciqlop,150,get_miss,1.45
sciqlop,150,get_miss,1.45
sciqlop,150,get_miss,1.44
sciqlop,150,get_miss,1.44
sciqlop,150,get_miss,1.45
sciqlop,150,get_miss,1.45
sciqlop,150,get_miss,1.44
sciqlop,150,get_miss,1.42
sciqlop,150,get_miss,1.39
sciqlop,150,get_miss,1.39
sciqlop,150,get_miss,1.41
sciqlop,150,get_miss,1.42
sciqlop,150,get_miss,1.46
sciqlop,150,get_miss,1.40
sciqlop,150,get_miss,1.41
sciqlop,150,get_miss,1.43
sciqlop,150,get_miss,1.40
sciqlop,150,get_miss,1.41
sciqlop,150,get_miss,1.40
sciqlop,150,get_miss,1.43
sciqlop,150,get_miss,1.41
sciqlop,150,get_miss,1.41
sciqlop,150,get_miss,1.41
sciqlop,150,get_miss,2.04
sciqlop,150,get_miss,1.96
sciqlop,150,get_miss,1.40
sciqlop,150,get_miss,1.43
sciqlop,150,get_miss,1.43
sciqlop,150,get_miss,1.41
sciqlop,150,get_miss,1.41
sciqlop,150,get_miss,1.41
sciqlop,150,get_miss,1.41
sciqlop,150,get_miss,1.42
sciqlop,150,get_miss,1.44
sciqlop,150,get_miss,1.41
sciqlop,150,get_miss,1.41
sciqlop,150,get_miss,1.41
sciqlop,150,get_miss,1.42
sciqlop,150,get_miss,1.42
sciqlop,150,get_miss,1.42
sciqlop,150,get_miss,1.41
sciqlop,150,get_miss,1.42
sciqlop,150,get_miss,1.42
sciqlop,150,get_miss,1.42
sciqlop,150,get_miss,1.41
sciqlop,150,get_miss,2.18
sciqlop,150,get_miss,1.42
sciqlop,150,get_miss,1.42
sciqlop,150,get_miss,1.42
sciqlop,225,set,21.05
sciqlop,225,set,21.99
sciqlop,225,set,21.24
sciqlop,225,set,20.76
sciqlop,225,set,24.55
sciqlop,225,set,24.25
sciqlop,225,set,21.38
sciqlop,225,set,22.38
sciqlop,225,set,21.32
sciqlop,225,set,23.11
sciqlop,225,set,22.60
sciqlop,225,set,21.50
sciqlop,225,set,22.97
sciqlop,225,set,22.19
sciqlop,225,set,23.11
sciqlop,225,set,21.62
sciqlop,225,set,21.55
sciqlop,225,set,22.62
sciqlop,225,set,22.79
sciqlop,225,set,24.02
sciqlop,225,set,22.55
sciqlop,225,set,22.45
sciqlop,225,set,23.64
sciqlop,225,set,22.57
sciqlop,225,set,106.19
sciqlop,225,set,20.65
sciqlop,225,set,19.75
sciqlop,225,set,21.71
sciqlop,225,set,22.12
sciqlop,225,set,19.82
sciqlop,225,set,21.63
sciqlop,225,set,22.60
sciqlop,225,set,21.69
sciqlop,225,set,21.34
sciqlop,225,set,20.43
sciqlop,225,set,22.30
sciqlop,225,set,22.60
sciqlop,225,set,21.03
sciqlop,225,set,21.11
sciqlop,225,set,22.79
sciqlop,225,set,23.02
sciqlop,225,set,21.50
sciqlop,225,set,21.91
sciqlop,225,set,21.03
sciqlop,225,set,20.91
sciqlop,225,set,21.29
sciqlop,225,set,22.07
sciqlop,225,set,23.15
sciqlop,225,set,21.76
sciqlop,225,set,23.93
sciqlop,225,get_hit,3.47
sciqlop,225,get_hit,2.17
sciqlop,225,get_hit,2.13
sciqlop,225,get_hit,2.10
sciqlop,225,get_hit,2.09
sciqlop,225,get_hit,2.26
sciqlop,225,get_hit,2.08
sciqlop,225,get_hit,2.08
sciqlop,225,get_hit,2.06
sciqlop,225,get_hit,2.03
sciqlop,225,get_hit,2.16
sciqlop,225,get_hit,2.13
sciqlop,225,get_hit,2.10
sciqlop,225,get_hit,2.48
sciqlop,225,get_hit,2.11
sciqlop,225,get_hit,2.04
sciqlop,225,get_hit,2.60
sciqlop,225,get_hit,2.06
sciqlop,225,get_hit,2.09
sciqlop,225,get_hit,2.08
sciqlop,225,get_hit,2.04
sciqlop,225,get_hit,2.04
sciqlop,225,get_hit,2.22
sciqlop,225,get_hit,2.10
sciqlop,225,get_hit,2.04
sciqlop,225,get_hit,2.03
sciqlop,225,get_hit,2.06
sciqlop,225,get_hit,2.18
sciqlop,225,get_hit,2.10
sciqlop,225,get_hit,2.03
sciqlop,225,get_hit,2.07
sciqlop,225,get_hit,2.06
sciqlop,225,get_hit,2.05
sciqlop,225,get_hit,2.08
sciqlop,225,get_hit,2.10
sciqlop,225,get_hit,2.04
sciqlop,225,get_hit,2.03
sciqlop,225,get_hit,2.04
sciqlop,225,get_hit,2.09
sciqlop,225,get_hit,2.11
sciqlop,225,get_hit,2.07
sciqlop,225,get_hit,2.04
sciqlop,225,get_hit,2.05
sciqlop,225,get_hit,2.03
sciqlop,225,get_hit,2.02
sciqlop,225,get_hit,2.13
sciqlop,225,get_hit,2.04
sciqlop,225,get_hit,2.01
sciqlop,225,get_hit,2.02
sciqlop,225,get_hit,2.01
sciqlop,225,get_miss,1.46
sciqlop,225,get_miss,1.41
sciqlop,225,get_miss,1.40
sciqlop,225,get_miss,1.44
sciqlop,225,get_miss,1.39
sciqlop,225,get_miss,1.41
sciqlop,225,get_miss,1.41
sciqlop,225,get_miss,1.43
sciqlop,225,get_miss,1.41
sciqlop,225,get_miss,1.44
sciqlop,225,get_miss,1.41
sciqlop,225,get_miss,1.41
sciqlop,225,get_miss,1.41
sciqlop,225,get_miss,1.41
sciqlop,225,get_miss,1.42
sciqlop,225,get_miss,1.41
sciqlop,225,get_miss,1.42
sciqlop,225,get_miss,1.40
sciqlop,225,get_miss,1.40
sciqlop,225,get_miss,1.41
sciqlop,225,get_miss,1.43
sciqlop,225,get_miss,1.41
sciqlop,225,get_miss,1.68
sciqlop,225,get_miss,1.41
sciqlop,225,get_miss,1.41
sciqlop,225,get_miss,1.42
sciqlop,225,get_miss,1.41
sciqlop,225,get_miss,1.41
sciqlop,225,get_miss,1.42
sciqlop,225,get_miss,1.42
sciqlop,225,get_miss,1.40
sciqlop,225,get_miss,1.42
sciqlop,225,get_miss,1.42
sciqlop,225,get_miss,1.41
sciqlop,225,get_miss,1.40
sciqlop,225,get_miss,1.42
sciqlop,225,get_miss,1.41
sciqlop,225,get_miss,1.69
sciqlop,225,get_miss,1.42
sciqlop,225,get_miss,1.41
sciqlop,225,get_miss,1.41
sciqlop,225,get_miss,1.42
sciqlop,225,get_miss,1.41
sciqlop,225,get_miss,1.42
sciqlop,225,get_miss,1.41
sciqlop,225,get_miss,1.42
sciqlop,225,get_miss,1.69
sciqlop,225,get_miss,1.42
sciqlop,225,get_miss,1.41
sciqlop,225,get_miss,1.41
sciqlop,337,set,22.67
sciqlop,337,set,22.12
sciqlop,337,set,21.87
sciqlop,337,set,21.23
sciqlop,337,set,22.00
sciqlop,337,set,25.70
sciqlop,337,set,22.20
sciqlop,337,set,23.17
sciqlop,337,set,21.44
sciqlop,337,set,22.49
sciqlop,337,set,24.14
sciqlop,337,set,20.54
sciqlop,337,set,22.85
sciqlop,337,set,20.37
sciqlop,337,set,105.54
sciqlop,337,set,21.69
sciqlop,337,set,20.92
sciqlop,337,set,21.89
sciqlop,337,set,21.38
sciqlop,337,set,22.12
sciqlop,337,set,21.96
sciqlop,337,set,18.18
sciqlop,337,set,21.42
sciqlop,337,set,21.88
sciqlop,337,set,20.03
sciqlop,337,set,21.52
sciqlop,337,set,23.50
sciqlop,337,set,23.18
sciqlop,337,set,27.76
sciqlop,337,set,21.64
sciqlop,337,set,21.24
sciqlop,337,set,21.74
sciqlop,337,set,23.25
sciqlop,337,set,20.86
sciqlop,337,set,23.05
sciqlop,337,set,25.99
sciqlop,337,set,22.39
sciqlop,337,set,23.91
sciqlop,337,set,21.64
sciqlop,337,set,22.61
sciqlop,337,set,22.71
sciqlop,337,set,23.97
sciqlop,337,set,23.04
sciqlop,337,set,22.02
sciqlop,337,set,22.10
sciqlop,337,set,23.97
sciqlop,337,set,22.58
sciqlop,337,set,22.85
sciqlop,337,set,23.18
sciqlop,337,set,25.01
sciqlop,337,get_hit,3.22
sciqlop,337,get_hit,2.68
sciqlop,337,get_hit,2.14
sciqlop,337,get_hit,2.24
sciqlop,337,get_hit,2.11
sciqlop,337,get_hit,2.16
sciqlop,337,get_hit,2.15
sciqlop,337,get_hit,2.21
sciqlop,337,get_hit,2.16
sciqlop,337,get_hit,2.11
sciqlop,337,get_hit,2.43
sciqlop,337,get_hit,2.20
sciqlop,337,get_hit,2.14
sciqlop,337,get_hit,2.11
sciqlop,337,get_hit,2.13
sciqlop,337,get_hit,2.11
sciqlop,337,get_hit,2.22
sciqlop,337,get_hit,2.25
sciqlop,337,get_hit,2.12
sciqlop,337,get_hit,2.14
sciqlop,337,get_hit,2.20
sciqlop,337,get_hit,2.10
sciqlop,337,get_hit,2.14
sciqlop,337,get_hit,2.10
sciqlop,337,get_hit,2.09
sciqlop,337,get_hit,2.12
sciqlop,337,get_hit,2.06
sciqlop,337,get_hit,2.38
sciqlop,337,get_hit,2.13
sciqlop,337,get_hit,2.07
sciqlop,337,get_hit,2.07
sciqlop,337,get_hit,2.08
sciqlop,337,get_hit,2.09
sciqlop,337,get_hit,2.10
sciqlop,337,get_hit,2.23
sciqlop,337,get_hit,2.09
sciqlop,337,get_hit,2.34
sciqlop,337,get_hit,2.21
sciqlop,337,get_hit,2.09
sciqlop,337,get_hit,2.12
sciqlop,337,get_hit,2.10
sciqlop,337,get_hit,2.15
sciqlop,337,get_hit,2.07
sciqlop,337,get_hit,2.05
sciqlop,337,get_hit,2.45
sciqlop,337,get_hit,2.56
sciqlop,337,get_hit,2.06
sciqlop,337,get_hit,2.08
sciqlop,337,get_hit,2.05
sciqlop,337,get_hit,2.06
sciqlop,337,get_miss,1.47
sciqlop,337,get_miss,1.44
sciqlop,337,get_miss,1.41
sciqlop,337,get_miss,1.42
sciqlop,337,get_miss,1.41
sciqlop,337,get_miss,1.42
sciqlop,337,get_miss,1.42
sciqlop,337,get_miss,1.42
sciqlop,337,get_miss,1.44
sciqlop,337,get_miss,1.42
sciqlop,337,get_miss,1.42
sciqlop,337,get_miss,1.41
sciqlop,337,get_miss,1.44
sciqlop,337,get_miss,1.42
sciqlop,337,get_miss,1.45
sciqlop,337,get_miss,1.45
sciqlop,337,get_miss,1.44
sciqlop,337,get_miss,1.45
sciqlop,337,get_miss,1.44
sciqlop,337,get_miss,1.46
sciqlop,337,get_miss,1.45
sciqlop,337,get_miss,1.43
sciqlop,337,get_miss,1.44
sciqlop,337,get_miss,1.43
sciqlop,337,get_miss,1.44
sciqlop,337,get_miss,1.44
sciqlop,337,get_miss,1.79
sciqlop,337,get_miss,1.45
sciqlop,337,get_miss,1.43
sciqlop,337,get_miss,1.43
sciqlop,337,get_miss,1.44
sciqlop,337,get_miss,1.46
sciqlop,337,get_miss,1.43
sciqlop,337,get_miss,1.44
sciqlop,337,get_miss,1.43
sciqlop,337,get_miss,1.43
sciqlop,337,get_miss,1.44
sciqlop,337,get_miss,1.49
sciqlop,337,get_miss,1.63
sciqlop,337,get_miss,1.52
sciqlop,337,get_miss,1.44
sciqlop,337,get_miss,1.43
sciqlop,337,get_miss,1.78
sciqlop,337,get_miss,1.71
sciqlop,337,get_miss,1.42
sciqlop,337,get_miss,1.43
sciqlop,337,get_miss,1.42
sciqlop,337,get_miss,1.43
sciqlop,337,get_miss,1.42
sciqlop,337,get_miss,1.44
sciqlop,505,set,23.37
sciqlop,505,set,104.33
sciqlop,505,set,21.27
sciqlop,505,set,20.56
sciqlop,505,set,21.99
sciqlop,505,set,26.17
sciqlop,505,set,20.70
sciqlop,505,set,21.52
sciqlop,505,set,20.26
sciqlop,505,set,21.28
sciqlop,505,set,22.72
sciqlop,505,set,19.95
sciqlop,505,set,20.99
sciqlop,505,set,19.61
sciqlop,505,set,22.23
sciqlop,505,set,23.94
sciqlop,505,set,20.38
sciqlop,505,set,22.87
sciqlop,505,set,20.91
sciqlop,505,set,21.88
sciqlop,505,set,21.75
sciqlop,505,set,21.38
sciqlop,505,set,22.36
sciqlop,505,set,21.15
sciqlop,505,set,23.89
sciqlop,505,set,20.56
sciqlop,505,set,20.60
sciqlop,505,set,21.83
sciqlop,505,set,22.61
sciqlop,505,set,20.77
sciqlop,505,set,22.14
sciqlop,505,set,22.41
sciqlop,505,set,23.22
sciqlop,505,set,22.24
sciqlop,505,set,20.73
sciqlop,505,set,21.26
sciqlop,505,set,22.07
sciqlop,505,set,22.04
sciqlop,505,set,21.10
sciqlop,505,set,22.26
sciqlop,505,set,23.38
sciqlop,505,set,23.71
sciqlop,505,set,107.19
sciqlop,505,set,22.26
sciqlop,505,set,20.68
sciqlop,505,set,18.24
sciqlop,505,set,23.27
sciqlop,505,set,21.79
sciqlop,505,set,21.27
sciqlop,505,set,25.08
sciqlop,505,get_hit,3.64
sciqlop,505,get_hit,2.79
sciqlop,505,get_hit,2.29
sciqlop,505,get_hit,2.08
sciqlop,505,get_hit,2.13
sciqlop,505,get_hit,2.20
sciqlop,505,get_hit,2.17
sciqlop,505,get_hit,2.16
sciqlop,505,get_hit,2.26
sciqlop,505,get_hit,2.20
sciqlop,505,get_hit,2.20
sciqlop,505,get_hit,2.24
sciqlop,505,get_hit,2.32
sciqlop,505,get_hit,2.10
sciqlop,505,get_hit,2.09
sciqlop,505,get_hit,2.05
sciqlop,505,get_hit,2.04
sciqlop,505,get_hit,2.32
sciqlop,505,get_hit,2.19
sciqlop,505,get_hit,2.21
sciqlop,505,get_hit,2.21
sciqlop,505,get_hit,2.20
sciqlop,505,get_hit,2.06
sciqlop,505,get_hit,2.12
sciqlop,505,get_hit,2.02
sciqlop,505,get_hit,2.13
sciqlop,505,get_hit,2.07
sciqlop,505,get_hit,2.05
sciqlop,505,get_hit,2.04
sciqlop,505,get_hit,2.04
sciqlop,505,get_hit,2.08
sciqlop,505,get_hit,2.07
sciqlop,505,get_hit,2.08
sciqlop,505,get_hit,2.02
sciqlop,505,get_hit,2.01
sciqlop,505,get_hit,2.05
sciqlop,505,get_hit,2.05
sciqlop,505,get_hit,2.04
sciqlop,505,get_hit,2.04
sciqlop,505,get_hit,2.03
sciqlop,505,get_hit,2.06
sciqlop,505,get_hit,2.04
sciqlop,505,get_hit,2.02
sciqlop,505,get_hit,2.06
sciqlop,505,get_hit,2.05
sciqlop,505,get_hit,2.04
sciqlop,505,get_hit,2.05
sciqlop,505,get_hit,2.04
sciqlop,505,get_hit,2.06
sciqlop,505,get_hit,1.98
sciqlop,505,get_miss,1.44
sciqlop,505,get_miss,1.42
sciqlop,505,get_miss,1.39
sciqlop,505,get_miss,1.39
sciqlop,505,get_miss,1.39
sciqlop,505,get_miss,2.07
sciqlop,505,get_miss,1.41
sciqlop,505,get_miss,1.40
sciqlop,505,get_miss,1.40
sciqlop,505,get_miss,1.40
sciqlop,505,get_miss,1.39
sciqlop,505,get_miss,1.39
sciqlop,505,get_miss,1.40
sciqlop,505,get_miss,1.43
sciqlop,505,get_miss,1.40
sciqlop,505,get_miss,1.40
sciqlop,505,get_miss,1.40
sciqlop,505,get_miss,1.43
sciqlop,505,get_miss,1.40
sciqlop,505,get_miss,1.39
sciqlop,505,get_miss,1.40
sciqlop,505,get_miss,1.42
sciqlop,505,get_miss,1.40
sciqlop,505,get_miss,1.41
sciqlop,505,get_miss,1.41
sciqlop,505,get_miss,1.41
sciqlop,505,get_miss,1.41
sciqlop,505,get_miss,1.40
sciqlop,505,get_miss,1.39
sciqlop,505,get_miss,1.40
sciqlop,505,get_miss,1.42
sciqlop,505,get_miss,1.40
sciqlop,505,get_miss,1.40
sciqlop,505,get_miss,1.40
sciqlop,505,get_miss,1.42
sciqlop,505,get_miss,1.41
sciqlop,505,get_miss,1.40
sciqlop,505,get_miss,1.40
sciqlop,505,get_miss,1.44
sciqlop,505,get_miss,1.83
sciqlop,505,get_miss,1.42
sciqlop,505,get_miss,1.81
sciqlop,505,get_miss,1.41
sciqlop,505,get_miss,1.42
sciqlop,505,get_miss,1.40
sciqlop,505,get_miss,1.43
sciqlop,505,get_miss,1.41
sciqlop,505,get_miss,2.07
sciqlop,505,get_miss,1.45
sciqlop,505,get_miss,1.42
sciqlop,757,set,20.36
sciqlop,757,set,21.50
sciqlop,757,set,21.30
sciqlop,757,set,22.73
sciqlop,757,set,21.58
sciqlop,757,set,27.16
sciqlop,757,set,21.38
sciqlop,757,set,23.51
sciqlop,757,set,23.00
sciqlop,757,set,21.73
sciqlop,757,set,22.59
sciqlop,757,set,20.31
sciqlop,757,set,21.19
sciqlop,757,set,20.83
sciqlop,757,set,23.27
sciqlop,757,set,22.70
sciqlop,757,set,24.43
sciqlop,757,set,21.88
sciqlop,757,set,22.58
sciqlop,757,set,22.70
sciqlop,757,set,22.66
sciqlop,757,set,23.30
sciqlop,757,set,22.90
sciqlop,757,set,21.60
sciqlop,757,set,23.15
sciqlop,757,set,107.20
sciqlop,757,set,21.10
sciqlop,757,set,21.91
sciqlop,757,set,22.45
sciqlop,757,set,20.00
sciqlop,757,set,21.77
sciqlop,757,set,22.35
sciqlop,757,set,22.07
sciqlop,757,set,24.43
sciqlop,757,set,21.40
sciqlop,757,set,21.55
sciqlop,757,set,21.69
sciqlop,757,set,21.51
sciqlop,757,set,20.98
sciqlop,757,set,21.18
sciqlop,757,set,23.77
sciqlop,757,set,23.71
sciqlop,757,set,23.79
sciqlop,757,set,22.35
sciqlop,757,set,20.91
sciqlop,757,set,18.44
sciqlop,757,set,25.37
sciqlop,757,set,24.44
sciqlop,757,set,21.74
sciqlop,757,set,22.83
sciqlop,757,get_hit,3.61
sciqlop,757,get_hit,2.55
sciqlop,757,get_hit,2.63
sciqlop,757,get_hit,2.61
sciqlop,757,get_hit,2.17
sciqlop,757,get_hit,2.19
sciqlop,757,get_hit,2.22
sciqlop,757,get_hit,2.15
sciqlop,757,get_hit,2.10
sciqlop,757,get_hit,2.06
sciqlop,757,get_hit,2.07
sciqlop,757,get_hit,2.08
sciqlop,757,get_hit,2.12
sciqlop,757,get_hit,2.06
sciqlop,757,get_hit,2.12
sciqlop,757,get_hit,2.07
sciqlop,757,get_hit,2.05
sciqlop,757,get_hit,2.09
sciqlop,757,get_hit,2.06
sciqlop,757,get_hit,2.03
sciqlop,757,get_hit,2.29
sciqlop,757,get_hit,2.07
sciqlop,757,get_hit,2.09
sciqlop,757,get_hit,2.07
sciqlop,757,get_hit,3.35
sciqlop,757,get_hit,2.06
sciqlop,757,get_hit,2.09
sciqlop,757,get_hit,2.11
sciqlop,757,get_hit,2.08
sciqlop,757,get_hit,2.15
sciqlop,757,get_hit,2.10
sciqlop,757,get_hit,2.06
sciqlop,757,get_hit,2.12
sciqlop,757,get_hit,2.10
sciqlop,757,get_hit,2.21
sciqlop,757,get_hit,2.07
sciqlop,757,get_hit,2.12
sciqlop,757,get_hit,2.10
sciqlop,757,get_hit,2.22
sciqlop,757,get_hit,2.14
sciqlop,757,get_hit,3.28
sciqlop,757,get_hit,2.09
sciqlop,757,get_hit,3.04
sciqlop,757,get_hit,2.17
sciqlop,757,get_hit,2.14
sciqlop,757,get_hit,2.08
sciqlop,757,get_hit,2.07
sciqlop,757,get_hit,2.05
sciqlop,757,get_hit,2.07
sciqlop,757,get_hit,2.36
sciqlop,757,get_miss,1.45
sciqlop,757,get_miss,1.41
sciqlop,757,get_miss,1.40
sciqlop,757,get_miss,1.39
sciqlop,757,get_miss,1.40
sciqlop,757,get_miss,1.41
sciqlop,757,get_miss,1.40
sciqlop,757,get_miss,1.39
sciqlop,757,get_miss,1.44
sciqlop,757,get_miss,1.40
sciqlop,757,get_miss,1.39
sciqlop,757,get_miss,1.40
sciqlop,757,get_miss,1.42
sciqlop,757,get_miss,1.46
sciqlop,757,get_miss,1.41
sciqlop,757,get_miss,1.41
sciqlop,757,get_miss,2.67
sciqlop,757,get_miss,1.43
sciqlop,757,get_miss,1.42
sciqlop,757,get_miss,1.41
sciqlop,757,get_miss,1.43
sciqlop,757,get_miss,1.44
sciqlop,757,get_miss,1.42
sciqlop,757,get_miss,1.42
sciqlop,757,get_miss,1.40
sciqlop,757,get_miss,1.40
sciqlop,757,get_miss,1.40
sciqlop,757,get_miss,1.64
sciqlop,757,get_miss,1.42
sciqlop,757,get_miss,1.41
sciqlop,757,get_miss,1.40
sciqlop,757,get_miss,1.69
sciqlop,757,get_miss,1.40
sciqlop,757,get_miss,1.42
sciqlop,757,get_miss,1.40
sciqlop,757,get_miss,1.41
sciqlop,757,get_miss,1.41
sciqlop,757,get_miss,1.42
sciqlop,757,get_miss,1.41
sciqlop,757,get_miss,1.44
sciqlop,757,get_miss,1.40
sciqlop,757,get_miss,1.44
sciqlop,757,get_miss,1.41
sciqlop,757,get_miss,1.40
sciqlop,757,get_miss,1.41
sciqlop,757,get_miss,1.40
sciqlop,757,get_miss,1.41
sciqlop,757,get_miss,1.40
sciqlop,757,get_miss,1.43
sciqlop,757,get_miss,1.82
sciqlop,1135,set,28.09
sciqlop,1135,set,26.19
sciqlop,1135,set,24.26
sciqlop,1135,set,112.62
sciqlop,1135,set,22.20
sciqlop,1135,set,25.80
sciqlop,1135,set,21.43
sciqlop,1135,set,22.87
sciqlop,1135,set,20.01
sciqlop,1135,set,21.42
sciqlop,1135,set,22.85
sciqlop,1135,set,21.11
sciqlop,1135,set,22.51
sciqlop,1135,set,23.63
sciqlop,1135,set,21.85
sciqlop,1135,set,21.24
sciqlop,1135,set,22.76
sciqlop,1135,set,20.62
sciqlop,1135,set,21.35
sciqlop,1135,set,22.14
sciqlop,1135,set,20.36
sciqlop,1135,set,23.60
sciqlop,1135,set,22.36
sciqlop,1135,set,21.50
sciqlop,1135,set,20.92
sciqlop,1135,set,20.91
sciqlop,1135,set,22.75
sciqlop,1135,set,20.78
sciqlop,1135,set,21.97
sciqlop,1135,set,23.04
sciqlop,1135,set,21.21
sciqlop,1135,set,24.63
sciqlop,1135,set,21.84
sciqlop,1135,set,21.06
sciqlop,1135,set,22.01
sciqlop,1135,set,22.57
sciqlop,1135,set,20.70
sciqlop,1135,set,19.00
sciqlop,1135,set,20.95
sciqlop,1135,set,25.46
sciqlop,1135,set,23.85
sciqlop,1135,set,20.61
sciqlop,1135,set,22.69
sciqlop,1135,set,23.06
sciqlop,1135,set,24.45
sciqlop,1135,set,111.46
sciqlop,1135,set,21.48
sciqlop,1135,set,22.84
sciqlop,1135,set,24.42
sciqlop,1135,set,21.86
sciqlop,1135,get_hit,3.71
sciqlop,1135,get_hit,2.72
sciqlop,1135,get_hit,2.49
sciqlop,1135,get_hit,2.47
sciqlop,1135,get_hit,2.56
sciqlop,1135,get_hit,2.55
sciqlop,1135,get_hit,3.47
sciqlop,1135,get_hit,2.29
sciqlop,1135,get_hit,2.24
sciqlop,1135,get_hit,2.17
sciqlop,1135,get_hit,2.22
sciqlop,1135,get_hit,2.19
sciqlop,1135,get_hit,2.12
sciqlop,1135,get_hit,2.59
sciqlop,1135,get_hit,2.25
sciqlop,1135,get_hit,2.23
sciqlop,1135,get_hit,2.21
sciqlop,1135,get_hit,2.22
sciqlop,1135,get_hit,2.18
sciqlop,1135,get_hit,2.11
sciqlop,1135,get_hit,2.05
sciqlop,1135,get_hit,2.18
sciqlop,1135,get_hit,2.05
sciqlop,1135,get_hit,2.11
sciqlop,1135,get_hit,2.11
sciqlop,1135,get_hit,2.09
sciqlop,1135,get_hit,2.12
sciqlop,1135,get_hit,2.18
sciqlop,1135,get_hit,2.19
sciqlop,1135,get_hit,2.11
sciqlop,1135,get_hit,2.08
sciqlop,1135,get_hit,2.08
sciqlop,1135,get_hit,2.17
sciqlop,1135,get_hit,2.06
sciqlop,1135,get_hit,2.17
sciqlop,1135,get_hit,2.08
sciqlop,1135,get_hit,2.04
sciqlop,1135,get_hit,2.08
sciqlop,1135,get_hit,2.03
sciqlop,1135,get_hit,2.04
sciqlop,1135,get_hit,2.05
sciqlop,1135,get_hit,2.07
sciqlop,1135,get_hit,2.04
sciqlop,1135,get_hit,2.13
sciqlop,1135,get_hit,2.05
sciqlop,1135,get_hit,2.13
sciqlop,1135,get_hit,2.19
sciqlop,1135,get_hit,2.06
sciqlop,1135,get_hit,2.05
sciqlop,1135,get_hit,2.07
sciqlop,1135,get_miss,1.44
sciqlop,1135,get_miss,1.39
sciqlop,1135,get_miss,1.39
sciqlop,1135,get_miss,1.39
sciqlop,1135,get_miss,1.39
sciqlop,1135,get_miss,1.38
sciqlop,1135,get_miss,1.41
sciqlop,1135,get_miss,1.38
sciqlop,1135,get_miss,1.38
sciqlop,1135,get_miss,1.39
sciqlop,1135,get_miss,1.46
sciqlop,1135,get_miss,1.65
sciqlop,1135,get_miss,1.45
sciqlop,1135,get_miss,1.47
sciqlop,1135,get_miss,1.44
sciqlop,1135,get_miss,1.43
sciqlop,1135,get_miss,1.45
sciqlop,1135,get_miss,1.46
sciqlop,1135,get_miss,1.40
sciqlop,1135,get_miss,1.41
sciqlop,1135,get_miss,1.43
sciqlop,1135,get_miss,1.59
sciqlop,1135,get_miss,1.44
sciqlop,1135,get_miss,1.44
sciqlop,1135,get_miss,1.44
sciqlop,1135,get_miss,1.45
sciqlop,1135,get_miss,1.44
sciqlop,1135,get_miss,1.44
sciqlop,1135,get_miss,1.41
sciqlop,1135,get_miss,1.42
sciqlop,1135,get_miss,1.40
sciqlop,1135,get_miss,1.40
sciqlop,1135,get_miss,1.40
sciqlop,1135,get_miss,1.40
sciqlop,1135,get_miss,1.42
sciqlop,1135,get_miss,1.39
sciqlop,1135,get_miss,1.41
sciqlop,1135,get_miss,1.42
sciqlop,1135,get_miss,1.41
sciqlop,1135,get_miss,1.39
sciqlop,1135,get_miss,1.39
sciqlop,1135,get_miss,1.41
sciqlop,1135,get_miss,1.41
sciqlop,1135,get_miss,1.40
sciqlop,1135,get_miss,1.39
sciqlop,1135,get_miss,1.40
sciqlop,1135,get_miss,1.39
sciqlop,1135,get_miss,1.40
sciqlop,1135,get_miss,1.39
sciqlop,1135,get_miss,1.40
sciqlop,1702,set,21.61
sciqlop,1702,set,23.57
sciqlop,1702,set,21.87
sciqlop,1702,set,22.35
sciqlop,1702,set,24.64
sciqlop,1702,set,26.15
sciqlop,1702,set,22.12
sciqlop,1702,set,22.88
sciqlop,1702,set,21.20
sciqlop,1702,set,22.78
sciqlop,1702,set,22.33
sciqlop,1702,set,21.40
sciqlop,1702,set,104.16
sciqlop,1702,set,24.47
sciqlop,1702,set,24.28
sciqlop,1702,set,20.12
sciqlop,1702,set,22.28
sciqlop,1702,set,20.45
sciqlop,1702,set,21.84
sciqlop,1702,set,23.33
sciqlop,1702,set,22.28
sciqlop,1702,set,23.07
sciqlop,1702,set,24.20
sciqlop,1702,set,19.97
sciqlop,1702,set,21.77
sciqlop,1702,set,20.93
sciqlop,1702,set,20.07
sciqlop,1702,set,22.87
sciqlop,1702,set,21.64
sciqlop,1702,set,20.49
sciqlop,1702,set,24.69
sciqlop,1702,set,20.98
sciqlop,1702,set,20.74
sciqlop,1702,set,22.27
sciqlop,1702,set,22.46
sciqlop,1702,set,21.34
sciqlop,1702,set,22.31
sciqlop,1702,set,21.82
sciqlop,1702,set,21.26
sciqlop,1702,set,24.42
sciqlop,1702,set,22.60
sciqlop,1702,set,19.84
sciqlop,1702,set,22.27
sciqlop,1702,set,21.89
sciqlop,1702,set,21.44
sciqlop,1702,set,20.60
sciqlop,1702,set,23.56
sciqlop,1702,set,23.85
sciqlop,1702,set,23.56
sciqlop,1702,set,23.72
sciqlop,1702,get_hit,3.62
sciqlop,1702,get_hit,2.51
sciqlop,1702,get_hit,2.54
sciqlop,1702,get_hit,2.48
sciqlop,1702,get_hit,2.50
sciqlop,1702,get_hit,2.49
sciqlop,1702,get_hit,2.91
sciqlop,1702,get_hit,2.51
sciqlop,1702,get_hit,2.45
sciqlop,1702,get_hit,2.15
sciqlop,1702,get_hit,2.35
sciqlop,1702,get_hit,2.08
sciqlop,1702,get_hit,2.12
sciqlop,1702,get_hit,2.08
sciqlop,1702,get_hit,2.08
sciqlop,1702,get_hit,2.06
sciqlop,1702,get_hit,2.14
sciqlop,1702,get_hit,2.12
sciqlop,1702,get_hit,2.16
sciqlop,1702,get_hit,2.07
sciqlop,1702,get_hit,2.63
sciqlop,1702,get_hit,2.12
sciqlop,1702,get_hit,2.38
sciqlop,1702,get_hit,2.12
sciqlop,1702,get_hit,2.16
sciqlop,1702,get_hit,2.14
sciqlop,1702,get_hit,2.05
sciqlop,1702,get_hit,2.15
sciqlop,1702,get_hit,2.04
sciqlop,1702,get_hit,2.18
sciqlop,1702,get_hit,2.05
sciqlop,1702,get_hit,2.05
sciqlop,1702,get_hit,2.11
sciqlop,1702,get_hit,2.08
sciqlop,1702,get_hit,2.31
sciqlop,1702,get_hit,2.36
sciqlop,1702,get_hit,2.14
sciqlop,1702,get_hit,2.11
sciqlop,1702,get_hit,2.17
sciqlop,1702,get_hit,2.19
sciqlop,1702,get_hit,2.14
sciqlop,1702,get_hit,2.15
sciqlop,1702,get_hit,2.15
sciqlop,1702,get_hit,2.15
sciqlop,1702,get_hit,2.06
sciqlop,1702,get_hit,2.60
sciqlop,1702,get_hit,2.66
sciqlop,1702,get_hit,2.14
sciqlop,1702,get_hit,2.12
sciqlop,1702,get_hit,2.04
sciqlop,1702,get_miss,1.43
sciqlop,1702,get_miss,1.41
sciqlop,1702,get_miss,1.40
sciqlop,1702,get_miss,1.41
sciqlop,1702,get_miss,1.41
sciqlop,1702,get_miss,1.42
sciqlop,1702,get_miss,1.41
sciqlop,1702,get_miss,1.41
sciqlop,1702,get_miss,1.40
sciqlop,1702,get_miss,1.40
sciqlop,1702,get_miss,1.41
sciqlop,1702,get_miss,1.42
sciqlop,1702,get_miss,1.41
sciqlop,1702,get_miss,1.41
sciqlop,1702,get_miss,1.43
sciqlop,1702,get_miss,1.42
sciqlop,1702,get_miss,1.48
sciqlop,1702,get_miss,1.42
sciqlop,1702,get_miss,1.42
sciqlop,1702,get_miss,1.41
sciqlop,1702,get_miss,1.41
sciqlop,1702,get_miss,1.41
sciqlop,1702,get_miss,1.42
sciqlop,1702,get_miss,1.40
sciqlop,1702,get_miss,1.41
sciqlop,1702,get_miss,1.44
sciqlop,1702,get_miss,1.41
sciqlop,1702,get_miss,1.41
sciqlop,1702,get_miss,1.45
sciqlop,1702,get_miss,1.41
sciqlop,1702,get_miss,1.41
sciqlop,1702,get_miss,1.43
sciqlop,1702,get_miss,1.43
sciqlop,1702,get_miss,1.42
sciqlop,1702,get_miss,1.43
sciqlop,1702,get_miss,1.41
sciqlop,1702,get_miss,1.42
sciqlop,1702,get_miss,1.42
sciqlop,1702,get_miss,1.42
sciqlop,1702,get_miss,1.42
sciqlop,1702,get_miss,1.44
sciqlop,1702,get_miss,1.42
sciqlop,1702,get_miss,1.41
sciqlop,1702,get_miss,1.44
sciqlop,1702,get_miss,1.42
sciqlop,1702,get_miss,1.41
sciqlop,1702,get_miss,1.41
sciqlop,1702,get_miss,1.41
sciqlop,1702,get_miss,1.41
sciqlop,1702,get_miss,1.43
sciqlop,2553,set,22.19
sciqlop,2553,set,22.19
sciqlop,2553,set,22.28
sciqlop,2553,set,21.91
sciqlop,2553,set,26.13
sciqlop,2553,set,24.57
sciqlop,2553,set,23.21
sciqlop,2553,set,108.97
sciqlop,2553,set,21.57
sciqlop,2553,set,22.84
sciqlop,2553,set,20.99
sciqlop,2553,set,21.00
sciqlop,2553,set,22.50
sciqlop,2553,set,21.60
sciqlop,2553,set,22.61
sciqlop,2553,set,20.11
sciqlop,2553,set,23.80
sciqlop,2553,set,20.76
sciqlop,2553,set,21.80
sciqlop,2553,set,23.26
sciqlop,2553,set,22.69
sciqlop,2553,set,23.71
sciqlop,2553,set,21.74
sciqlop,2553,set,20.43
sciqlop,2553,set,21.78
sciqlop,2553,set,21.59
sciqlop,2553,set,20.32
sciqlop,2553,set,22.67
sciqlop,2553,set,22.41
sciqlop,2553,set,21.61
sciqlop,2553,set,24.09
sciqlop,2553,set,21.29
sciqlop,2553,set,20.78
sciqlop,2553,set,22.18
sciqlop,2553,set,22.18
sciqlop,2553,set,21.54
sciqlop,2553,set,22.34
sciqlop,2553,set,22.02
sciqlop,2553,set,25.30
sciqlop,2553,set,22.51
sciqlop,2553,set,23.18
sciqlop,2553,set,20.77
sciqlop,2553,set,23.18
sciqlop,2553,set,23.02
sciqlop,2553,set,21.75
sciqlop,2553,set,21.72
sciqlop,2553,set,23.23
sciqlop,2553,set,23.89
sciqlop,2553,set,22.05
sciqlop,2553,set,107.76
sciqlop,2553,get_hit,4.38
sciqlop,2553,get_hit,2.87
sciqlop,2553,get_hit,2.48
sciqlop,2553,get_hit,2.45
sciqlop,2553,get_hit,2.67
sciqlop,2553,get_hit,2.49
sciqlop,2553,get_hit,2.50
sciqlop,2553,get_hit,2.43
sciqlop,2553,get_hit,2.47
sciqlop,2553,get_hit,2.41
sciqlop,2553,get_hit,2.31
sciqlop,2553,get_hit,2.45
sciqlop,2553,get_hit,2.39
sciqlop,2553,get_hit,4.05
sciqlop,2553,get_hit,2.11
sciqlop,2553,get_hit,2.11
sciqlop,2553,get_hit,2.12
sciqlop,2553,get_hit,2.18
sciqlop,2553,get_hit,2.11
sciqlop,2553,get_hit,2.08
sciqlop,2553,get_hit,2.10
sciqlop,2553,get_hit,2.10
sciqlop,2553,get_hit,2.13
sciqlop,2553,get_hit,2.12
sciqlop,2553,get_hit,2.07
sciqlop,2553,get_hit,2.11
sciqlop,2553,get_hit,2.07
sciqlop,2553,get_hit,2.11
sciqlop,2553,get_hit,2.19
sciqlop,2553,get_hit,2.08
sciqlop,2553,get_hit,2.09
sciqlop,2553,get_hit,2.24
sciqlop,2553,get_hit,2.18
sciqlop,2553,get_hit,2.09
sciqlop,2553,get_hit,2.06
sciqlop,2553,get_hit,2.14
sciqlop,2553,get_hit,2.07
sciqlop,2553,get_hit,2.13
sciqlop,2553,get_hit,2.11
sciqlop,2553,get_hit,2.11
sciqlop,2553,get_hit,2.17
sciqlop,2553,get_hit,2.08
sciqlop,2553,get_hit,2.13
sciqlop,2553,get_hit,2.05
sciqlop,2553,get_hit,2.17
sciqlop,2553,get_hit,2.24
sciqlop,2553,get_hit,2.11
sciqlop,2553,get_hit,2.13
sciqlop,2553,get_hit,2.07
sciqlop,2553,get_hit,2.09
sciqlop,2553,get_miss,1.47
sciqlop,2553,get_miss,1.41
sciqlop,2553,get_miss,1.41
sciqlop,2553,get_miss,1.42
sciqlop,2553,get_miss,1.45
sciqlop,2553,get_miss,1.43
sciqlop,2553,get_miss,1.42
sciqlop,2553,get_miss,1.44
sciqlop,2553,get_miss,1.43
sciqlop,2553,get_miss,1.82
sciqlop,2553,get_miss,1.43
sciqlop,2553,get_miss,1.42
sciqlop,2553,get_miss,1.47
sciqlop,2553,get_miss,1.50
sciqlop,2553,get_miss,1.46
sciqlop,2553,get_miss,1.44
sciqlop,2553,get_miss,1.45
sciqlop,2553,get_miss,1.45
sciqlop,2553,get_miss,1.95
sciqlop,2553,get_miss,1.47
sciqlop,2553,get_miss,1.46
sciqlop,2553,get_miss,1.69
sciqlop,2553,get_miss,1.46
sciqlop,2553,get_miss,1.45
sciqlop,2553,get_miss,1.45
sciqlop,2553,get_miss,1.47
sciqlop,2553,get_miss,1.43
sciqlop,2553,get_miss,1.44
sciqlop,2553,get_miss,1.42
sciqlop,2553,get_miss,1.45
sciqlop,2553,get_miss,1.42
sciqlop,2553,get_miss,1.44
sciqlop,2553,get_miss,1.42
sciqlop,2553,get_miss,1.43
sciqlop,2553,get_miss,1.45
sciqlop,2553,get_miss,1.45
sciqlop,2553,get_miss,1.45
sciqlop,2553,get_miss,1.46
sciqlop,2553,get_miss,1.47
sciqlop,2553,get_miss,1.44
sciqlop,2553,get_miss,1.43
sciqlop,2553,get_miss,1.44
sciqlop,2553,get_miss,1.43
sciqlop,2553,get_miss,1.46
sciqlop,2553,get_miss,1.48
sciqlop,2553,get_miss,1.43
sciqlop,2553,get_miss,1.43
sciqlop,2553,get_miss,1.42
sciqlop,2553,get_miss,1.44
sciqlop,2553,get_miss,1.46
sciqlop,3829,set,21.45
sciqlop,3829,set,21.51
sciqlop,3829,set,21.24
sciqlop,3829,set,21.22
sciqlop,3829,set,22.69
sciqlop,3829,set,24.11
sciqlop,3829,set,22.34
sciqlop,3829,set,26.59
sciqlop,3829,set,20.65
sciqlop,3829,set,22.30
sciqlop,3829,set,21.28
sciqlop,3829,set,21.32
sciqlop,3829,set,22.16
sciqlop,3829,set,20.40
sciqlop,3829,set,23.51
sciqlop,3829,set,21.07
sciqlop,3829,set,25.66
sciqlop,3829,set,21.32
sciqlop,3829,set,21.99
sciqlop,3829,set,23.88
sciqlop,3829,set,22.60
sciqlop,3829,set,22.33
sciqlop,3829,set,114.69
sciqlop,3829,set,22.72
sciqlop,3829,set,24.42
sciqlop,3829,set,21.22
sciqlop,3829,set,19.53
sciqlop,3829,set,22.87
sciqlop,3829,set,21.62
sciqlop,3829,set,20.55
sciqlop,3829,set,21.95
sciqlop,3829,set,21.48
sciqlop,3829,set,21.53
sciqlop,3829,set,25.77
sciqlop,3829,set,21.99
sciqlop,3829,set,20.55
sciqlop,3829,set,22.47
sciqlop,3829,set,21.04
sciqlop,3829,set,22.57
sciqlop,3829,set,21.95
sciqlop,3829,set,23.16
sciqlop,3829,set,21.17
sciqlop,3829,set,23.77
sciqlop,3829,set,21.53
sciqlop,3829,set,21.42
sciqlop,3829,set,21.77
sciqlop,3829,set,21.92
sciqlop,3829,set,21.45
sciqlop,3829,set,21.89
sciqlop,3829,set,22.41
sciqlop,3829,get_hit,4.10
sciqlop,3829,get_hit,3.54
sciqlop,3829,get_hit,2.73
sciqlop,3829,get_hit,2.59
sciqlop,3829,get_hit,2.41
sciqlop,3829,get_hit,2.50
sciqlop,3829,get_hit,2.61
sciqlop,3829,get_hit,2.43
sciqlop,3829,get_hit,2.50
sciqlop,3829,get_hit,2.57
sciqlop,3829,get_hit,2.37
sciqlop,3829,get_hit,2.39
sciqlop,3829,get_hit,2.54
sciqlop,3829,get_hit,2.48
sciqlop,3829,get_hit,2.47
sciqlop,3829,get_hit,2.67
sciqlop,3829,get_hit,2.46
sciqlop,3829,get_hit,2.37
sciqlop,3829,get_hit,2.44
sciqlop,3829,get_hit,2.14
sciqlop,3829,get_hit,2.49
sciqlop,3829,get_hit,2.15
sciqlop,3829,get_hit,2.22
sciqlop,3829,get_hit,2.14
sciqlop,3829,get_hit,2.17
sciqlop,3829,get_hit,2.16
sciqlop,3829,get_hit,2.21
sciqlop,3829,get_hit,2.32
sciqlop,3829,get_hit,2.12
sciqlop,3829,get_hit,2.63
sciqlop,3829,get_hit,2.09
sciqlop,3829,get_hit,2.15
sciqlop,3829,get_hit,2.20
sciqlop,3829,get_hit,2.10
sciqlop,3829,get_hit,2.26
sciqlop,3829,get_hit,2.13
sciqlop,3829,get_hit,2.10
sciqlop,3829,get_hit,2.25
sciqlop,3829,get_hit,2.12
sciqlop,3829,get_hit,2.17
sciqlop,3829,get_hit,2.14
sciqlop,3829,get_hit,2.11
sciqlop,3829,get_hit,2.13
sciqlop,3829,get_hit,2.13
sciqlop,3829,get_hit,2.14
sciqlop,3829,get_hit,2.25
sciqlop,3829,get_hit,2.47
sciqlop,3829,get_hit,2.11
sciqlop,3829,get_hit,2.11
sciqlop,3829,get_hit,2.25
sciqlop,3829,get_miss,1.47
sciqlop,3829,get_miss,1.44
sciqlop,3829,get_miss,1.46
sciqlop,3829,get_miss,1.46
sciqlop,3829,get_miss,1.48
sciqlop,3829,get_miss,1.44
sciqlop,3829,get_miss,1.44
sciqlop,3829,get_miss,1.43
sciqlop,3829,get_miss,1.45
sciqlop,3829,get_miss,1.42
sciqlop,3829,get_miss,1.47
sciqlop,3829,get_miss,1.42
sciqlop,3829,get_miss,1.44
sciqlop,3829,get_miss,1.47
sciqlop,3829,get_miss,1.47
sciqlop,3829,get_miss,1.43
sciqlop,3829,get_miss,1.49
sciqlop,3829,get_miss,1.47
sciqlop,3829,get_miss,1.44
sciqlop,3829,get_miss,1.46
sciqlop,3829,get_miss,1.44
sciqlop,3829,get_miss,1.43
sciqlop,3829,get_miss,1.44
sciqlop,3829,get_miss,1.47
sciqlop,3829,get_miss,1.46
sciqlop,3829,get_miss,1.46
sciqlop,3829,get_miss,1.44
sciqlop,3829,get_miss,1.82
sciqlop,3829,get_miss,1.47
sciqlop,3829,get_miss,1.47
sciqlop,3829,get_miss,1.45
sciqlop,3829,get_miss,1.87
sciqlop,3829,get_miss,2.42
sciqlop,3829,get_miss,1.46
sciqlop,3829,get_miss,1.45
sciqlop,3829,get_miss,1.43
sciqlop,3829,get_miss,2.27
sciqlop,3829,get_miss,1.44
sciqlop,3829,get_miss,1.46
sciqlop,3829,get_miss,1.47
sciqlop,3829,get_miss,1.86
sciqlop,3829,get_miss,1.48
sciqlop,3829,get_miss,1.44
sciqlop,3829,get_miss,1.45
sciqlop,3829,get_miss,1.45
sciqlop,3829,get_miss,1.43
sciqlop,3829,get_miss,1.43
sciqlop,3829,get_miss,1.45
sciqlop,3829,get_miss,1.47
sciqlop,3829,get_miss,1.44
sciqlop,5743,set,21.73
sciqlop,5743,set,22.15
sciqlop,5743,set,21.44
sciqlop,5743,set,21.11
sciqlop,5743,set,23.25
sciqlop,5743,set,24.05
sciqlop,5743,set,23.68
sciqlop,5743,set,123.22
sciqlop,5743,set,22.99
sciqlop,5743,set,21.98
sciqlop,5743,set,21.09
sciqlop,5743,set,20.64
sciqlop,5743,set,22.74
sciqlop,5743,set,23.09
sciqlop,5743,set,22.26
sciqlop,5743,set,20.49
sciqlop,5743,set,26.49
sciqlop,5743,set,20.72
sciqlop,5743,set,23.42
sciqlop,5743,set,26.04
sciqlop,5743,set,22.90
sciqlop,5743,set,22.29
sciqlop,5743,set,22.72
sciqlop,5743,set,21.95
sciqlop,5743,set,22.36
sciqlop,5743,set,23.53
sciqlop,5743,set,20.09
sciqlop,5743,set,24.32
sciqlop,5743,set,21.78
sciqlop,5743,set,20.86
sciqlop,5743,set,22.59
sciqlop,5743,set,21.56
sciqlop,5743,set,21.41
sciqlop,5743,set,23.46
sciqlop,5743,set,23.76
sciqlop,5743,set,21.40
sciqlop,5743,set,22.91
sciqlop,5743,set,21.50
sciqlop,5743,set,21.35
sciqlop,5743,set,22.33
sciqlop,5743,set,23.30
sciqlop,5743,set,20.55
sciqlop,5743,set,26.27
sciqlop,5743,set,22.57
sciqlop,5743,set,22.24
sciqlop,5743,set,21.57
sciqlop,5743,set,23.81
sciqlop,5743,set,22.23
sciqlop,5743,set,22.81
sciqlop,5743,set,114.95
sciqlop,5743,get_hit,3.99
sciqlop,5743,get_hit,3.00
sciqlop,5743,get_hit,3.36
sciqlop,5743,get_hit,2.36
sciqlop,5743,get_hit,2.37
sciqlop,5743,get_hit,2.58
sciqlop,5743,get_hit,2.63
sciqlop,5743,get_hit,2.35
sciqlop,5743,get_hit,2.41
sciqlop,5743,get_hit,2.56
sciqlop,5743,get_hit,2.37
sciqlop,5743,get_hit,2.38
sciqlop,5743,get_hit,2.39
sciqlop,5743,get_hit,2.33
sciqlop,5743,get_hit,2.29
sciqlop,5743,get_hit,2.35
sciqlop,5743,get_hit,2.62
sciqlop,5743,get_hit,2.34
sciqlop,5743,get_hit,2.39
sciqlop,5743,get_hit,2.42
sciqlop,5743,get_hit,2.36
sciqlop,5743,get_hit,2.91
sciqlop,5743,get_hit,2.39
sciqlop,5743,get_hit,2.40
sciqlop,5743,get_hit,2.46
sciqlop,5743,get_hit,2.44
sciqlop,5743,get_hit,2.38
sciqlop,5743,get_hit,2.49
sciqlop,5743,get_hit,2.28
sciqlop,5743,get_hit,2.15
sciqlop,5743,get_hit,2.11
sciqlop,5743,get_hit,2.17
sciqlop,5743,get_hit,2.41
sciqlop,5743,get_hit,2.20
sciqlop,5743,get_hit,2.13
sciqlop,5743,get_hit,2.10
sciqlop,5743,get_hit,2.17
sciqlop,5743,get_hit,2.16
sciqlop,5743,get_hit,2.18
sciqlop,5743,get_hit,2.24
sciqlop,5743,get_hit,2.20
sciqlop,5743,get_hit,2.11
sciqlop,5743,get_hit,2.20
sciqlop,5743,get_hit,2.11
sciqlop,5743,get_hit,2.23
sciqlop,5743,get_hit,2.17
sciqlop,5743,get_hit,2.15
sciqlop,5743,get_hit,2.13
sciqlop,5743,get_hit,2.12
sciqlop,5743,get_hit,2.13
sciqlop,5743,get_miss,1.51
sciqlop,5743,get_miss,1.46
sciqlop,5743,get_miss,1.44
sciqlop,5743,get_miss,1.47
sciqlop,5743,get_miss,1.45
sciqlop,5743,get_miss,1.50
sciqlop,5743,get_miss,1.44
sciqlop,5743,get_miss,1.87
sciqlop,5743,get_miss,1.45
sciqlop,5743,get_miss,1.74
sciqlop,5743,get_miss,1.45
sciqlop,5743,get_miss,1.87
sciqlop,5743,get_miss,1.46
sciqlop,5743,get_miss,1.52
sciqlop,5743,get_miss,1.46
sciqlop,5743,get_miss,1.44
sciqlop,5743,get_miss,1.47
sciqlop,5743,get_miss,1.49
sciqlop,5743,get_miss,1.47
sciqlop,5743,get_miss,1.45
sciqlop,5743,get_miss,1.46
sciqlop,5743,get_miss,1.46
sciqlop,5743,get_miss,1.49
sciqlop,5743,get_miss,1.46
sciqlop,5743,get_miss,1.45
sciqlop,5743,get_miss,1.45
sciqlop,5743,get_miss,1.47
sciqlop,5743,get_miss,1.45
sciqlop,5743,get_miss,1.46
sciqlop,5743,get_miss,1.49
sciqlop,5743,get_miss,1.47
sciqlop,5743,get_miss,1.44
sciqlop,5743,get_miss,1.44
sciqlop,5743,get_miss,1.44
sciqlop,5743,get_miss,1.51
sciqlop,5743,get_miss,1.85
sciqlop,5743,get_miss,1.45
sciqlop,5743,get_miss,1.47
sciqlop,5743,get_miss,1.45
sciqlop,5743,get_miss,1.43
sciqlop,5743,get_miss,1.45
sciqlop,5743,get_miss,1.44
sciqlop,5743,get_miss,1.45
sciqlop,5743,get_miss,1.43
sciqlop,5743,get_miss,1.44
sciqlop,5743,get_miss,1.44
sciqlop,5743,get_miss,1.45
sciqlop,5743,get_miss,1.44
sciqlop,5743,get_miss,1.44
sciqlop,5743,get_miss,1.43
sciqlop,8614,set,22.48
sciqlop,8614,set,22.53
sciqlop,8614,set,21.06
sciqlop,8614,set,21.13
sciqlop,8614,set,24.39
sciqlop,8614,set,23.13
sciqlop,8614,set,21.23
sciqlop,8614,set,22.59
sciqlop,8614,set,20.87
sciqlop,8614,set,22.94
sciqlop,8614,set,21.65
sciqlop,8614,set,21.44
sciqlop,8614,set,22.14
sciqlop,8614,set,22.40
sciqlop,8614,set,23.46
sciqlop,8614,set,20.26
sciqlop,8614,set,22.72
sciqlop,8614,set,20.81
sciqlop,8614,set,22.25
sciqlop,8614,set,24.03
sciqlop,8614,set,23.12
sciqlop,8614,set,23.17
sciqlop,8614,set,23.69
sciqlop,8614,set,20.51
sciqlop,8614,set,22.60
sciqlop,8614,set,22.52
sciqlop,8614,set,21.65
sciqlop,8614,set,24.43
sciqlop,8614,set,111.52
sciqlop,8614,set,20.75
sciqlop,8614,set,24.30
sciqlop,8614,set,22.07
sciqlop,8614,set,21.02
sciqlop,8614,set,21.50
sciqlop,8614,set,22.08
sciqlop,8614,set,20.83
sciqlop,8614,set,21.97
sciqlop,8614,set,21.59
sciqlop,8614,set,21.70
sciqlop,8614,set,23.52
sciqlop,8614,set,22.36
sciqlop,8614,set,19.57
sciqlop,8614,set,22.27
sciqlop,8614,set,21.51
sciqlop,8614,set,23.67
sciqlop,8614,set,20.38
sciqlop,8614,set,23.02
sciqlop,8614,set,22.82
sciqlop,8614,set,21.39
sciqlop,8614,set,21.99
sciqlop,8614,get_hit,3.88
sciqlop,8614,get_hit,3.01
sciqlop,8614,get_hit,3.29
sciqlop,8614,get_hit,3.61
sciqlop,8614,get_hit,2.99
sciqlop,8614,get_hit,2.50
sciqlop,8614,get_hit,2.62
sciqlop,8614,get_hit,2.57
sciqlop,8614,get_hit,2.57
sciqlop,8614,get_hit,2.42
sciqlop,8614,get_hit,2.57
sciqlop,8614,get_hit,2.37
sciqlop,8614,get_hit,2.41
sciqlop,8614,get_hit,2.44
sciqlop,8614,get_hit,2.35
sciqlop,8614,get_hit,2.34
sciqlop,8614,get_hit,2.41
sciqlop,8614,get_hit,2.60
sciqlop,8614,get_hit,2.35
sciqlop,8614,get_hit,2.44
sciqlop,8614,get_hit,2.40
sciqlop,8614,get_hit,2.46
sciqlop,8614,get_hit,2.38
sciqlop,8614,get_hit,2.46
sciqlop,8614,get_hit,2.53
sciqlop,8614,get_hit,2.67
sciqlop,8614,get_hit,2.42
sciqlop,8614,get_hit,2.44
sciqlop,8614,get_hit,2.58
sciqlop,8614,get_hit,2.57
sciqlop,8614,get_hit,2.86
sciqlop,8614,get_hit,2.48
sciqlop,8614,get_hit,2.47
sciqlop,8614,get_hit,2.37
sciqlop,8614,get_hit,2.50
sciqlop,8614,get_hit,2.42
sciqlop,8614,get_hit,2.49
sciqlop,8614,get_hit,2.49
sciqlop,8614,get_hit,2.43
sciqlop,8614,get_hit,2.49
sciqlop,8614,get_hit,2.49
sciqlop,8614,get_hit,2.65
sciqlop,8614,get_hit,2.50
sciqlop,8614,get_hit,2.25
sciqlop,8614,get_hit,2.25
sciqlop,8614,get_hit,2.31
sciqlop,8614,get_hit,2.34
sciqlop,8614,get_hit,2.07
sciqlop,8614,get_hit,2.11
sciqlop,8614,get_hit,2.14
sciqlop,8614,get_miss,1.56
sciqlop,8614,get_miss,1.44
sciqlop,8614,get_miss,1.45
sciqlop,8614,get_miss,1.44
sciqlop,8614,get_miss,1.43
sciqlop,8614,get_miss,1.45
sciqlop,8614,get_miss,1.43
sciqlop,8614,get_miss,1.43
sciqlop,8614,get_miss,1.67
sciqlop,8614,get_miss,1.44
sciqlop,8614,get_miss,1.47
sciqlop,8614,get_miss,1.44
sciqlop,8614,get_miss,1.50
sciqlop,8614,get_miss,1.49
sciqlop,8614,get_miss,1.44
sciqlop,8614,get_miss,1.44
sciqlop,8614,get_miss,1.52
sciqlop,8614,get_miss,1.48
sciqlop,8614,get_miss,1.46
sciqlop,8614,get_miss,1.44
sciqlop,8614,get_miss,1.47
sciqlop,8614,get_miss,1.44
sciqlop,8614,get_miss,1.47
sciqlop,8614,get_miss,1.75
sciqlop,8614,get_miss,1.46
sciqlop,8614,get_miss,1.45
sciqlop,8614,get_miss,1.43
sciqlop,8614,get_miss,1.47
sciqlop,8614,get_miss,1.45
sciqlop,8614,get_miss,1.46
sciqlop,8614,get_miss,1.43
sciqlop,8614,get_miss,1.59
sciqlop,8614,get_miss,1.44
sciqlop,8614,get_miss,1.47
sciqlop,8614,get_miss,1.47
sciqlop,8614,get_miss,1.46
sciqlop,8614,get_miss,1.46
sciqlop,8614,get_miss,1.46
sciqlop,8614,get_miss,1.46
sciqlop,8614,get_miss,1.44
sciqlop,8614,get_miss,1.43
sciqlop,8614,get_miss,1.44
sciqlop,8614,get_miss,1.42
sciqlop,8614,get_miss,1.45
sciqlop,8614,get_miss,1.44
sciqlop,8614,get_miss,1.43
sciqlop,8614,get_miss,1.44
sciqlop,8614,get_miss,1.44
sciqlop,8614,get_miss,1.45
sciqlop,8614,get_miss,1.48
sciqlop,12921,set,27.17
sciqlop,12921,set,24.40
sciqlop,12921,set,21.79
sciqlop,12921,set,20.98
sciqlop,12921,set,22.82
sciqlop,12921,set,23.42
sciqlop,12921,set,22.68
sciqlop,12921,set,23.06
sciqlop,12921,set,21.26
sciqlop,12921,set,23.47
sciqlop,12921,set,24.23
sciqlop,12921,set,20.32
sciqlop,12921,set,22.20
sciqlop,12921,set,23.59
sciqlop,12921,set,22.76
sciqlop,12921,set,21.33
sciqlop,12921,set,24.00
sciqlop,12921,set,22.19
sciqlop,12921,set,25.90
sciqlop,12921,set,22.04
sciqlop,12921,set,22.01
sciqlop,12921,set,21.44
sciqlop,12921,set,123.41
sciqlop,12921,set,25.89
sciqlop,12921,set,22.19
sciqlop,12921,set,22.21
sciqlop,12921,set,22.20
sciqlop,12921,set,22.96
sciqlop,12921,set,23.42
sciqlop,12921,set,20.84
sciqlop,12921,set,20.85
sciqlop,12921,set,21.48
sciqlop,12921,set,21.82
sciqlop,12921,set,20.64
sciqlop,12921,set,23.44
sciqlop,12921,set,24.46
sciqlop,12921,set,21.61
sciqlop,12921,set,21.43
sciqlop,12921,set,21.71
sciqlop,12921,set,21.11
sciqlop,12921,set,23.53
sciqlop,12921,set,22.10
sciqlop,12921,set,22.02
sciqlop,12921,set,24.59
sciqlop,12921,set,25.21
sciqlop,12921,set,21.21
sciqlop,12921,set,22.06
sciqlop,12921,set,22.57
sciqlop,12921,set,21.75
sciqlop,12921,set,22.73
sciqlop,12921,get_hit,4.33
sciqlop,12921,get_hit,2.90
sciqlop,12921,get_hit,3.07
sciqlop,12921,get_hit,2.88
sciqlop,12921,get_hit,3.85
sciqlop,12921,get_hit,3.66
sciqlop,12921,get_hit,3.24
sciqlop,12921,get_hit,2.53
sciqlop,12921,get_hit,2.78
sciqlop,12921,get_hit,2.44
sciqlop,12921,get_hit,2.49
sciqlop,12921,get_hit,2.45
sciqlop,12921,get_hit,2.49
sciqlop,12921,get_hit,2.53
sciqlop,12921,get_hit,2.44
sciqlop,12921,get_hit,2.33
sciqlop,12921,get_hit,2.41
sciqlop,12921,get_hit,2.40
sciqlop,12921,get_hit,2.42
sciqlop,12921,get_hit,2.53
sciqlop,12921,get_hit,2.55
sciqlop,12921,get_hit,2.65
sciqlop,12921,get_hit,2.65
sciqlop,12921,get_hit,2.51
sciqlop,12921,get_hit,2.77
sciqlop,12921,get_hit,2.39
sciqlop,12921,get_hit,2.42
sciqlop,12921,get_hit,2.47
sciqlop,12921,get_hit,2.62
sciqlop,12921,get_hit,2.45
sciqlop,12921,get_hit,3.43
sciqlop,12921,get_hit,2.49
sciqlop,12921,get_hit,2.47
sciqlop,12921,get_hit,2.55
sciqlop,12921,get_hit,2.62
sciqlop,12921,get_hit,2.59
sciqlop,12921,get_hit,2.55
sciqlop,12921,get_hit,2.52
sciqlop,12921,get_hit,2.51
sciqlop,12921,get_hit,2.59
sciqlop,12921,get_hit,2.53
sciqlop,12921,get_hit,2.59
sciqlop,12921,get_hit,2.46
sciqlop,12921,get_hit,2.57
sciqlop,12921,get_hit,2.69
sciqlop,12921,get_hit,2.86
sciqlop,12921,get_hit,2.80
sciqlop,12921,get_hit,2.48
sciqlop,12921,get_hit,2.44
sciqlop,12921,get_hit,2.50
sciqlop,12921,get_miss,1.56
sciqlop,12921,get_miss,1.46
sciqlop,12921,get_miss,1.46
sciqlop,12921,get_miss,1.92
sciqlop,12921,get_miss,1.48
sciqlop,12921,get_miss,2.16
sciqlop,12921,get_miss,1.46
sciqlop,12921,get_miss,1.45
sciqlop,12921,get_miss,1.47
sciqlop,12921,get_miss,1.47
sciqlop,12921,get_miss,1.47
sciqlop,12921,get_miss,1.46
sciqlop,12921,get_miss,1.49
sciqlop,12921,get_miss,1.54
sciqlop,12921,get_miss,1.48
sciqlop,12921,get_miss,1.51
sciqlop,12921,get_miss,1.54
sciqlop,12921,get_miss,1.52
sciqlop,12921,get_miss,1.48
sciqlop,12921,get_miss,1.49
sciqlop,12921,get_miss,1.51
sciqlop,12921,get_miss,1.49
sciqlop,12921,get_miss,1.50
sciqlop,12921,get_miss,1.49
sciqlop,12921,get_miss,1.55
sciqlop,12921,get_miss,1.48
sciqlop,12921,get_miss,1.48
sciqlop,12921,get_miss,1.50
sciqlop,12921,get_miss,1.49
sciqlop,12921,get_miss,1.52
sciqlop,12921,get_miss,1.51
sciqlop,12921,get_miss,1.49
sciqlop,12921,get_miss,1.48
sciqlop,12921,get_miss,1.51
sciqlop,12921,get_miss,1.49
sciqlop,12921,get_miss,1.49
sciqlop,12921,get_miss,1.54
sciqlop,12921,get_miss,2.35
sciqlop,12921,get_miss,1.52
sciqlop,12921,get_miss,1.49
sciqlop,12921,get_miss,1.49
sciqlop,12921,get_miss,1.50
sciqlop,12921,get_miss,1.51
sciqlop,12921,get_miss,1.93
sciqlop,12921,get_miss,1.48
sciqlop,12921,get_miss,1.47
sciqlop,12921,get_miss,1.47
sciqlop,12921,get_miss,1.48
sciqlop,12921,get_miss,1.47
sciqlop,12921,get_miss,1.48
sciqlop,19381,set,25.12
sciqlop,19381,set,22.59
sciqlop,19381,set,21.55
sciqlop,19381,set,21.43
sciqlop,19381,set,23.41
sciqlop,19381,set,24.35
sciqlop,19381,set,22.38
sciqlop,19381,set,24.22
sciqlop,19381,set,23.07
sciqlop,19381,set,23.71
sciqlop,19381,set,22.13
sciqlop,19381,set,20.81
sciqlop,19381,set,22.78
sciqlop,19381,set,21.52
sciqlop,19381,set,22.23
sciqlop,19381,set,20.85
sciqlop,19381,set,23.68
sciqlop,19381,set,23.79
sciqlop,19381,set,21.87
sciqlop,19381,set,21.21
sciqlop,19381,set,20.71
sciqlop,19381,set,18.56
sciqlop,19381,set,21.12
sciqlop,19381,set,22.48
sciqlop,19381,set,22.09
sciqlop,19381,set,25.48
sciqlop,19381,set,21.89
sciqlop,19381,set,21.76
sciqlop,19381,set,23.90
sciqlop,19381,set,22.43
sciqlop,19381,set,22.57
sciqlop,19381,set,22.38
sciqlop,19381,set,22.67
sciqlop,19381,set,23.98
sciqlop,19381,set,125.66
sciqlop,19381,set,22.74
sciqlop,19381,set,21.57
sciqlop,19381,set,21.53
sciqlop,19381,set,22.62
sciqlop,19381,set,21.03
sciqlop,19381,set,23.16
sciqlop,19381,set,23.01
sciqlop,19381,set,22.98
sciqlop,19381,set,22.18
sciqlop,19381,set,25.01
sciqlop,19381,set,20.33
sciqlop,19381,set,22.59
sciqlop,19381,set,22.88
sciqlop,19381,set,21.05
sciqlop,19381,set,23.55
sciqlop,19381,get_hit,4.84
sciqlop,19381,get_hit,2.83
sciqlop,19381,get_hit,2.82
sciqlop,19381,get_hit,2.76
sciqlop,19381,get_hit,2.90
sciqlop,19381,get_hit,3.15
sciqlop,19381,get_hit,3.30
sciqlop,19381,get_hit,3.33
sciqlop,19381,get_hit,3.44
sciqlop,19381,get_hit,3.14
sciqlop,19381,get_hit,2.48
sciqlop,19381,get_hit,2.44
sciqlop,19381,get_hit,2.54
sciqlop,19381,get_hit,2.70
sciqlop,19381,get_hit,2.46
sciqlop,19381,get_hit,2.39
sciqlop,19381,get_hit,2.45
sciqlop,19381,get_hit,2.52
sciqlop,19381,get_hit,2.44
sciqlop,19381,get_hit,2.40
sciqlop,19381,get_hit,2.45
sciqlop,19381,get_hit,2.38
sciqlop,19381,get_hit,2.44
sciqlop,19381,get_hit,2.41
sciqlop,19381,get_hit,2.43
sciqlop,19381,get_hit,2.39
sciqlop,19381,get_hit,2.36
sciqlop,19381,get_hit,2.40
sciqlop,19381,get_hit,2.52
sciqlop,19381,get_hit,2.45
sciqlop,19381,get_hit,2.47
sciqlop,19381,get_hit,2.46
sciqlop,19381,get_hit,2.40
sciqlop,19381,get_hit,2.50
sciqlop,19381,get_hit,2.63
sciqlop,19381,get_hit,2.44
sciqlop,19381,get_hit,2.49
sciqlop,19381,get_hit,2.50
sciqlop,19381,get_hit,2.83
sciqlop,19381,get_hit,2.96
sciqlop,19381,get_hit,2.50
sciqlop,19381,get_hit,2.45
sciqlop,19381,get_hit,2.49
sciqlop,19381,get_hit,2.90
sciqlop,19381,get_hit,2.45
sciqlop,19381,get_hit,3.04
sciqlop,19381,get_hit,2.72
sciqlop,19381,get_hit,2.41
sciqlop,19381,get_hit,2.40
sciqlop,19381,get_hit,2.65
sciqlop,19381,get_miss,1.54
sciqlop,19381,get_miss,1.47
sciqlop,19381,get_miss,1.49
sciqlop,19381,get_miss,1.72
sciqlop,19381,get_miss,1.50
sciqlop,19381,get_miss,1.77
sciqlop,19381,get_miss,1.46
sciqlop,19381,get_miss,1.93
sciqlop,19381,get_miss,1.48
sciqlop,19381,get_miss,1.47
sciqlop,19381,get_miss,1.51
sciqlop,19381,get_miss,1.47
sciqlop,19381,get_miss,1.49
sciqlop,19381,get_miss,1.76
sciqlop,19381,get_miss,1.52
sciqlop,19381,get_miss,1.48
sciqlop,19381,get_miss,1.50
sciqlop,19381,get_miss,1.51
sciqlop,19381,get_miss,1.48
sciqlop,19381,get_miss,1.48
sciqlop,19381,get_miss,1.49
sciqlop,19381,get_miss,1.74
sciqlop,19381,get_miss,1.83
sciqlop,19381,get_miss,1.47
sciqlop,19381,get_miss,1.47
sciqlop,19381,get_miss,1.48
sciqlop,19381,get_miss,1.71
sciqlop,19381,get_miss,1.50
sciqlop,19381,get_miss,1.49
sciqlop,19381,get_miss,1.50
sciqlop,19381,get_miss,1.48
sciqlop,19381,get_miss,1.48
sciqlop,19381,get_miss,1.48
sciqlop,19381,get_miss,1.48
sciqlop,19381,get_miss,1.48
sciqlop,19381,get_miss,1.46
sciqlop,19381,get_miss,1.46
sciqlop,19381,get_miss,1.47
sciqlop,19381,get_miss,1.47
sciqlop,19381,get_miss,1.47
sciqlop,19381,get_miss,1.46
sciqlop,19381,get_miss,1.47
sciqlop,19381,get_miss,1.59
sciqlop,19381,get_miss,1.51
sciqlop,19381,get_miss,1.46
sciqlop,19381,get_miss,1.46
sciqlop,19381,get_miss,1.55
sciqlop,19381,get_miss,1.83
sciqlop,19381,get_miss,1.47
sciqlop,19381,get_miss,1.46
sciqlop,29071,set,23.09
sciqlop,29071,set,21.71
sciqlop,29071,set,21.98
sciqlop,29071,set,22.00
sciqlop,29071,set,24.92
sciqlop,29071,set,22.99
sciqlop,29071,set,22.62
sciqlop,29071,set,23.30
sciqlop,29071,set,21.58
sciqlop,29071,set,22.15
sciqlop,29071,set,23.69
sciqlop,29071,set,21.80
sciqlop,29071,set,24.90
sciqlop,29071,set,116.67
sciqlop,29071,set,21.84
sciqlop,29071,set,19.80
sciqlop,29071,set,23.54
sciqlop,29071,set,21.24
sciqlop,29071,set,21.82
sciqlop,29071,set,21.79
sciqlop,29071,set,22.49
sciqlop,29071,set,18.01
sciqlop,29071,set,20.49
sciqlop,29071,set,21.54
sciqlop,29071,set,20.66
sciqlop,29071,set,23.28
sciqlop,29071,set,21.30
sciqlop,29071,set,21.85
sciqlop,29071,set,25.39
sciqlop,29071,set,20.84
sciqlop,29071,set,20.80
sciqlop,29071,set,21.60
sciqlop,29071,set,21.25
sciqlop,29071,set,20.95
sciqlop,29071,set,23.03
sciqlop,29071,set,22.81
sciqlop,29071,set,24.81
sciqlop,29071,set,21.89
sciqlop,29071,set,21.92
sciqlop,29071,set,20.53
sciqlop,29071,set,22.13
sciqlop,29071,set,22.26
sciqlop,29071,set,20.71
sciqlop,29071,set,22.62
sciqlop,29071,set,24.27
sciqlop,29071,set,22.09
sciqlop,29071,set,22.29
sciqlop,29071,set,22.04
sciqlop,29071,set,20.55
sciqlop,29071,set,23.09
sciqlop,29071,get_hit,4.61
sciqlop,29071,get_hit,3.90
sciqlop,29071,get_hit,2.86
sciqlop,29071,get_hit,3.08
sciqlop,29071,get_hit,2.87
sciqlop,29071,get_hit,3.02
sciqlop,29071,get_hit,2.83
sciqlop,29071,get_hit,2.86
sciqlop,29071,get_hit,2.87
sciqlop,29071,get_hit,3.30
sciqlop,29071,get_hit,3.48
sciqlop,29071,get_hit,3.61
sciqlop,29071,get_hit,3.90
sciqlop,29071,get_hit,3.65
sciqlop,29071,get_hit,3.01
sciqlop,29071,get_hit,2.52
sciqlop,29071,get_hit,2.55
sciqlop,29071,get_hit,2.42
sciqlop,29071,get_hit,2.48
sciqlop,29071,get_hit,2.70
sciqlop,29071,get_hit,2.85
sciqlop,29071,get_hit,2.86
sciqlop,29071,get_hit,2.58
sciqlop,29071,get_hit,2.36
sciqlop,29071,get_hit,2.47
sciqlop,29071,get_hit,2.59
sciqlop,29071,get_hit,2.43
sciqlop,29071,get_hit,2.50
sciqlop,29071,get_hit,2.55
sciqlop,29071,get_hit,2.75
sciqlop,29071,get_hit,2.95
sciqlop,29071,get_hit,2.43
sciqlop,29071,get_hit,2.39
sciqlop,29071,get_hit,2.49
sciqlop,29071,get_hit,2.54
sciqlop,29071,get_hit,2.51
sciqlop,29071,get_hit,2.46
sciqlop,29071,get_hit,2.52
sciqlop,29071,get_hit,2.62
sciqlop,29071,get_hit,2.51
sciqlop,29071,get_hit,2.47
sciqlop,29071,get_hit,2.45
sciqlop,29071,get_hit,2.48
sciqlop,29071,get_hit,2.43
sciqlop,29071,get_hit,2.51
sciqlop,29071,get_hit,2.66
sciqlop,29071,get_hit,2.85
sciqlop,29071,get_hit,2.46
sciqlop,29071,get_hit,2.43
sciqlop,29071,get_hit,2.46
sciqlop,29071,get_miss,1.50
sciqlop,29071,get_miss,1.45
sciqlop,29071,get_miss,1.44
sciqlop,29071,get_miss,1.46
sciqlop,29071,get_miss,1.44
sciqlop,29071,get_miss,1.44
sciqlop,29071,get_miss,1.44
sciqlop,29071,get_miss,1.52
sciqlop,29071,get_miss,1.44
sciqlop,29071,get_miss,1.45
sciqlop,29071,get_miss,1.44
sciqlop,29071,get_miss,1.44
sciqlop,29071,get_miss,1.48
sciqlop,29071,get_miss,1.46
sciqlop,29071,get_miss,1.44
sciqlop,29071,get_miss,1.45
sciqlop,29071,get_miss,1.49
sciqlop,29071,get_miss,1.46
sciqlop,29071,get_miss,1.45
sciqlop,29071,get_miss,1.45
sciqlop,29071,get_miss,1.47
sciqlop,29071,get_miss,1.46
sciqlop,29071,get_miss,1.46
sciqlop,29071,get_miss,1.46
sciqlop,29071,get_miss,1.85
sciqlop,29071,get_miss,1.50
sciqlop,29071,get_miss,1.48
sciqlop,29071,get_miss,1.47
sciqlop,29071,get_miss,1.43
sciqlop,29071,get_miss,1.44
sciqlop,29071,get_miss,1.46
sciqlop,29071,get_miss,1.45
sciqlop,29071,get_miss,1.46
sciqlop,29071,get_miss,1.50
sciqlop,29071,get_miss,1.45
sciqlop,29071,get_miss,1.55
sciqlop,29071,get_miss,1.75
sciqlop,29071,get_miss,1.50
sciqlop,29071,get_miss,1.47
sciqlop,29071,get_miss,1.43
sciqlop,29071,get_miss,1.46
sciqlop,29071,get_miss,1.48
sciqlop,29071,get_miss,1.45
sciqlop,29071,get_miss,1.51
sciqlop,29071,get_miss,1.46
sciqlop,29071,get_miss,1.42
sciqlop,29071,get_miss,1.47
sciqlop,29071,get_miss,1.43
sciqlop,29071,get_miss,1.46
sciqlop,29071,get_miss,1.44
sciqlop,43606,set,21.79
sciqlop,43606,set,22.43
sciqlop,43606,set,23.38
sciqlop,43606,set,23.10
sciqlop,43606,set,120.46
sciqlop,43606,set,25.46
sciqlop,43606,set,22.79
sciqlop,43606,set,23.20
sciqlop,43606,set,20.98
sciqlop,43606,set,21.37
sciqlop,43606,set,23.02
sciqlop,43606,set,20.14
sciqlop,43606,set,22.95
sciqlop,43606,set,23.25
sciqlop,43606,set,22.77
sciqlop,43606,set,20.34
sciqlop,43606,set,24.54
sciqlop,43606,set,21.36
sciqlop,43606,set,22.93
sciqlop,43606,set,22.53
sciqlop,43606,set,22.69
sciqlop,43606,set,20.83
sciqlop,43606,set,22.69
sciqlop,43606,set,22.04
sciqlop,43606,set,21.74
sciqlop,43606,set,23.47
sciqlop,43606,set,22.23
sciqlop,43606,set,22.59
sciqlop,43606,set,25.50
sciqlop,43606,set,22.31
sciqlop,43606,set,23.18
sciqlop,43606,set,22.58
sciqlop,43606,set,22.69
sciqlop,43606,set,21.77
sciqlop,43606,set,24.25
sciqlop,43606,set,22.69
sciqlop,43606,set,23.11
sciqlop,43606,set,22.70
sciqlop,43606,set,26.47
sciqlop,43606,set,21.89
sciqlop,43606,set,23.27
sciqlop,43606,set,25.64
sciqlop,43606,set,23.21
sciqlop,43606,set,23.55
sciqlop,43606,set,25.30
sciqlop,43606,set,22.61
sciqlop,43606,set,116.49
sciqlop,43606,set,22.72
sciqlop,43606,set,19.92
sciqlop,43606,set,22.02
sciqlop,43606,get_hit,5.17
sciqlop,43606,get_hit,3.92
sciqlop,43606,get_hit,3.23
sciqlop,43606,get_hit,2.69
sciqlop,43606,get_hit,2.73
sciqlop,43606,get_hit,2.82
sciqlop,43606,get_hit,2.76
sciqlop,43606,get_hit,2.98
sciqlop,43606,get_hit,2.83
sciqlop,43606,get_hit,2.86
sciqlop,43606,get_hit,2.77
sciqlop,43606,get_hit,2.83
sciqlop,43606,get_hit,2.67
sciqlop,43606,get_hit,2.58
sciqlop,43606,get_hit,3.15
sciqlop,43606,get_hit,3.54
sciqlop,43606,get_hit,3.31
sciqlop,43606,get_hit,3.76
sciqlop,43606,get_hit,3.60
sciqlop,43606,get_hit,3.59
sciqlop,43606,get_hit,3.62
sciqlop,43606,get_hit,3.99
sciqlop,43606,get_hit,2.73
sciqlop,43606,get_hit,2.47
sciqlop,43606,get_hit,2.46
sciqlop,43606,get_hit,2.44
sciqlop,43606,get_hit,2.45
sciqlop,43606,get_hit,2.45
sciqlop,43606,get_hit,2.40
sciqlop,43606,get_hit,2.45
sciqlop,43606,get_hit,2.42
sciqlop,43606,get_hit,2.43
sciqlop,43606,get_hit,2.42
sciqlop,43606,get_hit,2.44
sciqlop,43606,get_hit,2.46
sciqlop,43606,get_hit,2.43
sciqlop,43606,get_hit,2.41
sciqlop,43606,get_hit,2.38
sciqlop,43606,get_hit,2.38
sciqlop,43606,get_hit,2.44
sciqlop,43606,get_hit,2.38
sciqlop,43606,get_hit,2.37
sciqlop,43606,get_hit,2.41
sciqlop,43606,get_hit,2.40
sciqlop,43606,get_hit,2.41
sciqlop,43606,get_hit,2.44
sciqlop,43606,get_hit,2.45
sciqlop,43606,get_hit,2.46
sciqlop,43606,get_hit,2.41
sciqlop,43606,get_hit,2.48
sciqlop,43606,get_miss,1.58
sciqlop,43606,get_miss,1.50
sciqlop,43606,get_miss,1.56
sciqlop,43606,get_miss,1.58
sciqlop,43606,get_miss,1.56
sciqlop,43606,get_miss,1.59
sciqlop,43606,get_miss,1.56
sciqlop,43606,get_miss,1.57
sciqlop,43606,get_miss,1.55
sciqlop,43606,get_miss,1.56
sciqlop,43606,get_miss,1.55
sciqlop,43606,get_miss,1.59
sciqlop,43606,get_miss,1.51
sciqlop,43606,get_miss,1.50
sciqlop,43606,get_miss,1.47
sciqlop,43606,get_miss,1.47
sciqlop,43606,get_miss,1.51
sciqlop,43606,get_miss,1.63
sciqlop,43606,get_miss,1.51
sciqlop,43606,get_miss,1.51
sciqlop,43606,get_miss,1.50
sciqlop,43606,get_miss,1.50
sciqlop,43606,get_miss,1.52
sciqlop,43606,get_miss,1.47
sciqlop,43606,get_miss,1.47
sciqlop,43606,get_miss,1.47
sciqlop,43606,get_miss,1.48
sciqlop,43606,get_miss,1.49
sciqlop,43606,get_miss,1.47
sciqlop,43606,get_miss,1.50
sciqlop,43606,get_miss,1.50
sciqlop,43606,get_miss,1.49
sciqlop,43606,get_miss,1.48
sciqlop,43606,get_miss,1.49
sciqlop,43606,get_miss,1.49
sciqlop,43606,get_miss,1.47
sciqlop,43606,get_miss,1.49
sciqlop,43606,get_miss,1.49
sciqlop,43606,get_miss,1.78
sciqlop,43606,get_miss,1.51
sciqlop,43606,get_miss,1.52
sciqlop,43606,get_miss,1.50
sciqlop,43606,get_miss,1.49
sciqlop,43606,get_miss,1.51
sciqlop,43606,get_miss,1.47
sciqlop,43606,get_miss,1.48
sciqlop,43606,get_miss,2.03
sciqlop,43606,get_miss,1.58
sciqlop,43606,get_miss,1.58
sciqlop,43606,get_miss,1.55
sciqlop,65409,set,23.89
sciqlop,65409,set,22.29
sciqlop,65409,set,22.95
sciqlop,65409,set,24.95
sciqlop,65409,set,24.01
sciqlop,65409,set,23.70
sciqlop,65409,set,23.82
sciqlop,65409,set,23.66
sciqlop,65409,set,22.44
sciqlop,65409,set,22.24
sciqlop,65409,set,24.23
sciqlop,65409,set,22.02
sciqlop,65409,set,123.76
sciqlop,65409,set,21.43
sciqlop,65409,set,22.01
sciqlop,65409,set,20.01
sciqlop,65409,set,25.73
sciqlop,65409,set,22.93
sciqlop,65409,set,22.13
sciqlop,65409,set,21.98
sciqlop,65409,set,21.59
sciqlop,65409,set,18.02
sciqlop,65409,set,23.75
sciqlop,65409,set,23.95
sciqlop,65409,set,22.58
sciqlop,65409,set,22.70
sciqlop,65409,set,21.74
sciqlop,65409,set,21.48
sciqlop,65409,set,26.48
sciqlop,65409,set,21.00
sciqlop,65409,set,21.89
sciqlop,65409,set,22.49
sciqlop,65409,set,21.44
sciqlop,65409,set,21.38
sciqlop,65409,set,23.95
sciqlop,65409,set,22.39
sciqlop,65409,set,23.50
sciqlop,65409,set,23.15
sciqlop,65409,set,21.85
sciqlop,65409,set,21.18
sciqlop,65409,set,23.47
sciqlop,65409,set,24.16
sciqlop,65409,set,20.93
sciqlop,65409,set,23.93
sciqlop,65409,set,25.47
sciqlop,65409,set,21.77
sciqlop,65409,set,23.19
sciqlop,65409,set,22.39
sciqlop,65409,set,20.58
sciqlop,65409,set,25.38
sciqlop,65409,get_hit,5.08
sciqlop,65409,get_hit,3.80
sciqlop,65409,get_hit,6.25
sciqlop,65409,get_hit,3.69
sciqlop,65409,get_hit,3.20
sciqlop,65409,get_hit,3.01
sciqlop,65409,get_hit,3.04
sciqlop,65409,get_hit,3.74
sciqlop,65409,get_hit,3.28
sciqlop,65409,get_hit,2.96
sciqlop,65409,get_hit,2.94
sciqlop,65409,get_hit,2.80
sciqlop,65409,get_hit,3.41
sciqlop,65409,get_hit,2.89
sciqlop,65409,get_hit,3.22
sciqlop,65409,get_hit,3.05
sciqlop,65409,get_hit,2.94
sciqlop,65409,get_hit,3.01
sciqlop,65409,get_hit,2.94
sciqlop,65409,get_hit,3.14
sciqlop,65409,get_hit,2.91
sciqlop,65409,get_hit,3.85
sciqlop,65409,get_hit,4.01
sciqlop,65409,get_hit,4.51
sciqlop,65409,get_hit,4.59
sciqlop,65409,get_hit,4.37
sciqlop,65409,get_hit,3.95
sciqlop,65409,get_hit,4.00
sciqlop,65409,get_hit,3.85
sciqlop,65409,get_hit,3.93
sciqlop,65409,get_hit,3.81
sciqlop,65409,get_hit,3.69
sciqlop,65409,get_hit,3.38
sciqlop,65409,get_hit,2.88
sciqlop,65409,get_hit,2.74
sciqlop,65409,get_hit,2.57
sciqlop,65409,get_hit,2.56
sciqlop,65409,get_hit,2.59
sciqlop,65409,get_hit,2.70
sciqlop,65409,get_hit,2.68
sciqlop,65409,get_hit,2.93
sciqlop,65409,get_hit,2.69
sciqlop,65409,get_hit,2.72
sciqlop,65409,get_hit,2.67
sciqlop,65409,get_hit,2.73
sciqlop,65409,get_hit,2.89
sciqlop,65409,get_hit,3.18
sciqlop,65409,get_hit,2.60
sciqlop,65409,get_hit,2.84
sciqlop,65409,get_hit,2.56
sciqlop,65409,get_miss,1.57
sciqlop,65409,get_miss,1.53
sciqlop,65409,get_miss,1.50
sciqlop,65409,get_miss,1.50
sciqlop,65409,get_miss,1.54
sciqlop,65409,get_miss,1.94
sciqlop,65409,get_miss,1.50
sciqlop,65409,get_miss,1.50
sciqlop,65409,get_miss,1.50
sciqlop,65409,get_miss,1.52
sciqlop,65409,get_miss,1.54
sciqlop,65409,get_miss,1.49
sciqlop,65409,get_miss,1.54
sciqlop,65409,get_miss,1.91
sciqlop,65409,get_miss,1.50
sciqlop,65409,get_miss,1.52
sciqlop,65409,get_miss,1.54
sciqlop,65409,get_miss,1.51
sciqlop,65409,get_miss,1.54
sciqlop,65409,get_miss,1.50
sciqlop,65409,get_miss,1.53
sciqlop,65409,get_miss,1.52
sciqlop,65409,get_miss,1.54
sciqlop,65409,get_miss,1.54
sciqlop,65409,get_miss,1.54
sciqlop,65409,get_miss,1.55
sciqlop,65409,get_miss,1.49
sciqlop,65409,get_miss,1.54
sciqlop,65409,get_miss,1.53
sciqlop,65409,get_miss,1.54
sciqlop,65409,get_miss,1.52
sciqlop,65409,get_miss,1.51
sciqlop,65409,get_miss,1.50
sciqlop,65409,get_miss,1.50
sciqlop,65409,get_miss,1.50
sciqlop,65409,get_miss,1.76
sciqlop,65409,get_miss,1.51
sciqlop,65409,get_miss,1.56
sciqlop,65409,get_miss,1.51
sciqlop,65409,get_miss,1.49
sciqlop,65409,get_miss,1.51
sciqlop,65409,get_miss,1.48
sciqlop,65409,get_miss,1.50
sciqlop,65409,get_miss,1.49
sciqlop,65409,get_miss,1.50
sciqlop,65409,get_miss,1.49
sciqlop,65409,get_miss,1.49
sciqlop,65409,get_miss,1.48
sciqlop,65409,get_miss,1.54
sciqlop,65409,get_miss,1.50
sciqlop,98113,set,21.07
sciqlop,98113,set,22.25
sciqlop,98113,set,21.04
sciqlop,98113,set,21.80
sciqlop,98113,set,25.88
sciqlop,98113,set,24.38
sciqlop,98113,set,24.84
sciqlop,98113,set,22.95
sciqlop,98113,set,21.54
sciqlop,98113,set,22.97
sciqlop,98113,set,25.93
sciqlop,98113,set,21.56
sciqlop,98113,set,23.65
sciqlop,98113,set,25.86
sciqlop,98113,set,22.23
sciqlop,98113,set,20.75
sciqlop,98113,set,25.47
sciqlop,98113,set,21.57
sciqlop,98113,set,22.65
sciqlop,98113,set,22.35
sciqlop,98113,set,21.96
sciqlop,98113,set,21.11
sciqlop,98113,set,25.49
sciqlop,98113,set,22.84
sciqlop,98113,set,21.49
sciqlop,98113,set,24.87
sciqlop,98113,set,22.61
sciqlop,98113,set,21.55
sciqlop,98113,set,27.24
sciqlop,98113,set,23.89
sciqlop,98113,set,125.96
sciqlop,98113,set,24.31
sciqlop,98113,set,21.27
sciqlop,98113,set,20.33
sciqlop,98113,set,25.66
sciqlop,98113,set,22.87
sciqlop,98113,set,21.57
sciqlop,98113,set,28.57
sciqlop,98113,set,21.76
sciqlop,98113,set,20.82
sciqlop,98113,set,25.57
sciqlop,98113,set,22.10
sciqlop,98113,set,21.06
sciqlop,98113,set,24.28
sciqlop,98113,set,24.81
sciqlop,98113,set,24.50
sciqlop,98113,set,25.68
sciqlop,98113,set,21.81
sciqlop,98113,set,20.23
sciqlop,98113,set,24.48
sciqlop,98113,get_hit,5.69
sciqlop,98113,get_hit,3.45
sciqlop,98113,get_hit,3.40
sciqlop,98113,get_hit,5.02
sciqlop,98113,get_hit,4.74
sciqlop,98113,get_hit,3.06
sciqlop,98113,get_hit,2.76
sciqlop,98113,get_hit,2.76
sciqlop,98113,get_hit,2.79
sciqlop,98113,get_hit,2.67
sciqlop,98113,get_hit,2.70
sciqlop,98113,get_hit,2.66
sciqlop,98113,get_hit,2.76
sciqlop,98113,get_hit,2.78
sciqlop,98113,get_hit,2.81
sciqlop,98113,get_hit,2.71
sciqlop,98113,get_hit,2.65
sciqlop,98113,get_hit,2.69
sciqlop,98113,get_hit,3.11
sciqlop,98113,get_hit,2.95
sciqlop,98113,get_hit,2.73
sciqlop,98113,get_hit,2.68
sciqlop,98113,get_hit,2.74
sciqlop,98113,get_hit,3.02
sciqlop,98113,get_hit,2.83
sciqlop,98113,get_hit,2.68
sciqlop,98113,get_hit,2.70
sciqlop,98113,get_hit,2.73
sciqlop,98113,get_hit,2.60
sciqlop,98113,get_hit,2.79
sciqlop,98113,get_hit,2.91
sciqlop,98113,get_hit,2.66
sciqlop,98113,get_hit,3.69
sciqlop,98113,get_hit,3.50
sciqlop,98113,get_hit,3.93
sciqlop,98113,get_hit,3.90
sciqlop,98113,get_hit,3.61
sciqlop,98113,get_hit,4.88
sciqlop,98113,get_hit,3.83
sciqlop,98113,get_hit,3.58
sciqlop,98113,get_hit,3.58
sciqlop,98113,get_hit,4.51
sciqlop,98113,get_hit,4.53
sciqlop,98113,get_hit,3.54
sciqlop,98113,get_hit,3.45
sciqlop,98113,get_hit,3.39
sciqlop,98113,get_hit,3.61
sciqlop,98113,get_hit,3.58
sciqlop,98113,get_hit,3.66
sciqlop,98113,get_hit,2.61
sciqlop,98113,get_miss,1.55
sciqlop,98113,get_miss,1.51
sciqlop,98113,get_miss,1.48
sciqlop,98113,get_miss,1.50
sciqlop,98113,get_miss,1.50
sciqlop,98113,get_miss,1.51
sciqlop,98113,get_miss,1.48
sciqlop,98113,get_miss,1.50
sciqlop,98113,get_miss,1.52
sciqlop,98113,get_miss,1.50
sciqlop,98113,get_miss,1.49
sciqlop,98113,get_miss,1.50
sciqlop,98113,get_miss,1.54
sciqlop,98113,get_miss,1.54
sciqlop,98113,get_miss,1.54
sciqlop,98113,get_miss,1.53
sciqlop,98113,get_miss,1.55
sciqlop,98113,get_miss,1.52
sciqlop,98113,get_miss,1.51
sciqlop,98113,get_miss,1.50
sciqlop,98113,get_miss,1.53
sciqlop,98113,get_miss,1.52
sciqlop,98113,get_miss,1.50
sciqlop,98113,get_miss,1.52
sciqlop,98113,get_miss,1.94
sciqlop,98113,get_miss,1.53
sciqlop,98113,get_miss,1.52
sciqlop,98113,get_miss,1.51
sciqlop,98113,get_miss,1.51
sciqlop,98113,get_miss,1.55
sciqlop,98113,get_miss,1.50
sciqlop,98113,get_miss,1.57
sciqlop,98113,get_miss,1.56
sciqlop,98113,get_miss,1.51
sciqlop,98113,get_miss,1.53
sciqlop,98113,get_miss,1.51
sciqlop,98113,get_miss,1.55
sciqlop,98113,get_miss,1.54
sciqlop,98113,get_miss,1.52
sciqlop,98113,get_miss,1.54
sciqlop,98113,get_miss,1.54
sciqlop,98113,get_miss,1.52
sciqlop,98113,get_miss,1.50
sciqlop,98113,get_miss,1.82
sciqlop,98113,get_miss,1.57
sciqlop,98113,get_miss,1.51
sciqlop,98113,get_miss,1.51
sciqlop,98113,get_miss,1.51
sciqlop,98113,get_miss,1.52
sciqlop,98113,get_miss,1.92
sciqlop,147169,set,28.83
sciqlop,147169,set,22.02
sciqlop,147169,set,21.39
sciqlop,147169,set,21.02
sciqlop,147169,set,25.89
sciqlop,147169,set,26.69
sciqlop,147169,set,22.30
sciqlop,147169,set,22.43
sciqlop,147169,set,22.50
sciqlop,147169,set,25.84
sciqlop,147169,set,21.99
sciqlop,147169,set,21.95
sciqlop,147169,set,22.09
sciqlop,147169,set,23.76
sciqlop,147169,set,23.48
sciqlop,147169,set,24.92
sciqlop,147169,set,22.38
sciqlop,147169,set,23.25
sciqlop,147169,set,25.00
sciqlop,147169,set,24.08
sciqlop,147169,set,25.07
sciqlop,147169,set,25.40
sciqlop,147169,set,22.94
sciqlop,147169,set,21.06
sciqlop,147169,set,23.05
sciqlop,147169,set,27.04
sciqlop,147169,set,22.61
sciqlop,147169,set,22.93
sciqlop,147169,set,26.09
sciqlop,147169,set,20.69
sciqlop,147169,set,22.58
sciqlop,147169,set,25.87
sciqlop,147169,set,21.83
sciqlop,147169,set,24.30
sciqlop,147169,set,21.87
sciqlop,147169,set,26.10
sciqlop,147169,set,124.62
sciqlop,147169,set,20.45
sciqlop,147169,set,24.83
sciqlop,147169,set,21.76
sciqlop,147169,set,22.05
sciqlop,147169,set,27.08
sciqlop,147169,set,21.30
sciqlop,147169,set,20.99
sciqlop,147169,set,24.47
sciqlop,147169,set,23.28
sciqlop,147169,set,21.80
sciqlop,147169,set,23.94
sciqlop,147169,set,21.36
sciqlop,147169,set,27.85
sciqlop,147169,get_hit,5.69
sciqlop,147169,get_hit,3.34
sciqlop,147169,get_hit,3.16
sciqlop,147169,get_hit,3.25
sciqlop,147169,get_hit,3.69
sciqlop,147169,get_hit,5.31
sciqlop,147169,get_hit,5.05
sciqlop,147169,get_hit,3.74
sciqlop,147169,get_hit,2.79
sciqlop,147169,get_hit,2.87
sciqlop,147169,get_hit,2.70
sciqlop,147169,get_hit,2.65
sciqlop,147169,get_hit,2.67
sciqlop,147169,get_hit,2.69
sciqlop,147169,get_hit,2.64
sciqlop,147169,get_hit,3.18
sciqlop,147169,get_hit,2.79
sciqlop,147169,get_hit,2.84
sciqlop,147169,get_hit,2.83
sciqlop,147169,get_hit,2.79
sciqlop,147169,get_hit,2.70
sciqlop,147169,get_hit,2.58
sciqlop,147169,get_hit,4.63
sciqlop,147169,get_hit,2.71
sciqlop,147169,get_hit,2.64
sciqlop,147169,get_hit,2.64
sciqlop,147169,get_hit,2.68
sciqlop,147169,get_hit,2.67
sciqlop,147169,get_hit,2.62
sciqlop,147169,get_hit,2.76
sciqlop,147169,get_hit,2.69
sciqlop,147169,get_hit,2.66
sciqlop,147169,get_hit,2.65
sciqlop,147169,get_hit,2.68
sciqlop,147169,get_hit,2.65
sciqlop,147169,get_hit,2.64
sciqlop,147169,get_hit,2.76
sciqlop,147169,get_hit,2.91
sciqlop,147169,get_hit,2.66
sciqlop,147169,get_hit,2.67
sciqlop,147169,get_hit,2.71
sciqlop,147169,get_hit,2.71
sciqlop,147169,get_hit,2.94
sciqlop,147169,get_hit,2.74
sciqlop,147169,get_hit,2.70
sciqlop,147169,get_hit,2.70
sciqlop,147169,get_hit,2.67
sciqlop,147169,get_hit,2.71
sciqlop,147169,get_hit,3.06
sciqlop,147169,get_hit,3.83
sciqlop,147169,get_miss,1.75
sciqlop,147169,get_miss,1.49
sciqlop,147169,get_miss,1.50
sciqlop,147169,get_miss,1.54
sciqlop,147169,get_miss,1.52
sciqlop,147169,get_miss,1.50
sciqlop,147169,get_miss,1.54
sciqlop,147169,get_miss,1.50
sciqlop,147169,get_miss,1.54
sciqlop,147169,get_miss,1.47
sciqlop,147169,get_miss,1.47
sciqlop,147169,get_miss,1.47
sciqlop,147169,get_miss,1.54
sciqlop,147169,get_miss,1.57
sciqlop,147169,get_miss,1.49
sciqlop,147169,get_miss,1.49
sciqlop,147169,get_miss,1.52
sciqlop,147169,get_miss,1.50
sciqlop,147169,get_miss,1.48
sciqlop,147169,get_miss,1.48
sciqlop,147169,get_miss,1.50
sciqlop,147169,get_miss,1.49
sciqlop,147169,get_miss,1.51
sciqlop,147169,get_miss,1.49
sciqlop,147169,get_miss,1.51
sciqlop,147169,get_miss,1.51
sciqlop,147169,get_miss,1.50
sciqlop,147169,get_miss,1.49
sciqlop,147169,get_miss,1.52
sciqlop,147169,get_miss,1.50
sciqlop,147169,get_miss,1.51
sciqlop,147169,get_miss,1.49
sciqlop,147169,get_miss,1.52
sciqlop,147169,get_miss,1.50
sciqlop,147169,get_miss,1.49
sciqlop,147169,get_miss,1.51
sciqlop,147169,get_miss,1.49
sciqlop,147169,get_miss,2.01
sciqlop,147169,get_miss,1.51
sciqlop,147169,get_miss,1.49
sciqlop,147169,get_miss,1.49
sciqlop,147169,get_miss,1.50
sciqlop,147169,get_miss,1.48
sciqlop,147169,get_miss,1.49
sciqlop,147169,get_miss,1.48
sciqlop,147169,get_miss,1.48
sciqlop,147169,get_miss,1.48
sciqlop,147169,get_miss,1.47
sciqlop,147169,get_miss,1.48
sciqlop,147169,get_miss,1.49
sciqlop,220753,set,25.16
sciqlop,220753,set,112.68
sciqlop,220753,set,20.96
sciqlop,220753,set,20.42
sciqlop,220753,set,25.70
sciqlop,220753,set,25.20
sciqlop,220753,set,21.51
sciqlop,220753,set,22.92
sciqlop,220753,set,22.92
sciqlop,220753,set,24.66
sciqlop,220753,set,22.21
sciqlop,220753,set,20.66
sciqlop,220753,set,21.98
sciqlop,220753,set,23.39
sciqlop,220753,set,22.74
sciqlop,220753,set,24.75
sciqlop,220753,set,24.11
sciqlop,220753,set,21.29
sciqlop,220753,set,24.80
sciqlop,220753,set,23.28
sciqlop,220753,set,24.75
sciqlop,220753,set,25.24
sciqlop,220753,set,23.00
sciqlop,220753,set,20.91
sciqlop,220753,set,25.71
sciqlop,220753,set,26.42
sciqlop,220753,set,21.20
sciqlop,220753,set,22.76
sciqlop,220753,set,25.35
sciqlop,220753,set,21.39
sciqlop,220753,set,22.02
sciqlop,220753,set,25.99
sciqlop,220753,set,22.33
sciqlop,220753,set,23.87
sciqlop,220753,set,21.24
sciqlop,220753,set,25.52
sciqlop,220753,set,24.51
sciqlop,220753,set,22.25
sciqlop,220753,set,24.74
sciqlop,220753,set,22.78
sciqlop,220753,set,21.86
sciqlop,220753,set,29.60
sciqlop,220753,set,116.17
sciqlop,220753,set,21.42
sciqlop,220753,set,24.84
sciqlop,220753,set,23.33
sciqlop,220753,set,21.96
sciqlop,220753,set,26.19
sciqlop,220753,set,21.49
sciqlop,220753,set,27.13
sciqlop,220753,get_hit,6.55
sciqlop,220753,get_hit,3.66
sciqlop,220753,get_hit,3.11
sciqlop,220753,get_hit,3.02
sciqlop,220753,get_hit,3.09
sciqlop,220753,get_hit,3.24
sciqlop,220753,get_hit,2.98
sciqlop,220753,get_hit,4.74
sciqlop,220753,get_hit,5.02
sciqlop,220753,get_hit,5.10
sciqlop,220753,get_hit,4.89
sciqlop,220753,get_hit,2.88
sciqlop,220753,get_hit,2.77
sciqlop,220753,get_hit,2.71
sciqlop,220753,get_hit,2.70
sciqlop,220753,get_hit,2.67
sciqlop,220753,get_hit,2.68
sciqlop,220753,get_hit,3.18
sciqlop,220753,get_hit,2.79
sciqlop,220753,get_hit,2.76
sciqlop,220753,get_hit,2.85
sciqlop,220753,get_hit,2.74
sciqlop,220753,get_hit,2.68
sciqlop,220753,get_hit,2.67
sciqlop,220753,get_hit,2.61
sciqlop,220753,get_hit,2.60
sciqlop,220753,get_hit,2.61
sciqlop,220753,get_hit,2.68
sciqlop,220753,get_hit,2.61
sciqlop,220753,get_hit,2.71
sciqlop,220753,get_hit,2.68
sciqlop,220753,get_hit,2.62
sciqlop,220753,get_hit,2.62
sciqlop,220753,get_hit,2.64
sciqlop,220753,get_hit,2.65
sciqlop,220753,get_hit,2.63
sciqlop,220753,get_hit,2.70
sciqlop,220753,get_hit,2.79
sciqlop,220753,get_hit,2.65
sciqlop,220753,get_hit,2.67
sciqlop,220753,get_hit,2.67
sciqlop,220753,get_hit,2.69
sciqlop,220753,get_hit,2.68
sciqlop,220753,get_hit,2.70
sciqlop,220753,get_hit,2.66
sciqlop,220753,get_hit,2.65
sciqlop,220753,get_hit,2.63
sciqlop,220753,get_hit,2.73
sciqlop,220753,get_hit,2.75
sciqlop,220753,get_hit,2.69
sciqlop,220753,get_miss,1.54
sciqlop,220753,get_miss,1.52
sciqlop,220753,get_miss,1.51
sciqlop,220753,get_miss,1.50
sciqlop,220753,get_miss,1.52
sciqlop,220753,get_miss,2.25
sciqlop,220753,get_miss,1.51
sciqlop,220753,get_miss,1.54
sciqlop,220753,get_miss,1.50
sciqlop,220753,get_miss,1.50
sciqlop,220753,get_miss,1.48
sciqlop,220753,get_miss,1.50
sciqlop,220753,get_miss,1.56
sciqlop,220753,get_miss,1.96
sciqlop,220753,get_miss,1.51
sciqlop,220753,get_miss,1.50
sciqlop,220753,get_miss,1.53
sciqlop,220753,get_miss,1.54
sciqlop,220753,get_miss,1.51
sciqlop,220753,get_miss,1.49
sciqlop,220753,get_miss,1.56
sciqlop,220753,get_miss,1.51
sciqlop,220753,get_miss,1.50
sciqlop,220753,get_miss,1.51
sciqlop,220753,get_miss,1.54
sciqlop,220753,get_miss,1.51
sciqlop,220753,get_miss,1.50
sciqlop,220753,get_miss,1.52
sciqlop,220753,get_miss,1.52
sciqlop,220753,get_miss,1.65
sciqlop,220753,get_miss,1.53
sciqlop,220753,get_miss,1.50
sciqlop,220753,get_miss,1.50
sciqlop,220753,get_miss,1.49
sciqlop,220753,get_miss,1.50
sciqlop,220753,get_miss,1.52
sciqlop,220753,get_miss,1.52
sciqlop,220753,get_miss,1.51
sciqlop,220753,get_miss,1.58
sciqlop,220753,get_miss,1.58
sciqlop,220753,get_miss,1.49
sciqlop,220753,get_miss,1.51
sciqlop,220753,get_miss,1.59
sciqlop,220753,get_miss,1.51
sciqlop,220753,get_miss,1.49
sciqlop,220753,get_miss,1.51
sciqlop,220753,get_miss,1.50
sciqlop,220753,get_miss,1.49
sciqlop,220753,get_miss,1.50
sciqlop,220753,get_miss,1.50
sciqlop,331129,set,23.15
sciqlop,331129,set,21.73
sciqlop,331129,set,21.61
sciqlop,331129,set,22.32
sciqlop,331129,set,26.26
sciqlop,331129,set,24.67
sciqlop,331129,set,21.26
sciqlop,331129,set,22.61
sciqlop,331129,set,21.64
sciqlop,331129,set,25.91
sciqlop,331129,set,25.14
sciqlop,331129,set,21.97
sciqlop,331129,set,23.99
sciqlop,331129,set,23.21
sciqlop,331129,set,22.83
sciqlop,331129,set,24.81
sciqlop,331129,set,21.49
sciqlop,331129,set,22.06
sciqlop,331129,set,25.97
sciqlop,331129,set,23.97
sciqlop,331129,set,27.74
sciqlop,331129,set,24.64
sciqlop,331129,set,23.11
sciqlop,331129,set,20.23
sciqlop,331129,set,22.36
sciqlop,331129,set,25.16
sciqlop,331129,set,21.32
sciqlop,331129,set,24.12
sciqlop,331129,set,28.88
sciqlop,331129,set,20.99
sciqlop,331129,set,22.62
sciqlop,331129,set,26.34
sciqlop,331129,set,23.64
sciqlop,331129,set,23.89
sciqlop,331129,set,23.06
sciqlop,331129,set,125.31
sciqlop,331129,set,24.65
sciqlop,331129,set,20.58
sciqlop,331129,set,24.89
sciqlop,331129,set,21.50
sciqlop,331129,set,20.63
sciqlop,331129,set,25.06
sciqlop,331129,set,21.92
sciqlop,331129,set,21.93
sciqlop,331129,set,26.86
sciqlop,331129,set,23.19
sciqlop,331129,set,21.47
sciqlop,331129,set,24.07
sciqlop,331129,set,21.03
sciqlop,331129,set,25.60
sciqlop,331129,get_hit,5.79
sciqlop,331129,get_hit,5.05
sciqlop,331129,get_hit,3.20
sciqlop,331129,get_hit,3.15
sciqlop,331129,get_hit,3.22
sciqlop,331129,get_hit,3.35
sciqlop,331129,get_hit,3.07
sciqlop,331129,get_hit,3.13
sciqlop,331129,get_hit,3.04
sciqlop,331129,get_hit,3.05
sciqlop,331129,get_hit,3.29
sciqlop,331129,get_hit,5.39
sciqlop,331129,get_hit,5.04
sciqlop,331129,get_hit,5.09
sciqlop,331129,get_hit,4.68
sciqlop,331129,get_hit,4.75
sciqlop,331129,get_hit,4.37
sciqlop,331129,get_hit,2.81
sciqlop,331129,get_hit,2.75
sciqlop,331129,get_hit,2.74
sciqlop,331129,get_hit,2.74
sciqlop,331129,get_hit,2.76
sciqlop,331129,get_hit,2.73
sciqlop,331129,get_hit,2.78
sciqlop,331129,get_hit,2.66
sciqlop,331129,get_hit,2.59
sciqlop,331129,get_hit,2.62
sciqlop,331129,get_hit,2.67
sciqlop,331129,get_hit,2.68
sciqlop,331129,get_hit,2.71
sciqlop,331129,get_hit,2.68
sciqlop,331129,get_hit,2.64
sciqlop,331129,get_hit,2.62
sciqlop,331129,get_hit,2.69
sciqlop,331129,get_hit,2.64
sciqlop,331129,get_hit,3.01
sciqlop,331129,get_hit,2.75
sciqlop,331129,get_hit,2.93
sciqlop,331129,get_hit,2.76
sciqlop,331129,get_hit,2.96
sciqlop,331129,get_hit,3.08
sciqlop,331129,get_hit,2.74
sciqlop,331129,get_hit,2.69
sciqlop,331129,get_hit,2.76
sciqlop,331129,get_hit,2.74
sciqlop,331129,get_hit,2.71
sciqlop,331129,get_hit,2.73
sciqlop,331129,get_hit,2.77
sciqlop,331129,get_hit,2.75
sciqlop,331129,get_hit,2.74
sciqlop,331129,get_miss,1.56
sciqlop,331129,get_miss,1.49
sciqlop,331129,get_miss,1.50
sciqlop,331129,get_miss,1.51
sciqlop,331129,get_miss,1.52
sciqlop,331129,get_miss,1.50
sciqlop,331129,get_miss,1.55
sciqlop,331129,get_miss,1.50
sciqlop,331129,get_miss,1.50
sciqlop,331129,get_miss,1.51
sciqlop,331129,get_miss,1.54
sciqlop,331129,get_miss,1.50
sciqlop,331129,get_miss,1.52
sciqlop,331129,get_miss,1.52
sciqlop,331129,get_miss,1.52
sciqlop,331129,get_miss,1.52
sciqlop,331129,get_miss,1.54
sciqlop,331129,get_miss,1.55
sciqlop,331129,get_miss,1.50
sciqlop,331129,get_miss,1.54
sciqlop,331129,get_miss,1.50
sciqlop,331129,get_miss,1.51
sciqlop,331129,get_miss,1.50
sciqlop,331129,get_miss,1.52
sciqlop,331129,get_miss,1.52
sciqlop,331129,get_miss,1.53
sciqlop,331129,get_miss,1.55
sciqlop,331129,get_miss,1.52
sciqlop,331129,get_miss,1.52
sciqlop,331129,get_miss,1.56
sciqlop,331129,get_miss,1.54
sciqlop,331129,get_miss,1.51
sciqlop,331129,get_miss,1.52
sciqlop,331129,get_miss,1.51
sciqlop,331129,get_miss,1.55
sciqlop,331129,get_miss,1.54
sciqlop,331129,get_miss,1.52
sciqlop,331129,get_miss,1.50
sciqlop,331129,get_miss,1.51
sciqlop,331129,get_miss,1.57
sciqlop,331129,get_miss,1.52
sciqlop,331129,get_miss,1.52
sciqlop,331129,get_miss,1.51
sciqlop,331129,get_miss,1.53
sciqlop,331129,get_miss,1.57
sciqlop,331129,get_miss,1.52
sciqlop,331129,get_miss,1.54
sciqlop,331129,get_miss,1.49
sciqlop,331129,get_miss,1.51
sciqlop,331129,get_miss,1.51
sciqlop,496693,set,22.87
sciqlop,496693,set,22.24
sciqlop,496693,set,22.82
sciqlop,496693,set,21.26
sciqlop,496693,set,26.09
sciqlop,496693,set,27.24
sciqlop,496693,set,21.54
sciqlop,496693,set,22.71
sciqlop,496693,set,23.31
sciqlop,496693,set,25.60
sciqlop,496693,set,23.55
sciqlop,496693,set,21.83
sciqlop,496693,set,22.95
sciqlop,496693,set,27.55
sciqlop,496693,set,24.66
sciqlop,496693,set,27.08
sciqlop,496693,set,21.69
sciqlop,496693,set,22.25
sciqlop,496693,set,26.98
sciqlop,496693,set,24.10
sciqlop,496693,set,26.74
sciqlop,496693,set,27.48
sciqlop,496693,set,23.29
sciqlop,496693,set,20.70
sciqlop,496693,set,22.51
sciqlop,496693,set,118.94
sciqlop,496693,set,22.08
sciqlop,496693,set,21.78
sciqlop,496693,set,25.51
sciqlop,496693,set,22.83
sciqlop,496693,set,21.34
sciqlop,496693,set,25.60
sciqlop,496693,set,21.31
sciqlop,496693,set,21.26
sciqlop,496693,set,21.18
sciqlop,496693,set,24.59
sciqlop,496693,set,22.53
sciqlop,496693,set,21.92
sciqlop,496693,set,25.02
sciqlop,496693,set,21.47
sciqlop,496693,set,20.60
sciqlop,496693,set,24.67
sciqlop,496693,set,23.02
sciqlop,496693,set,21.56
sciqlop,496693,set,25.41
sciqlop,496693,set,25.04
sciqlop,496693,set,23.25
sciqlop,496693,set,24.32
sciqlop,496693,set,21.09
sciqlop,496693,set,25.25
sciqlop,496693,get_hit,6.33
sciqlop,496693,get_hit,4.92
sciqlop,496693,get_hit,5.09
sciqlop,496693,get_hit,3.36
sciqlop,496693,get_hit,3.21
sciqlop,496693,get_hit,3.55
sciqlop,496693,get_hit,3.16
sciqlop,496693,get_hit,3.27
sciqlop,496693,get_hit,3.20
sciqlop,496693,get_hit,3.17
sciqlop,496693,get_hit,3.34
sciqlop,496693,get_hit,3.34
sciqlop,496693,get_hit,3.22
sciqlop,496693,get_hit,3.19
sciqlop,496693,get_hit,3.40
sciqlop,496693,get_hit,3.13
sciqlop,496693,get_hit,4.46
sciqlop,496693,get_hit,4.89
sciqlop,496693,get_hit,4.80
sciqlop,496693,get_hit,4.84
sciqlop,496693,get_hit,4.52
sciqlop,496693,get_hit,4.60
sciqlop,496693,get_hit,4.69
sciqlop,496693,get_hit,5.29
sciqlop,496693,get_hit,4.57
sciqlop,496693,get_hit,2.81
sciqlop,496693,get_hit,2.78
sciqlop,496693,get_hit,2.76
sciqlop,496693,get_hit,2.69
sciqlop,496693,get_hit,2.83
sciqlop,496693,get_hit,2.77
sciqlop,496693,get_hit,2.98
sciqlop,496693,get_hit,3.02
sciqlop,496693,get_hit,3.07
sciqlop,496693,get_hit,2.92
sciqlop,496693,get_hit,2.88
sciqlop,496693,get_hit,3.50
sciqlop,496693,get_hit,3.28
sciqlop,496693,get_hit,2.94
sciqlop,496693,get_hit,2.95
sciqlop,496693,get_hit,2.91
sciqlop,496693,get_hit,2.90
sciqlop,496693,get_hit,2.69
sciqlop,496693,get_hit,2.73
sciqlop,496693,get_hit,2.72
sciqlop,496693,get_hit,2.73
sciqlop,496693,get_hit,2.97
sciqlop,496693,get_hit,2.74
sciqlop,496693,get_hit,2.97
sciqlop,496693,get_hit,3.10
sciqlop,496693,get_miss,1.63
sciqlop,496693,get_miss,1.55
sciqlop,496693,get_miss,1.54
sciqlop,496693,get_miss,1.54
sciqlop,496693,get_miss,1.54
sciqlop,496693,get_miss,1.55
sciqlop,496693,get_miss,1.55
sciqlop,496693,get_miss,1.54
sciqlop,496693,get_miss,1.56
sciqlop,496693,get_miss,1.54
sciqlop,496693,get_miss,1.54
sciqlop,496693,get_miss,1.54
sciqlop,496693,get_miss,1.58
sciqlop,496693,get_miss,1.57
sciqlop,496693,get_miss,1.57
sciqlop,496693,get_miss,1.56
sciqlop,496693,get_miss,1.78
sciqlop,496693,get_miss,1.58
sciqlop,496693,get_miss,1.57
sciqlop,496693,get_miss,1.56
sciqlop,496693,get_miss,1.56
sciqlop,496693,get_miss,1.56
sciqlop,496693,get_miss,1.56
sciqlop,496693,get_miss,1.58
sciqlop,496693,get_miss,1.55
sciqlop,496693,get_miss,1.60
sciqlop,496693,get_miss,1.58
sciqlop,496693,get_miss,1.56
sciqlop,496693,get_miss,1.57
sciqlop,496693,get_miss,1.57
sciqlop,496693,get_miss,1.56
sciqlop,496693,get_miss,1.55
sciqlop,496693,get_miss,1.55
sciqlop,496693,get_miss,1.56
sciqlop,496693,get_miss,1.55
sciqlop,496693,get_miss,1.59
sciqlop,496693,get_miss,1.59
sciqlop,496693,get_miss,1.60
sciqlop,496693,get_miss,1.56
sciqlop,496693,get_miss,1.56
sciqlop,496693,get_miss,1.59
sciqlop,496693,get_miss,1.57
sciqlop,496693,get_miss,1.57
sciqlop,496693,get_miss,1.57
sciqlop,496693,get_miss,1.56
sciqlop,496693,get_miss,1.55
sciqlop,496693,get_miss,1.56
sciqlop,496693,get_miss,1.56
sciqlop,496693,get_miss,1.60
sciqlop,496693,get_miss,1.58
sciqlop,700000,set,118.65
sciqlop,700000,set,21.53
sciqlop,700000,set,21.20
sciqlop,700000,set,20.99
sciqlop,700000,set,25.64
sciqlop,700000,set,25.32
sciqlop,700000,set,21.27
sciqlop,700000,set,23.82
sciqlop,700000,set,23.53
sciqlop,700000,set,26.14
sciqlop,700000,set,22.41
sciqlop,700000,set,20.83
sciqlop,700000,set,21.93
sciqlop,700000,set,24.64
sciqlop,700000,set,22.91
sciqlop,700000,set,24.88
sciqlop,700000,set,25.42
sciqlop,700000,set,23.65
sciqlop,700000,set,24.84
sciqlop,700000,set,23.38
sciqlop,700000,set,24.68
sciqlop,700000,set,25.05
sciqlop,700000,set,22.72
sciqlop,700000,set,20.65
sciqlop,700000,set,23.38
sciqlop,700000,set,26.50
sciqlop,700000,set,20.63
sciqlop,700000,set,22.33
sciqlop,700000,set,25.78
sciqlop,700000,set,22.45
sciqlop,700000,set,22.20
sciqlop,700000,set,25.56
sciqlop,700000,set,22.35
sciqlop,700000,set,24.71
sciqlop,700000,set,21.15
sciqlop,700000,set,25.20
sciqlop,700000,set,22.81
sciqlop,700000,set,21.37
sciqlop,700000,set,25.26
sciqlop,700000,set,23.00
sciqlop,700000,set,21.85
sciqlop,700000,set,128.18
sciqlop,700000,set,21.65
sciqlop,700000,set,21.23
sciqlop,700000,set,24.97
sciqlop,700000,set,23.49
sciqlop,700000,set,21.93
sciqlop,700000,set,24.75
sciqlop,700000,set,21.61
sciqlop,700000,set,27.51
sciqlop,700000,get_hit,6.76
sciqlop,700000,get_hit,3.58
sciqlop,700000,get_hit,5.71
sciqlop,700000,get_hit,4.92
sciqlop,700000,get_hit,3.11
sciqlop,700000,get_hit,3.15
sciqlop,700000,get_hit,3.01
sciqlop,700000,get_hit,3.10
sciqlop,700000,get_hit,3.03
sciqlop,700000,get_hit,3.28
sciqlop,700000,get_hit,3.37
sciqlop,700000,get_hit,3.20
sciqlop,700000,get_hit,3.26
sciqlop,700000,get_hit,3.13
sciqlop,700000,get_hit,3.12
sciqlop,700000,get_hit,3.10
sciqlop,700000,get_hit,3.09
sciqlop,700000,get_hit,3.08
sciqlop,700000,get_hit,3.15
sciqlop,700000,get_hit,3.28
sciqlop,700000,get_hit,3.08
sciqlop,700000,get_hit,3.31
sciqlop,700000,get_hit,3.10
sciqlop,700000,get_hit,3.21
sciqlop,700000,get_hit,3.99
sciqlop,700000,get_hit,5.07
sciqlop,700000,get_hit,5.15
sciqlop,700000,get_hit,5.09
sciqlop,700000,get_hit,4.89
sciqlop,700000,get_hit,5.26
sciqlop,700000,get_hit,4.99
sciqlop,700000,get_hit,4.82
sciqlop,700000,get_hit,4.82
sciqlop,700000,get_hit,5.03
sciqlop,700000,get_hit,5.19
sciqlop,700000,get_hit,2.97
sciqlop,700000,get_hit,2.85
sciqlop,700000,get_hit,2.91
sciqlop,700000,get_hit,2.83
sciqlop,700000,get_hit,2.84
sciqlop,700000,get_hit,2.81
sciqlop,700000,get_hit,2.83
sciqlop,700000,get_hit,3.13
sciqlop,700000,get_hit,2.83
sciqlop,700000,get_hit,2.78
sciqlop,700000,get_hit,2.79
sciqlop,700000,get_hit,2.90
sciqlop,700000,get_hit,2.79
sciqlop,700000,get_hit,2.81
sciqlop,700000,get_hit,2.97
sciqlop,700000,get_miss,1.61
sciqlop,700000,get_miss,1.57
sciqlop,700000,get_miss,1.55
sciqlop,700000,get_miss,1.56
sciqlop,700000,get_miss,1.56
sciqlop,700000,get_miss,1.55
sciqlop,700000,get_miss,1.56
sciqlop,700000,get_miss,1.55
sciqlop,700000,get_miss,1.54
sciqlop,700000,get_miss,1.56
sciqlop,700000,get_miss,1.55
sciqlop,700000,get_miss,1.57
sciqlop,700000,get_miss,1.58
sciqlop,700000,get_miss,1.74
sciqlop,700000,get_miss,1.56
sciqlop,700000,get_miss,1.58
sciqlop,700000,get_miss,1.60
sciqlop,700000,get_miss,1.58
sciqlop,700000,get_miss,1.56
sciqlop,700000,get_miss,1.58
sciqlop,700000,get_miss,1.57
sciqlop,700000,get_miss,1.58
sciqlop,700000,get_miss,1.51
sciqlop,700000,get_miss,1.51
sciqlop,700000,get_miss,1.53
sciqlop,700000,get_miss,1.53
sciqlop,700000,get_miss,1.51
sciqlop,700000,get_miss,1.54
sciqlop,700000,get_miss,1.53
sciqlop,700000,get_miss,1.52
sciqlop,700000,get_miss,1.52
sciqlop,700000,get_miss,1.52
sciqlop,700000,get_miss,1.53
sciqlop,700000,get_miss,1.52
sciqlop,700000,get_miss,1.53
sciqlop,700000,get_miss,1.53
sciqlop,700000,get_miss,1.54
sciqlop,700000,get_miss,1.53
sciqlop,700000,get_miss,1.52
sciqlop,700000,get_miss,1.55
sciqlop,700000,get_miss,1.53
sciqlop,700000,get_miss,1.53
sciqlop,700000,get_miss,1.52
sciqlop,700000,get_miss,1.52
sciqlop,700000,get_miss,1.52
sciqlop,700000,get_miss,1.51
sciqlop,700000,get_miss,1.53
sciqlop,700000,get_miss,1.49
sciqlop,700000,get_miss,1.52
sciqlop,700000,get_miss,1.51
sciqlop,1000000,set,23.30
sciqlop,1000000,set,22.30
sciqlop,1000000,set,22.04
sciqlop,1000000,set,21.08
sciqlop,1000000,set,27.11
sciqlop,1000000,set,26.76
sciqlop,1000000,set,22.76
sciqlop,1000000,set,23.00
sciqlop,1000000,set,21.44
sciqlop,1000000,set,25.40
sciqlop,1000000,set,23.53
sciqlop,1000000,set,21.45
sciqlop,1000000,set,23.29
sciqlop,1000000,set,123.55
sciqlop,1000000,set,26.06
sciqlop,1000000,set,24.44
sciqlop,1000000,set,21.27
sciqlop,1000000,set,21.00
sciqlop,1000000,set,26.55
sciqlop,1000000,set,24.46
sciqlop,1000000,set,25.29
sciqlop,1000000,set,24.85
sciqlop,1000000,set,25.07
sciqlop,1000000,set,19.97
sciqlop,1000000,set,22.02
sciqlop,1000000,set,24.58
sciqlop,1000000,set,21.94
sciqlop,1000000,set,24.36
sciqlop,1000000,set,26.15
sciqlop,1000000,set,21.02
sciqlop,1000000,set,24.36
sciqlop,1000000,set,25.13
sciqlop,1000000,set,24.66
sciqlop,1000000,set,23.10
sciqlop,1000000,set,21.66
sciqlop,1000000,set,25.58
sciqlop,1000000,set,22.44
sciqlop,1000000,set,21.64
sciqlop,1000000,set,27.05
sciqlop,1000000,set,22.08
sciqlop,1000000,set,20.95
sciqlop,1000000,set,24.89
sciqlop,1000000,set,22.90
sciqlop,1000000,set,22.80
sciqlop,1000000,set,24.77
sciqlop,1000000,set,24.49
sciqlop,1000000,set,25.46
sciqlop,1000000,set,26.19
sciqlop,1000000,set,22.00
sciqlop,1000000,set,25.53
sciqlop,1000000,get_hit,5.71
sciqlop,1000000,get_hit,4.32
sciqlop,1000000,get_hit,4.19
sciqlop,1000000,get_hit,6.03
sciqlop,1000000,get_hit,5.29
sciqlop,1000000,get_hit,3.92
sciqlop,1000000,get_hit,4.56
sciqlop,1000000,get_hit,3.90
sciqlop,1000000,get_hit,3.91
sciqlop,1000000,get_hit,4.64
sciqlop,1000000,get_hit,3.93
sciqlop,1000000,get_hit,4.14
sciqlop,1000000,get_hit,3.91
sciqlop,1000000,get_hit,3.76
sciqlop,1000000,get_hit,4.21
sciqlop,1000000,get_hit,4.28
sciqlop,1000000,get_hit,3.81
sciqlop,1000000,get_hit,3.66
sciqlop,1000000,get_hit,3.74
sciqlop,1000000,get_hit,3.72
sciqlop,1000000,get_hit,3.83
sciqlop,1000000,get_hit,3.56
sciqlop,1000000,get_hit,3.44
sciqlop,1000000,get_hit,4.40
sciqlop,1000000,get_hit,3.72
sciqlop,1000000,get_hit,3.54
sciqlop,1000000,get_hit,3.44
sciqlop,1000000,get_hit,3.64
sciqlop,1000000,get_hit,3.76
sciqlop,1000000,get_hit,3.87
sciqlop,1000000,get_hit,3.65
sciqlop,1000000,get_hit,3.37
sciqlop,1000000,get_hit,3.45
sciqlop,1000000,get_hit,3.40
sciqlop,1000000,get_hit,4.34
sciqlop,1000000,get_hit,6.05
sciqlop,1000000,get_hit,5.50
sciqlop,1000000,get_hit,5.15
sciqlop,1000000,get_hit,5.33
sciqlop,1000000,get_hit,5.42
sciqlop,1000000,get_hit,5.27
sciqlop,1000000,get_hit,5.37
sciqlop,1000000,get_hit,5.32
sciqlop,1000000,get_hit,5.51
sciqlop,1000000,get_hit,5.05
sciqlop,1000000,get_hit,4.58
sciqlop,1000000,get_hit,4.23
sciqlop,1000000,get_hit,3.96
sciqlop,1000000,get_hit,3.73
sciqlop,1000000,get_hit,3.56
sciqlop,1000000,get_miss,1.59
sciqlop,1000000,get_miss,1.52
sciqlop,1000000,get_miss,1.51
sciqlop,1000000,get_miss,1.52
sciqlop,1000000,get_miss,1.95
sciqlop,1000000,get_miss,1.51
sciqlop,1000000,get_miss,1.54
sciqlop,1000000,get_miss,1.51
sciqlop,1000000,get_miss,1.54
sciqlop,1000000,get_miss,1.51
sciqlop,1000000,get_miss,1.84
sciqlop,1000000,get_miss,1.51
sciqlop,1000000,get_miss,1.54
sciqlop,1000000,get_miss,1.58
sciqlop,1000000,get_miss,1.62
sciqlop,1000000,get_miss,1.60
sciqlop,1000000,get_miss,1.54
sciqlop,1000000,get_miss,1.53
sciqlop,1000000,get_miss,1.54
sciqlop,1000000,get_miss,1.54
sciqlop,1000000,get_miss,1.54
sciqlop,1000000,get_miss,1.53
sciqlop,1000000,get_miss,1.54
sciqlop,1000000,get_miss,1.53
sciqlop,1000000,get_miss,1.52
sciqlop,1000000,get_miss,1.51
sciqlop,1000000,get_miss,1.54
sciqlop,1000000,get_miss,1.56
sciqlop,1000000,get_miss,1.54
sciqlop,1000000,get_miss,1.53
sciqlop,1000000,get_miss,1.57
sciqlop,1000000,get_miss,1.53
sciqlop,1000000,get_miss,1.60
sciqlop,1000000,get_miss,1.93
sciqlop,1000000,get_miss,1.54
sciqlop,1000000,get_miss,1.52
sciqlop,1000000,get_miss,1.53
sciqlop,1000000,get_miss,1.54
sciqlop,1000000,get_miss,1.54
sciqlop,1000000,get_miss,1.54
sciqlop,1000000,get_miss,1.51
sciqlop,1000000,get_miss,1.54
sciqlop,1000000,get_miss,1.54
sciqlop,1000000,get_miss,1.53
sciqlop,1000000,get_miss,1.55
sciqlop,1000000,get_miss,1.53
sciqlop,1000000,get_miss,1.52
sciqlop,1000000,get_miss,1.52
sciqlop,1000000,get_miss,1.54
sciqlop,1000000,get_miss,1.55
diskcache,100,set,46.32
diskcache,100,set,47.47
diskcache,100,set,46.41
diskcache,100,set,46.03
diskcache,100,set,64.50
diskcache,100,set,35.29
diskcache,100,set,35.58
diskcache,100,set,36.80
diskcache,100,set,36.89
diskcache,100,set,37.65
diskcache,100,set,35.80
diskcache,100,set,36.60
diskcache,100,set,35.80
diskcache,100,set,36.77
diskcache,100,set,56.89
diskcache,100,set,38.14
diskcache,100,set,37.21
diskcache,100,set,36.40
diskcache,100,set,36.88
diskcache,100,set,36.27
diskcache,100,set,37.99
diskcache,100,set,37.93
diskcache,100,set,37.84
diskcache,100,set,59.86
diskcache,100,set,36.68
diskcache,100,set,37.41
diskcache,100,set,36.08
diskcache,100,set,36.19
diskcache,100,set,37.29
diskcache,100,set,36.60
diskcache,100,set,37.33
diskcache,100,set,36.44
diskcache,100,set,57.59
diskcache,100,set,41.01
diskcache,100,set,36.23
diskcache,100,set,35.78
diskcache,100,set,36.15
diskcache,100,set,35.80
diskcache,100,set,36.91
diskcache,100,set,36.36
diskcache,100,set,37.50
diskcache,100,set,61.96
diskcache,100,set,38.50
diskcache,100,set,36.94
diskcache,100,set,38.66
diskcache,100,set,37.47
diskcache,100,set,38.69
diskcache,100,set,36.43
diskcache,100,set,38.18
diskcache,100,set,36.94
diskcache,100,get_hit,6.51
diskcache,100,get_hit,4.60
diskcache,100,get_hit,4.59
diskcache,100,get_hit,4.28
diskcache,100,get_hit,4.30
diskcache,100,get_hit,4.15
diskcache,100,get_hit,4.21
diskcache,100,get_hit,4.10
diskcache,100,get_hit,4.15
diskcache,100,get_hit,4.15
diskcache,100,get_hit,4.13
diskcache,100,get_hit,4.17
diskcache,100,get_hit,4.20
diskcache,100,get_hit,4.13
diskcache,100,get_hit,4.12
diskcache,100,get_hit,4.21
diskcache,100,get_hit,4.22
diskcache,100,get_hit,4.10
diskcache,100,get_hit,4.12
diskcache,100,get_hit,4.10
diskcache,100,get_hit,5.01
diskcache,100,get_hit,4.19
diskcache,100,get_hit,4.15
diskcache,100,get_hit,4.36
diskcache,100,get_hit,4.09
diskcache,100,get_hit,4.13
diskcache,100,get_hit,4.19
diskcache,100,get_hit,4.51
diskcache,100,get_hit,4.46
diskcache,100,get_hit,4.12
diskcache,100,get_hit,4.09
diskcache,100,get_hit,4.11
diskcache,100,get_hit,4.13
diskcache,100,get_hit,4.13
diskcache,100,get_hit,4.06
diskcache,100,get_hit,4.31
diskcache,100,get_hit,4.33
diskcache,100,get_hit,4.22
diskcache,100,get_hit,4.07
diskcache,100,get_hit,4.12
diskcache,100,get_hit,4.09
diskcache,100,get_hit,4.50
diskcache,100,get_hit,4.65
diskcache,100,get_hit,4.14
diskcache,100,get_hit,4.14
diskcache,100,get_hit,4.14
diskcache,100,get_hit,4.18
diskcache,100,get_hit,4.50
diskcache,100,get_hit,4.36
diskcache,100,get_hit,4.47
diskcache,100,get_miss,3.13
diskcache,100,get_miss,3.04
diskcache,100,get_miss,3.04
diskcache,100,get_miss,3.01
diskcache,100,get_miss,3.05
diskcache,100,get_miss,3.05
diskcache,100,get_miss,3.20
diskcache,100,get_miss,3.11
diskcache,100,get_miss,3.06
diskcache,100,get_miss,3.06
diskcache,100,get_miss,3.48
diskcache,100,get_miss,3.07
diskcache,100,get_miss,3.55
diskcache,100,get_miss,3.07
diskcache,100,get_miss,3.45
diskcache,100,get_miss,3.49
diskcache,100,get_miss,3.20
diskcache,100,get_miss,3.02
diskcache,100,get_miss,3.05
diskcache,100,get_miss,3.05
diskcache,100,get_miss,3.10
diskcache,100,get_miss,4.35
diskcache,100,get_miss,3.86
diskcache,100,get_miss,3.07
diskcache,100,get_miss,3.06
diskcache,100,get_miss,3.04
diskcache,100,get_miss,3.11
diskcache,100,get_miss,3.06
diskcache,100,get_miss,3.05
diskcache,100,get_miss,3.42
diskcache,100,get_miss,3.48
diskcache,100,get_miss,3.51
diskcache,100,get_miss,3.06
diskcache,100,get_miss,3.44
diskcache,100,get_miss,3.16
diskcache,100,get_miss,3.02
diskcache,100,get_miss,3.64
diskcache,100,get_miss,3.45
diskcache,100,get_miss,3.94
diskcache,100,get_miss,3.01
diskcache,100,get_miss,3.93
diskcache,100,get_miss,3.08
diskcache,100,get_miss,3.02
diskcache,100,get_miss,3.00
diskcache,100,get_miss,3.43
diskcache,100,get_miss,3.03
diskcache,100,get_miss,3.11
diskcache,100,get_miss,3.00
diskcache,100,get_miss,3.02
diskcache,100,get_miss,3.01
diskcache,150,set,36.45
diskcache,150,set,36.01
diskcache,150,set,36.35
diskcache,150,set,53.75
diskcache,150,set,37.42
diskcache,150,set,38.72
diskcache,150,set,36.40
diskcache,150,set,36.40
diskcache,150,set,36.34
diskcache,150,set,36.00
diskcache,150,set,37.02
diskcache,150,set,36.26
diskcache,150,set,38.55
diskcache,150,set,57.41
diskcache,150,set,38.12
diskcache,150,set,36.63
diskcache,150,set,36.17
diskcache,150,set,37.58
diskcache,150,set,39.17
diskcache,150,set,36.82
diskcache,150,set,36.75
diskcache,150,set,37.78
diskcache,150,set,57.02
diskcache,150,set,37.31
diskcache,150,set,38.00
diskcache,150,set,36.22
diskcache,150,set,38.41
diskcache,150,set,36.85
diskcache,150,set,37.36
diskcache,150,set,37.55
diskcache,150,set,37.89
diskcache,150,set,60.07
diskcache,150,set,39.75
diskcache,150,set,35.89
diskcache,150,set,37.08
diskcache,150,set,36.17
diskcache,150,set,36.21
diskcache,150,set,37.45
diskcache,150,set,36.82
diskcache,150,set,37.19
diskcache,150,set,57.95
diskcache,150,set,38.23
diskcache,150,set,38.25
diskcache,150,set,36.38
diskcache,150,set,37.95
diskcache,150,set,36.04
diskcache,150,set,35.69
diskcache,150,set,38.09
diskcache,150,set,39.82
diskcache,150,set,57.60
diskcache,150,get_hit,5.03
diskcache,150,get_hit,4.20
diskcache,150,get_hit,4.43
diskcache,150,get_hit,4.12
diskcache,150,get_hit,4.11
diskcache,150,get_hit,4.66
diskcache,150,get_hit,4.36
diskcache,150,get_hit,4.28
diskcache,150,get_hit,3.97
diskcache,150,get_hit,3.94
diskcache,150,get_hit,3.97
diskcache,150,get_hit,3.90
diskcache,150,get_hit,4.08
diskcache,150,get_hit,3.97
diskcache,150,get_hit,4.00
diskcache,150,get_hit,3.94
diskcache,150,get_hit,3.98
diskcache,150,get_hit,3.95
diskcache,150,get_hit,3.95
diskcache,150,get_hit,5.31
diskcache,150,get_hit,4.22
diskcache,150,get_hit,4.23
diskcache,150,get_hit,4.12
diskcache,150,get_hit,3.94
diskcache,150,get_hit,3.90
diskcache,150,get_hit,3.92
diskcache,150,get_hit,4.37
diskcache,150,get_hit,4.00
diskcache,150,get_hit,3.96
diskcache,150,get_hit,4.35
diskcache,150,get_hit,3.95
diskcache,150,get_hit,3.95
diskcache,150,get_hit,4.03
diskcache,150,get_hit,3.91
diskcache,150,get_hit,3.92
diskcache,150,get_hit,3.94
diskcache,150,get_hit,3.92
diskcache,150,get_hit,3.94
diskcache,150,get_hit,3.95
diskcache,150,get_hit,3.92
diskcache,150,get_hit,3.95
diskcache,150,get_hit,3.94
diskcache,150,get_hit,4.04
diskcache,150,get_hit,3.95
diskcache,150,get_hit,3.92
diskcache,150,get_hit,3.94
diskcache,150,get_hit,3.91
diskcache,150,get_hit,3.93
diskcache,150,get_hit,3.92
diskcache,150,get_hit,4.17
diskcache,150,get_miss,3.31
diskcache,150,get_miss,2.89
diskcache,150,get_miss,2.95
diskcache,150,get_miss,2.87
diskcache,150,get_miss,2.87
diskcache,150,get_miss,2.98
diskcache,150,get_miss,2.86
diskcache,150,get_miss,2.86
diskcache,150,get_miss,2.85
diskcache,150,get_miss,2.85
diskcache,150,get_miss,2.85
diskcache,150,get_miss,2.88
diskcache,150,get_miss,3.00
diskcache,150,get_miss,2.87
diskcache,150,get_miss,2.87
diskcache,150,get_miss,2.87
diskcache,150,get_miss,2.89
diskcache,150,get_miss,2.91
diskcache,150,get_miss,2.88
diskcache,150,get_miss,2.86
diskcache,150,get_miss,2.90
diskcache,150,get_miss,2.89
diskcache,150,get_miss,3.41
diskcache,150,get_miss,2.87
diskcache,150,get_miss,2.87
diskcache,150,get_miss,2.86
diskcache,150,get_miss,2.91
diskcache,150,get_miss,2.88
diskcache,150,get_miss,2.88
diskcache,150,get_miss,2.89
diskcache,150,get_miss,2.87
diskcache,150,get_miss,3.30
diskcache,150,get_miss,2.98
diskcache,150,get_miss,2.85
diskcache,150,get_miss,2.86
diskcache,150,get_miss,2.88
diskcache,150,get_miss,2.88
diskcache,150,get_miss,2.87
diskcache,150,get_miss,2.86
diskcache,150,get_miss,2.86
diskcache,150,get_miss,2.89
diskcache,150,get_miss,2.88
diskcache,150,get_miss,2.98
diskcache,150,get_miss,2.89
diskcache,150,get_miss,2.88
diskcache,150,get_miss,2.85
diskcache,150,get_miss,2.88
diskcache,150,get_miss,2.88
diskcache,150,get_miss,2.86
diskcache,150,get_miss,2.91
diskcache,225,set,35.71
diskcache,225,set,53.06
diskcache,225,set,35.63
diskcache,225,set,37.60
diskcache,225,set,35.88
diskcache,225,set,37.55
diskcache,225,set,37.63
diskcache,225,set,35.66
diskcache,225,set,37.37
diskcache,225,set,35.97
diskcache,225,set,36.76
diskcache,225,set,52.74
diskcache,225,set,41.35
diskcache,225,set,36.32
diskcache,225,set,38.13
diskcache,225,set,38.74
diskcache,225,set,38.92
diskcache,225,set,37.10
diskcache,225,set,36.94
diskcache,225,set,37.48
diskcache,225,set,79.90
diskcache,225,set,39.59
diskcache,225,set,36.76
diskcache,225,set,36.11
diskcache,225,set,37.29
diskcache,225,set,37.15
diskcache,225,set,36.79
diskcache,225,set,41.26
diskcache,225,set,39.03
diskcache,225,set,60.43
diskcache,225,set,37.80
diskcache,225,set,38.43
diskcache,225,set,38.52
diskcache,225,set,37.66
diskcache,225,set,39.50
diskcache,225,set,38.22
diskcache,225,set,37.60
diskcache,225,set,37.94
diskcache,225,set,69.80
diskcache,225,set,37.86
diskcache,225,set,39.21
diskcache,225,set,36.67
diskcache,225,set,36.63
diskcache,225,set,36.41
diskcache,225,set,36.97
diskcache,225,set,37.71
diskcache,225,set,38.33
diskcache,225,set,59.62
diskcache,225,set,37.05
diskcache,225,set,37.78
diskcache,225,get_hit,4.53
diskcache,225,get_hit,4.22
diskcache,225,get_hit,4.17
diskcache,225,get_hit,4.21
diskcache,225,get_hit,4.16
diskcache,225,get_hit,4.39
diskcache,225,get_hit,4.16
diskcache,225,get_hit,4.52
diskcache,225,get_hit,4.23
diskcache,225,get_hit,4.31
diskcache,225,get_hit,4.25
diskcache,225,get_hit,4.09
diskcache,225,get_hit,4.02
diskcache,225,get_hit,4.01
diskcache,225,get_hit,4.01
diskcache,225,get_hit,4.03
diskcache,225,get_hit,4.09
diskcache,225,get_hit,3.97
diskcache,225,get_hit,3.97
diskcache,225,get_hit,4.11
diskcache,225,get_hit,4.38
diskcache,225,get_hit,4.00
diskcache,225,get_hit,4.04
diskcache,225,get_hit,4.05
diskcache,225,get_hit,4.51
diskcache,225,get_hit,4.96
diskcache,225,get_hit,4.03
diskcache,225,get_hit,3.98
diskcache,225,get_hit,4.01
diskcache,225,get_hit,4.10
diskcache,225,get_hit,3.94
diskcache,225,get_hit,4.38
diskcache,225,get_hit,3.99
diskcache,225,get_hit,4.28
diskcache,225,get_hit,4.51
diskcache,225,get_hit,4.29
diskcache,225,get_hit,4.66
diskcache,225,get_hit,4.26
diskcache,225,get_hit,4.05
diskcache,225,get_hit,4.06
diskcache,225,get_hit,3.99
diskcache,225,get_hit,4.59
diskcache,225,get_hit,4.10
diskcache,225,get_hit,4.04
diskcache,225,get_hit,4.00
diskcache,225,get_hit,4.02
diskcache,225,get_hit,3.97
diskcache,225,get_hit,3.98
diskcache,225,get_hit,4.01
diskcache,225,get_hit,4.09
diskcache,225,get_miss,2.95
diskcache,225,get_miss,2.91
diskcache,225,get_miss,2.90
diskcache,225,get_miss,2.90
diskcache,225,get_miss,2.92
diskcache,225,get_miss,3.27
diskcache,225,get_miss,2.87
diskcache,225,get_miss,2.87
diskcache,225,get_miss,2.94
diskcache,225,get_miss,3.12
diskcache,225,get_miss,2.96
diskcache,225,get_miss,3.37
diskcache,225,get_miss,3.35
diskcache,225,get_miss,2.93
diskcache,225,get_miss,3.34
diskcache,225,get_miss,3.03
diskcache,225,get_miss,2.98
diskcache,225,get_miss,3.75
diskcache,225,get_miss,3.40
diskcache,225,get_miss,3.04
diskcache,225,get_miss,2.98
diskcache,225,get_miss,3.34
diskcache,225,get_miss,2.94
diskcache,225,get_miss,2.91
diskcache,225,get_miss,2.91
diskcache,225,get_miss,2.92
diskcache,225,get_miss,3.24
diskcache,225,get_miss,2.95
diskcache,225,get_miss,3.02
diskcache,225,get_miss,3.03
diskcache,225,get_miss,3.28
diskcache,225,get_miss,3.19
diskcache,225,get_miss,2.98
diskcache,225,get_miss,2.91
diskcache,225,get_miss,2.92
diskcache,225,get_miss,2.95
diskcache,225,get_miss,3.14
diskcache,225,get_miss,2.92
diskcache,225,get_miss,3.06
diskcache,225,get_miss,3.25
diskcache,225,get_miss,3.13
diskcache,225,get_miss,3.00
diskcache,225,get_miss,2.89
diskcache,225,get_miss,2.90
diskcache,225,get_miss,3.33
diskcache,225,get_miss,2.91
diskcache,225,get_miss,2.89
diskcache,225,get_miss,3.06
diskcache,225,get_miss,2.89
diskcache,225,get_miss,3.00
diskcache,337,set,36.47
diskcache,337,set,36.02
diskcache,337,set,37.12
diskcache,337,set,36.68
diskcache,337,set,36.52
diskcache,337,set,36.78
diskcache,337,set,53.56
diskcache,337,set,39.75
diskcache,337,set,38.89
diskcache,337,set,40.58
diskcache,337,set,36.81
diskcache,337,set,38.76
diskcache,337,set,37.01
diskcache,337,set,36.95
diskcache,337,set,37.15
diskcache,337,set,63.11
diskcache,337,set,40.45
diskcache,337,set,36.97
diskcache,337,set,40.28
diskcache,337,set,38.73
diskcache,337,set,40.31
diskcache,337,set,39.18
diskcache,337,set,37.41
diskcache,337,set,36.82
diskcache,337,set,63.10
diskcache,337,set,36.38
diskcache,337,set,39.76
diskcache,337,set,40.66
diskcache,337,set,36.98
diskcache,337,set,36.27
diskcache,337,set,37.11
diskcache,337,set,36.79
diskcache,337,set,38.26
diskcache,337,set,63.47
diskcache,337,set,38.24
diskcache,337,set,42.84
diskcache,337,set,35.57
diskcache,337,set,36.05
diskcache,337,set,36.31
diskcache,337,set,37.30
diskcache,337,set,39.46
diskcache,337,set,38.47
diskcache,337,set,38.06
diskcache,337,set,68.63
diskcache,337,set,39.29
diskcache,337,set,35.53
diskcache,337,set,39.25
diskcache,337,set,39.91
diskcache,337,set,37.89
diskcache,337,set,36.96
diskcache,337,get_hit,4.60
diskcache,337,get_hit,4.18
diskcache,337,get_hit,4.22
diskcache,337,get_hit,4.28
diskcache,337,get_hit,4.21
diskcache,337,get_hit,4.26
diskcache,337,get_hit,4.24
diskcache,337,get_hit,4.15
diskcache,337,get_hit,4.13
diskcache,337,get_hit,4.63
diskcache,337,get_hit,4.51
diskcache,337,get_hit,4.29
diskcache,337,get_hit,4.66
diskcache,337,get_hit,4.31
diskcache,337,get_hit,4.41
diskcache,337,get_hit,4.15
diskcache,337,get_hit,4.14
diskcache,337,get_hit,4.03
diskcache,337,get_hit,4.00
diskcache,337,get_hit,4.03
diskcache,337,get_hit,3.99
diskcache,337,get_hit,4.43
diskcache,337,get_hit,4.11
diskcache,337,get_hit,4.15
diskcache,337,get_hit,4.66
diskcache,337,get_hit,4.25
diskcache,337,get_hit,4.19
diskcache,337,get_hit,4.00
diskcache,337,get_hit,4.00
diskcache,337,get_hit,4.02
diskcache,337,get_hit,4.09
diskcache,337,get_hit,4.06
diskcache,337,get_hit,4.05
diskcache,337,get_hit,4.12
diskcache,337,get_hit,4.06
diskcache,337,get_hit,4.47
diskcache,337,get_hit,3.97
diskcache,337,get_hit,4.36
diskcache,337,get_hit,4.60
diskcache,337,get_hit,4.31
diskcache,337,get_hit,4.17
diskcache,337,get_hit,4.38
diskcache,337,get_hit,4.25
diskcache,337,get_hit,4.19
diskcache,337,get_hit,4.02
diskcache,337,get_hit,3.99
diskcache,337,get_hit,3.98
diskcache,337,get_hit,4.04
diskcache,337,get_hit,3.98
diskcache,337,get_hit,3.98
diskcache,337,get_miss,2.97
diskcache,337,get_miss,2.89
diskcache,337,get_miss,2.90
diskcache,337,get_miss,2.98
diskcache,337,get_miss,3.36
diskcache,337,get_miss,2.91
diskcache,337,get_miss,2.98
diskcache,337,get_miss,2.90
diskcache,337,get_miss,2.89
diskcache,337,get_miss,2.95
diskcache,337,get_miss,2.94
diskcache,337,get_miss,2.90
diskcache,337,get_miss,3.37
diskcache,337,get_miss,3.06
diskcache,337,get_miss,3.39
diskcache,337,get_miss,2.97
diskcache,337,get_miss,2.99
diskcache,337,get_miss,2.98
diskcache,337,get_miss,3.00
diskcache,337,get_miss,3.38
diskcache,337,get_miss,3.79
diskcache,337,get_miss,3.34
diskcache,337,get_miss,2.93
diskcache,337,get_miss,3.08
diskcache,337,get_miss,3.33
diskcache,337,get_miss,2.95
diskcache,337,get_miss,2.92
diskcache,337,get_miss,2.94
diskcache,337,get_miss,2.95
diskcache,337,get_miss,3.36
diskcache,337,get_miss,2.95
diskcache,337,get_miss,3.00
diskcache,337,get_miss,3.34
diskcache,337,get_miss,3.36
diskcache,337,get_miss,3.14
diskcache,337,get_miss,2.92
diskcache,337,get_miss,2.93
diskcache,337,get_miss,2.94
diskcache,337,get_miss,2.99
diskcache,337,get_miss,3.03
diskcache,337,get_miss,3.11
diskcache,337,get_miss,2.92
diskcache,337,get_miss,2.88
diskcache,337,get_miss,2.88
diskcache,337,get_miss,3.00
diskcache,337,get_miss,2.89
diskcache,337,get_miss,3.01
diskcache,337,get_miss,2.91
diskcache,337,get_miss,2.91
diskcache,337,get_miss,2.92
diskcache,505,set,38.34
diskcache,505,set,36.81
diskcache,505,set,36.79
diskcache,505,set,36.51
diskcache,505,set,37.97
diskcache,505,set,36.42
diskcache,505,set,54.98
diskcache,505,set,36.46
diskcache,505,set,36.28
diskcache,505,set,36.90
diskcache,505,set,37.02
diskcache,505,set,36.93
diskcache,505,set,39.62
diskcache,505,set,42.96
diskcache,505,set,37.33
diskcache,505,set,54.67
diskcache,505,set,37.93
diskcache,505,set,36.84
diskcache,505,set,39.11
diskcache,505,set,36.71
diskcache,505,set,37.25
diskcache,505,set,35.59
diskcache,505,set,39.91
diskcache,505,set,40.27
diskcache,505,set,56.51
diskcache,505,set,39.17
diskcache,505,set,39.71
diskcache,505,set,37.87
diskcache,505,set,36.70
diskcache,505,set,37.11
diskcache,505,set,36.95
diskcache,505,set,38.64
diskcache,505,set,37.83
diskcache,505,set,59.02
diskcache,505,set,38.76
diskcache,505,set,40.21
diskcache,505,set,36.34
diskcache,505,set,35.69
diskcache,505,set,36.05
diskcache,505,set,37.27
diskcache,505,set,36.34
diskcache,505,set,36.78
diskcache,505,set,57.05
diskcache,505,set,38.92
diskcache,505,set,36.28
diskcache,505,set,36.24
diskcache,505,set,38.32
diskcache,505,set,38.34
diskcache,505,set,36.58
diskcache,505,set,36.97
diskcache,505,get_hit,4.55
diskcache,505,get_hit,4.20
diskcache,505,get_hit,4.10
diskcache,505,get_hit,4.10
diskcache,505,get_hit,4.09
diskcache,505,get_hit,4.24
diskcache,505,get_hit,4.35
diskcache,505,get_hit,4.24
diskcache,505,get_hit,4.35
diskcache,505,get_hit,4.06
diskcache,505,get_hit,4.07
diskcache,505,get_hit,4.05
diskcache,505,get_hit,4.31
diskcache,505,get_hit,4.23
diskcache,505,get_hit,4.34
diskcache,505,get_hit,4.01
diskcache,505,get_hit,4.08
diskcache,505,get_hit,4.00
diskcache,505,get_hit,4.25
diskcache,505,get_hit,4.44
diskcache,505,get_hit,4.55
diskcache,505,get_hit,4.45
diskcache,505,get_hit,4.35
diskcache,505,get_hit,4.22
diskcache,505,get_hit,4.14
diskcache,505,get_hit,4.08
diskcache,505,get_hit,4.00
diskcache,505,get_hit,3.99
diskcache,505,get_hit,4.06
diskcache,505,get_hit,3.93
diskcache,505,get_hit,4.02
diskcache,505,get_hit,4.09
diskcache,505,get_hit,4.05
diskcache,505,get_hit,3.99
diskcache,505,get_hit,3.93
diskcache,505,get_hit,4.34
diskcache,505,get_hit,3.96
diskcache,505,get_hit,3.96
diskcache,505,get_hit,4.57
diskcache,505,get_hit,4.20
diskcache,505,get_hit,4.25
diskcache,505,get_hit,3.99
diskcache,505,get_hit,3.94
diskcache,505,get_hit,3.98
diskcache,505,get_hit,3.98
diskcache,505,get_hit,3.95
diskcache,505,get_hit,3.99
diskcache,505,get_hit,3.99
diskcache,505,get_hit,4.08
diskcache,505,get_hit,3.95
diskcache,505,get_miss,2.93
diskcache,505,get_miss,2.88
diskcache,505,get_miss,2.87
diskcache,505,get_miss,2.88
diskcache,505,get_miss,2.86
diskcache,505,get_miss,2.93
diskcache,505,get_miss,2.88
diskcache,505,get_miss,2.86
diskcache,505,get_miss,2.98
diskcache,505,get_miss,2.89
diskcache,505,get_miss,2.89
diskcache,505,get_miss,2.92
diskcache,505,get_miss,2.91
diskcache,505,get_miss,2.87
diskcache,505,get_miss,2.90
diskcache,505,get_miss,2.89
diskcache,505,get_miss,2.89
diskcache,505,get_miss,2.88
diskcache,505,get_miss,2.97
diskcache,505,get_miss,2.89
diskcache,505,get_miss,2.88
diskcache,505,get_miss,2.86
diskcache,505,get_miss,2.88
diskcache,505,get_miss,2.91
diskcache,505,get_miss,2.87
diskcache,505,get_miss,2.89
diskcache,505,get_miss,2.88
diskcache,505,get_miss,2.89
diskcache,505,get_miss,3.00
diskcache,505,get_miss,2.88
diskcache,505,get_miss,2.89
diskcache,505,get_miss,2.86
diskcache,505,get_miss,2.87
diskcache,505,get_miss,2.88
diskcache,505,get_miss,2.89
diskcache,505,get_miss,2.89
diskcache,505,get_miss,2.88
diskcache,505,get_miss,2.87
diskcache,505,get_miss,2.98
diskcache,505,get_miss,2.87
diskcache,505,get_miss,2.88
diskcache,505,get_miss,2.88
diskcache,505,get_miss,2.90
diskcache,505,get_miss,2.88
diskcache,505,get_miss,2.89
diskcache,505,get_miss,2.89
diskcache,505,get_miss,2.91
diskcache,505,get_miss,2.89
diskcache,505,get_miss,2.99
diskcache,505,get_miss,2.87
diskcache,757,set,57.89
diskcache,757,set,37.51
diskcache,757,set,36.19
diskcache,757,set,36.74
diskcache,757,set,37.65
diskcache,757,set,40.13
diskcache,757,set,39.31
diskcache,757,set,37.39
diskcache,757,set,38.54
diskcache,757,set,57.98
diskcache,757,set,41.05
diskcache,757,set,38.68
diskcache,757,set,40.04
diskcache,757,set,39.93
diskcache,757,set,40.06
diskcache,757,set,42.86
diskcache,757,set,38.35
diskcache,757,set,36.71
diskcache,757,set,64.18
diskcache,757,set,37.69
diskcache,757,set,38.07
diskcache,757,set,36.41
diskcache,757,set,38.03
diskcache,757,set,39.87
diskcache,757,set,38.00
diskcache,757,set,36.90
diskcache,757,set,38.12
diskcache,757,set,63.37
diskcache,757,set,38.52
diskcache,757,set,36.22
diskcache,757,set,36.21
diskcache,757,set,36.24
diskcache,757,set,37.06
diskcache,757,set,39.35
diskcache,757,set,40.52
diskcache,757,set,39.15
diskcache,757,set,69.86
diskcache,757,set,38.82
diskcache,757,set,38.71
diskcache,757,set,40.55
diskcache,757,set,39.56
diskcache,757,set,40.03
diskcache,757,set,38.24
diskcache,757,set,37.61
diskcache,757,set,39.75
diskcache,757,set,61.16
diskcache,757,set,36.93
diskcache,757,set,38.02
diskcache,757,set,37.44
diskcache,757,set,38.48
diskcache,757,get_hit,4.95
diskcache,757,get_hit,4.21
diskcache,757,get_hit,4.24
diskcache,757,get_hit,4.47
diskcache,757,get_hit,4.31
diskcache,757,get_hit,4.32
diskcache,757,get_hit,4.27
diskcache,757,get_hit,4.18
diskcache,757,get_hit,4.17
diskcache,757,get_hit,4.16
diskcache,757,get_hit,4.09
diskcache,757,get_hit,4.04
diskcache,757,get_hit,4.48
diskcache,757,get_hit,4.21
diskcache,757,get_hit,4.31
diskcache,757,get_hit,5.10
diskcache,757,get_hit,4.43
diskcache,757,get_hit,4.22
diskcache,757,get_hit,4.24
diskcache,757,get_hit,5.09
diskcache,757,get_hit,4.15
diskcache,757,get_hit,4.14
diskcache,757,get_hit,4.12
diskcache,757,get_hit,4.17
diskcache,757,get_hit,4.26
diskcache,757,get_hit,4.11
diskcache,757,get_hit,4.23
diskcache,757,get_hit,4.23
diskcache,757,get_hit,4.24
diskcache,757,get_hit,4.94
diskcache,757,get_hit,4.19
diskcache,757,get_hit,4.31
diskcache,757,get_hit,4.06
diskcache,757,get_hit,5.26
diskcache,757,get_hit,4.19
diskcache,757,get_hit,4.25
diskcache,757,get_hit,4.66
diskcache,757,get_hit,4.23
diskcache,757,get_hit,4.04
diskcache,757,get_hit,4.03
diskcache,757,get_hit,4.02
diskcache,757,get_hit,4.48
diskcache,757,get_hit,4.04
diskcache,757,get_hit,4.07
diskcache,757,get_hit,4.67
diskcache,757,get_hit,4.04
diskcache,757,get_hit,4.46
diskcache,757,get_hit,4.05
diskcache,757,get_hit,4.01
diskcache,757,get_hit,3.96
diskcache,757,get_miss,2.94
diskcache,757,get_miss,2.87
diskcache,757,get_miss,2.87
diskcache,757,get_miss,2.90
diskcache,757,get_miss,3.54
diskcache,757,get_miss,3.62
diskcache,757,get_miss,2.88
diskcache,757,get_miss,2.89
diskcache,757,get_miss,2.91
diskcache,757,get_miss,3.33
diskcache,757,get_miss,2.91
diskcache,757,get_miss,3.02
diskcache,757,get_miss,3.14
diskcache,757,get_miss,3.01
diskcache,757,get_miss,3.13
diskcache,757,get_miss,2.95
diskcache,757,get_miss,2.90
diskcache,757,get_miss,3.13
diskcache,757,get_miss,2.93
diskcache,757,get_miss,2.90
diskcache,757,get_miss,2.90
diskcache,757,get_miss,3.30
diskcache,757,get_miss,3.33
diskcache,757,get_miss,2.89
diskcache,757,get_miss,3.04
diskcache,757,get_miss,2.95
diskcache,757,get_miss,2.88
diskcache,757,get_miss,3.77
diskcache,757,get_miss,2.93
diskcache,757,get_miss,2.90
diskcache,757,get_miss,2.93
diskcache,757,get_miss,3.59
diskcache,757,get_miss,2.89
diskcache,757,get_miss,2.93
diskcache,757,get_miss,3.55
diskcache,757,get_miss,3.35
diskcache,757,get_miss,2.96
diskcache,757,get_miss,2.91
diskcache,757,get_miss,3.23
diskcache,757,get_miss,2.98
diskcache,757,get_miss,2.93
diskcache,757,get_miss,2.94
diskcache,757,get_miss,2.90
diskcache,757,get_miss,2.89
diskcache,757,get_miss,3.13
diskcache,757,get_miss,2.90
diskcache,757,get_miss,2.89
diskcache,757,get_miss,3.31
diskcache,757,get_miss,3.26
diskcache,757,get_miss,2.92
diskcache,1135,set,36.84
diskcache,1135,set,37.03
diskcache,1135,set,38.17
diskcache,1135,set,43.37
diskcache,1135,set,41.03
diskcache,1135,set,37.03
diskcache,1135,set,37.86
diskcache,1135,set,39.29
diskcache,1135,set,66.25
diskcache,1135,set,36.62
diskcache,1135,set,39.17
diskcache,1135,set,37.99
diskcache,1135,set,41.76
diskcache,1135,set,38.28
diskcache,1135,set,38.42
diskcache,1135,set,40.98
diskcache,1135,set,37.64
diskcache,1135,set,65.05
diskcache,1135,set,36.80
diskcache,1135,set,38.23
diskcache,1135,set,39.68
diskcache,1135,set,38.19
diskcache,1135,set,36.32
diskcache,1135,set,36.66
diskcache,1135,set,37.83
diskcache,1135,set,37.72
diskcache,1135,set,59.67
diskcache,1135,set,38.19
diskcache,1135,set,36.93
diskcache,1135,set,35.80
diskcache,1135,set,38.15
diskcache,1135,set,36.25
diskcache,1135,set,36.86
diskcache,1135,set,37.88
diskcache,1135,set,38.21
diskcache,1135,set,63.92
diskcache,1135,set,36.81
diskcache,1135,set,36.65
diskcache,1135,set,40.49
diskcache,1135,set,37.48
diskcache,1135,set,37.18
diskcache,1135,set,37.81
diskcache,1135,set,38.49
diskcache,1135,set,64.49
diskcache,1135,set,37.29
diskcache,1135,set,36.47
diskcache,1135,set,36.36
diskcache,1135,set,37.64
diskcache,1135,set,37.81
diskcache,1135,set,40.12
diskcache,1135,get_hit,5.44
diskcache,1135,get_hit,4.47
diskcache,1135,get_hit,4.19
diskcache,1135,get_hit,4.30
diskcache,1135,get_hit,4.64
diskcache,1135,get_hit,4.40
diskcache,1135,get_hit,4.20
diskcache,1135,get_hit,4.14
diskcache,1135,get_hit,4.16
diskcache,1135,get_hit,4.54
diskcache,1135,get_hit,4.44
diskcache,1135,get_hit,4.09
diskcache,1135,get_hit,4.31
diskcache,1135,get_hit,4.20
diskcache,1135,get_hit,4.16
diskcache,1135,get_hit,4.16
diskcache,1135,get_hit,4.08
diskcache,1135,get_hit,4.02
diskcache,1135,get_hit,4.12
diskcache,1135,get_hit,4.20
diskcache,1135,get_hit,4.19
diskcache,1135,get_hit,4.22
diskcache,1135,get_hit,4.49
diskcache,1135,get_hit,4.19
diskcache,1135,get_hit,4.67
diskcache,1135,get_hit,4.24
diskcache,1135,get_hit,4.92
diskcache,1135,get_hit,4.10
diskcache,1135,get_hit,4.49
diskcache,1135,get_hit,4.34
diskcache,1135,get_hit,4.22
diskcache,1135,get_hit,4.17
diskcache,1135,get_hit,4.16
diskcache,1135,get_hit,4.44
diskcache,1135,get_hit,4.24
diskcache,1135,get_hit,4.29
diskcache,1135,get_hit,4.24
diskcache,1135,get_hit,4.09
diskcache,1135,get_hit,4.38
diskcache,1135,get_hit,4.09
diskcache,1135,get_hit,4.84
diskcache,1135,get_hit,4.48
diskcache,1135,get_hit,5.15
diskcache,1135,get_hit,5.24
diskcache,1135,get_hit,4.77
diskcache,1135,get_hit,4.52
diskcache,1135,get_hit,4.24
diskcache,1135,get_hit,4.19
diskcache,1135,get_hit,4.21
diskcache,1135,get_hit,4.28
diskcache,1135,get_miss,2.94
diskcache,1135,get_miss,2.91
diskcache,1135,get_miss,2.90
diskcache,1135,get_miss,2.85
diskcache,1135,get_miss,2.89
diskcache,1135,get_miss,2.98
diskcache,1135,get_miss,2.89
diskcache,1135,get_miss,2.86
diskcache,1135,get_miss,2.86
diskcache,1135,get_miss,2.87
diskcache,1135,get_miss,2.86
diskcache,1135,get_miss,2.87
diskcache,1135,get_miss,3.20
diskcache,1135,get_miss,3.29
diskcache,1135,get_miss,2.92
diskcache,1135,get_miss,2.99
diskcache,1135,get_miss,2.90
diskcache,1135,get_miss,2.87
diskcache,1135,get_miss,2.90
diskcache,1135,get_miss,2.88
diskcache,1135,get_miss,2.90
diskcache,1135,get_miss,2.85
diskcache,1135,get_miss,2.87
diskcache,1135,get_miss,2.88
diskcache,1135,get_miss,2.89
diskcache,1135,get_miss,3.74
diskcache,1135,get_miss,3.00
diskcache,1135,get_miss,2.96
diskcache,1135,get_miss,2.92
diskcache,1135,get_miss,2.90
diskcache,1135,get_miss,2.90
diskcache,1135,get_miss,3.64
diskcache,1135,get_miss,3.18
diskcache,1135,get_miss,2.96
diskcache,1135,get_miss,2.91
diskcache,1135,get_miss,2.98
diskcache,1135,get_miss,2.89
diskcache,1135,get_miss,3.46
diskcache,1135,get_miss,3.07
diskcache,1135,get_miss,2.98
diskcache,1135,get_miss,3.44
diskcache,1135,get_miss,2.99
diskcache,1135,get_miss,3.08
diskcache,1135,get_miss,2.92
diskcache,1135,get_miss,2.89
diskcache,1135,get_miss,3.17
diskcache,1135,get_miss,2.93
diskcache,1135,get_miss,2.91
diskcache,1135,get_miss,2.85
diskcache,1135,get_miss,2.86
diskcache,1702,set,38.55
diskcache,1702,set,42.07
diskcache,1702,set,36.34
diskcache,1702,set,40.52
diskcache,1702,set,37.46
diskcache,1702,set,41.25
diskcache,1702,set,67.33
diskcache,1702,set,37.11
diskcache,1702,set,36.95
diskcache,1702,set,41.25
diskcache,1702,set,40.09
diskcache,1702,set,40.29
diskcache,1702,set,37.77
diskcache,1702,set,37.54
diskcache,1702,set,63.77
diskcache,1702,set,40.65
diskcache,1702,set,36.17
diskcache,1702,set,38.21
diskcache,1702,set,39.51
diskcache,1702,set,38.35
diskcache,1702,set,41.67
diskcache,1702,set,37.95
diskcache,1702,set,37.49
diskcache,1702,set,59.61
diskcache,1702,set,36.18
diskcache,1702,set,37.38
diskcache,1702,set,39.69
diskcache,1702,set,39.65
diskcache,1702,set,39.89
diskcache,1702,set,36.34
diskcache,1702,set,36.54
diskcache,1702,set,38.72
diskcache,1702,set,60.50
diskcache,1702,set,36.45
diskcache,1702,set,37.85
diskcache,1702,set,38.85
diskcache,1702,set,39.74
diskcache,1702,set,39.00
diskcache,1702,set,38.41
diskcache,1702,set,36.81
diskcache,1702,set,38.63
diskcache,1702,set,65.60
diskcache,1702,set,37.72
diskcache,1702,set,38.96
diskcache,1702,set,38.40
diskcache,1702,set,37.46
diskcache,1702,set,37.29
diskcache,1702,set,36.59
diskcache,1702,set,37.60
diskcache,1702,set,38.70
diskcache,1702,get_hit,5.35
diskcache,1702,get_hit,4.37
diskcache,1702,get_hit,4.35
diskcache,1702,get_hit,4.37
diskcache,1702,get_hit,4.70
diskcache,1702,get_hit,4.29
diskcache,1702,get_hit,4.25
diskcache,1702,get_hit,4.16
diskcache,1702,get_hit,4.11
diskcache,1702,get_hit,4.20
diskcache,1702,get_hit,4.09
diskcache,1702,get_hit,4.19
diskcache,1702,get_hit,4.34
diskcache,1702,get_hit,4.49
diskcache,1702,get_hit,4.30
diskcache,1702,get_hit,4.20
diskcache,1702,get_hit,4.16
diskcache,1702,get_hit,4.08
diskcache,1702,get_hit,4.26
diskcache,1702,get_hit,4.09
diskcache,1702,get_hit,4.20
diskcache,1702,get_hit,4.28
diskcache,1702,get_hit,4.13
diskcache,1702,get_hit,4.14
diskcache,1702,get_hit,4.10
diskcache,1702,get_hit,4.22
diskcache,1702,get_hit,4.22
diskcache,1702,get_hit,4.07
diskcache,1702,get_hit,4.13
diskcache,1702,get_hit,4.25
diskcache,1702,get_hit,4.20
diskcache,1702,get_hit,4.37
diskcache,1702,get_hit,4.16
diskcache,1702,get_hit,4.78
diskcache,1702,get_hit,4.45
diskcache,1702,get_hit,4.32
diskcache,1702,get_hit,4.13
diskcache,1702,get_hit,4.07
diskcache,1702,get_hit,4.17
diskcache,1702,get_hit,4.09
diskcache,1702,get_hit,4.13
diskcache,1702,get_hit,4.18
diskcache,1702,get_hit,4.13
diskcache,1702,get_hit,4.11
diskcache,1702,get_hit,4.06
diskcache,1702,get_hit,4.13
diskcache,1702,get_hit,4.16
diskcache,1702,get_hit,4.07
diskcache,1702,get_hit,4.18
diskcache,1702,get_hit,4.04
diskcache,1702,get_miss,2.92
diskcache,1702,get_miss,3.00
diskcache,1702,get_miss,2.89
diskcache,1702,get_miss,2.86
diskcache,1702,get_miss,2.89
diskcache,1702,get_miss,2.89
diskcache,1702,get_miss,2.90
diskcache,1702,get_miss,2.87
diskcache,1702,get_miss,2.90
diskcache,1702,get_miss,2.88
diskcache,1702,get_miss,2.89
diskcache,1702,get_miss,3.02
diskcache,1702,get_miss,2.93
diskcache,1702,get_miss,2.90
diskcache,1702,get_miss,2.91
diskcache,1702,get_miss,2.89
diskcache,1702,get_miss,2.90
diskcache,1702,get_miss,2.89
diskcache,1702,get_miss,2.91
diskcache,1702,get_miss,2.89
diskcache,1702,get_miss,2.90
diskcache,1702,get_miss,3.00
diskcache,1702,get_miss,2.88
diskcache,1702,get_miss,2.90
diskcache,1702,get_miss,2.90
diskcache,1702,get_miss,2.89
diskcache,1702,get_miss,2.88
diskcache,1702,get_miss,2.91
diskcache,1702,get_miss,2.90
diskcache,1702,get_miss,2.91
diskcache,1702,get_miss,2.89
diskcache,1702,get_miss,3.02
diskcache,1702,get_miss,2.89
diskcache,1702,get_miss,2.88
diskcache,1702,get_miss,2.90
diskcache,1702,get_miss,2.89
diskcache,1702,get_miss,2.91
diskcache,1702,get_miss,2.90
diskcache,1702,get_miss,2.91
diskcache,1702,get_miss,2.94
diskcache,1702,get_miss,3.06
diskcache,1702,get_miss,3.00
diskcache,1702,get_miss,2.88
diskcache,1702,get_miss,2.89
diskcache,1702,get_miss,2.91
diskcache,1702,get_miss,2.90
diskcache,1702,get_miss,2.91
diskcache,1702,get_miss,2.89
diskcache,1702,get_miss,2.91
diskcache,1702,get_miss,2.88
diskcache,2553,set,38.90
diskcache,2553,set,36.99
diskcache,2553,set,37.63
diskcache,2553,set,35.68
diskcache,2553,set,37.30
diskcache,2553,set,39.52
diskcache,2553,set,59.04
diskcache,2553,set,37.44
diskcache,2553,set,39.07
diskcache,2553,set,39.30
diskcache,2553,set,40.66
diskcache,2553,set,43.51
diskcache,2553,set,39.81
diskcache,2553,set,37.51
diskcache,2553,set,38.85
diskcache,2553,set,64.24
diskcache,2553,set,37.35
diskcache,2553,set,39.20
diskcache,2553,set,37.84
diskcache,2553,set,38.91
diskcache,2553,set,39.28
diskcache,2553,set,38.02
diskcache,2553,set,37.89
diskcache,2553,set,62.19
diskcache,2553,set,36.62
diskcache,2553,set,36.93
diskcache,2553,set,37.05
diskcache,2553,set,37.16
diskcache,2553,set,41.77
diskcache,2553,set,37.13
diskcache,2553,set,39.38
diskcache,2553,set,38.70
diskcache,2553,set,58.89
diskcache,2553,set,37.37
diskcache,2553,set,40.03
diskcache,2553,set,37.55
diskcache,2553,set,38.27
diskcache,2553,set,38.03
diskcache,2553,set,38.33
diskcache,2553,set,41.63
diskcache,2553,set,38.54
diskcache,2553,set,64.04
diskcache,2553,set,36.47
diskcache,2553,set,37.83
diskcache,2553,set,37.56
diskcache,2553,set,38.91
diskcache,2553,set,39.14
diskcache,2553,set,37.02
diskcache,2553,set,38.71
diskcache,2553,set,39.82
diskcache,2553,get_hit,4.97
diskcache,2553,get_hit,4.18
diskcache,2553,get_hit,4.14
diskcache,2553,get_hit,4.22
diskcache,2553,get_hit,4.64
diskcache,2553,get_hit,4.32
diskcache,2553,get_hit,4.26
diskcache,2553,get_hit,4.08
diskcache,2553,get_hit,4.21
diskcache,2553,get_hit,4.12
diskcache,2553,get_hit,4.16
diskcache,2553,get_hit,4.18
diskcache,2553,get_hit,4.19
diskcache,2553,get_hit,4.23
diskcache,2553,get_hit,4.26
diskcache,2553,get_hit,4.13
diskcache,2553,get_hit,4.25
diskcache,2553,get_hit,4.20
diskcache,2553,get_hit,4.26
diskcache,2553,get_hit,4.10
diskcache,2553,get_hit,4.14
diskcache,2553,get_hit,4.29
diskcache,2553,get_hit,4.26
diskcache,2553,get_hit,4.24
diskcache,2553,get_hit,4.30
diskcache,2553,get_hit,4.22
diskcache,2553,get_hit,4.25
diskcache,2553,get_hit,4.13
diskcache,2553,get_hit,4.24
diskcache,2553,get_hit,4.27
diskcache,2553,get_hit,4.25
diskcache,2553,get_hit,4.30
diskcache,2553,get_hit,4.25
diskcache,2553,get_hit,4.27
diskcache,2553,get_hit,4.24
diskcache,2553,get_hit,4.26
diskcache,2553,get_hit,4.15
diskcache,2553,get_hit,4.08
diskcache,2553,get_hit,4.23
diskcache,2553,get_hit,4.09
diskcache,2553,get_hit,4.40
diskcache,2553,get_hit,4.21
diskcache,2553,get_hit,4.19
diskcache,2553,get_hit,4.14
diskcache,2553,get_hit,4.12
diskcache,2553,get_hit,4.14
diskcache,2553,get_hit,4.12
diskcache,2553,get_hit,4.05
diskcache,2553,get_hit,4.30
diskcache,2553,get_hit,4.05
diskcache,2553,get_miss,2.91
diskcache,2553,get_miss,3.14
diskcache,2553,get_miss,3.27
diskcache,2553,get_miss,3.11
diskcache,2553,get_miss,2.90
diskcache,2553,get_miss,2.91
diskcache,2553,get_miss,2.88
diskcache,2553,get_miss,2.89
diskcache,2553,get_miss,3.00
diskcache,2553,get_miss,2.90
diskcache,2553,get_miss,2.89
diskcache,2553,get_miss,2.89
diskcache,2553,get_miss,3.20
diskcache,2553,get_miss,2.90
diskcache,2553,get_miss,2.90
diskcache,2553,get_miss,2.91
diskcache,2553,get_miss,2.89
diskcache,2553,get_miss,2.91
diskcache,2553,get_miss,3.03
diskcache,2553,get_miss,2.90
diskcache,2553,get_miss,2.90
diskcache,2553,get_miss,2.89
diskcache,2553,get_miss,2.92
diskcache,2553,get_miss,2.88
diskcache,2553,get_miss,2.91
diskcache,2553,get_miss,2.90
diskcache,2553,get_miss,2.93
diskcache,2553,get_miss,2.89
diskcache,2553,get_miss,3.33
diskcache,2553,get_miss,3.23
diskcache,2553,get_miss,2.93
diskcache,2553,get_miss,2.93
diskcache,2553,get_miss,2.91
diskcache,2553,get_miss,2.91
diskcache,2553,get_miss,2.95
diskcache,2553,get_miss,2.89
diskcache,2553,get_miss,2.87
diskcache,2553,get_miss,2.91
diskcache,2553,get_miss,3.01
diskcache,2553,get_miss,2.91
diskcache,2553,get_miss,2.92
diskcache,2553,get_miss,2.91
diskcache,2553,get_miss,2.90
diskcache,2553,get_miss,2.94
diskcache,2553,get_miss,2.91
diskcache,2553,get_miss,2.90
diskcache,2553,get_miss,2.91
diskcache,2553,get_miss,2.92
diskcache,2553,get_miss,3.00
diskcache,2553,get_miss,2.89
diskcache,3829,set,37.14
diskcache,3829,set,36.77
diskcache,3829,set,61.73
diskcache,3829,set,37.59
diskcache,3829,set,38.56
diskcache,3829,set,39.31
diskcache,3829,set,36.78
diskcache,3829,set,45.51
diskcache,3829,set,39.65
diskcache,3829,set,38.52
diskcache,3829,set,40.30
diskcache,3829,set,64.48
diskcache,3829,set,38.70
diskcache,3829,set,37.72
diskcache,3829,set,38.99
diskcache,3829,set,44.19
diskcache,3829,set,38.95
diskcache,3829,set,37.17
diskcache,3829,set,38.80
diskcache,3829,set,39.05
diskcache,3829,set,67.22
diskcache,3829,set,36.16
diskcache,3829,set,37.84
diskcache,3829,set,36.52
diskcache,3829,set,39.05
diskcache,3829,set,37.33
diskcache,3829,set,38.89
diskcache,3829,set,40.66
diskcache,3829,set,40.80
diskcache,3829,set,59.43
diskcache,3829,set,36.21
diskcache,3829,set,38.73
diskcache,3829,set,37.81
diskcache,3829,set,39.59
diskcache,3829,set,37.18
diskcache,3829,set,39.23
diskcache,3829,set,38.99
diskcache,3829,set,37.85
diskcache,3829,set,59.75
diskcache,3829,set,36.69
diskcache,3829,set,38.60
diskcache,3829,set,39.19
diskcache,3829,set,38.32
diskcache,3829,set,39.62
diskcache,3829,set,39.30
diskcache,3829,set,37.82
diskcache,3829,set,37.65
diskcache,3829,set,60.29
diskcache,3829,set,39.54
diskcache,3829,set,40.35
diskcache,3829,get_hit,5.19
diskcache,3829,get_hit,4.49
diskcache,3829,get_hit,4.19
diskcache,3829,get_hit,4.11
diskcache,3829,get_hit,4.10
diskcache,3829,get_hit,4.17
diskcache,3829,get_hit,4.24
diskcache,3829,get_hit,4.14
diskcache,3829,get_hit,4.70
diskcache,3829,get_hit,4.34
diskcache,3829,get_hit,4.40
diskcache,3829,get_hit,4.07
diskcache,3829,get_hit,4.20
diskcache,3829,get_hit,4.13
diskcache,3829,get_hit,4.21
diskcache,3829,get_hit,4.12
diskcache,3829,get_hit,4.28
diskcache,3829,get_hit,4.11
diskcache,3829,get_hit,4.16
diskcache,3829,get_hit,4.08
diskcache,3829,get_hit,4.16
diskcache,3829,get_hit,4.11
diskcache,3829,get_hit,4.12
diskcache,3829,get_hit,4.11
diskcache,3829,get_hit,4.13
diskcache,3829,get_hit,4.15
diskcache,3829,get_hit,4.11
diskcache,3829,get_hit,4.21
diskcache,3829,get_hit,4.09
diskcache,3829,get_hit,4.11
diskcache,3829,get_hit,4.10
diskcache,3829,get_hit,4.14
diskcache,3829,get_hit,4.11
diskcache,3829,get_hit,4.10
diskcache,3829,get_hit,4.08
diskcache,3829,get_hit,4.08
diskcache,3829,get_hit,4.09
diskcache,3829,get_hit,4.16
diskcache,3829,get_hit,4.12
diskcache,3829,get_hit,4.08
diskcache,3829,get_hit,4.20
diskcache,3829,get_hit,4.07
diskcache,3829,get_hit,4.09
diskcache,3829,get_hit,4.06
diskcache,3829,get_hit,4.08
diskcache,3829,get_hit,4.09
diskcache,3829,get_hit,4.24
diskcache,3829,get_hit,4.25
diskcache,3829,get_hit,4.23
diskcache,3829,get_hit,4.11
diskcache,3829,get_miss,2.92
diskcache,3829,get_miss,2.88
diskcache,3829,get_miss,2.87
diskcache,3829,get_miss,2.87
diskcache,3829,get_miss,2.87
diskcache,3829,get_miss,2.90
diskcache,3829,get_miss,2.85
diskcache,3829,get_miss,2.98
diskcache,3829,get_miss,2.84
diskcache,3829,get_miss,2.87
diskcache,3829,get_miss,2.86
diskcache,3829,get_miss,2.87
diskcache,3829,get_miss,2.89
diskcache,3829,get_miss,2.90
diskcache,3829,get_miss,2.91
diskcache,3829,get_miss,2.88
diskcache,3829,get_miss,2.86
diskcache,3829,get_miss,2.99
diskcache,3829,get_miss,2.88
diskcache,3829,get_miss,2.88
diskcache,3829,get_miss,2.88
diskcache,3829,get_miss,2.88
diskcache,3829,get_miss,2.97
diskcache,3829,get_miss,2.88
diskcache,3829,get_miss,2.87
diskcache,3829,get_miss,2.87
diskcache,3829,get_miss,2.87
diskcache,3829,get_miss,2.97
diskcache,3829,get_miss,2.99
diskcache,3829,get_miss,2.94
diskcache,3829,get_miss,2.94
diskcache,3829,get_miss,2.95
diskcache,3829,get_miss,2.89
diskcache,3829,get_miss,2.89
diskcache,3829,get_miss,3.11
diskcache,3829,get_miss,2.96
diskcache,3829,get_miss,2.95
diskcache,3829,get_miss,3.05
diskcache,3829,get_miss,2.87
diskcache,3829,get_miss,2.88
diskcache,3829,get_miss,2.88
diskcache,3829,get_miss,2.88
diskcache,3829,get_miss,2.87
diskcache,3829,get_miss,2.88
diskcache,3829,get_miss,2.86
diskcache,3829,get_miss,2.87
diskcache,3829,get_miss,2.86
diskcache,3829,get_miss,2.97
diskcache,3829,get_miss,2.87
diskcache,3829,get_miss,2.85
diskcache,5743,set,37.29
diskcache,5743,set,37.63
diskcache,5743,set,37.11
diskcache,5743,set,64.03
diskcache,5743,set,36.66
diskcache,5743,set,39.40
diskcache,5743,set,37.39
diskcache,5743,set,38.76
diskcache,5743,set,38.76
diskcache,5743,set,39.50
diskcache,5743,set,45.05
diskcache,5743,set,41.77
diskcache,5743,set,63.99
diskcache,5743,set,39.47
diskcache,5743,set,42.68
diskcache,5743,set,40.42
diskcache,5743,set,38.15
diskcache,5743,set,38.29
diskcache,5743,set,39.88
diskcache,5743,set,39.89
diskcache,5743,set,63.76
diskcache,5743,set,40.80
diskcache,5743,set,37.19
diskcache,5743,set,38.44
diskcache,5743,set,37.88
diskcache,5743,set,37.91
diskcache,5743,set,37.66
diskcache,5743,set,39.96
diskcache,5743,set,41.85
diskcache,5743,set,63.48
diskcache,5743,set,39.07
diskcache,5743,set,40.05
diskcache,5743,set,42.54
diskcache,5743,set,37.92
diskcache,5743,set,41.35
diskcache,5743,set,40.43
diskcache,5743,set,41.45
diskcache,5743,set,40.38
diskcache,5743,set,73.41
diskcache,5743,set,38.06
diskcache,5743,set,40.11
diskcache,5743,set,48.09
diskcache,5743,set,40.48
diskcache,5743,set,41.89
diskcache,5743,set,42.46
diskcache,5743,set,40.78
diskcache,5743,set,39.88
diskcache,5743,set,69.03
diskcache,5743,set,39.75
diskcache,5743,set,41.77
diskcache,5743,get_hit,6.01
diskcache,5743,get_hit,4.92
diskcache,5743,get_hit,5.06
diskcache,5743,get_hit,4.68
diskcache,5743,get_hit,4.44
diskcache,5743,get_hit,4.38
diskcache,5743,get_hit,4.29
diskcache,5743,get_hit,4.32
diskcache,5743,get_hit,4.31
diskcache,5743,get_hit,4.42
diskcache,5743,get_hit,4.33
diskcache,5743,get_hit,4.29
diskcache,5743,get_hit,4.43
diskcache,5743,get_hit,4.45
diskcache,5743,get_hit,4.39
diskcache,5743,get_hit,4.50
diskcache,5743,get_hit,4.54
diskcache,5743,get_hit,4.39
diskcache,5743,get_hit,4.29
diskcache,5743,get_hit,4.31
diskcache,5743,get_hit,4.41
diskcache,5743,get_hit,4.39
diskcache,5743,get_hit,4.38
diskcache,5743,get_hit,4.53
diskcache,5743,get_hit,4.29
diskcache,5743,get_hit,4.34
diskcache,5743,get_hit,4.36
diskcache,5743,get_hit,4.31
diskcache,5743,get_hit,4.37
diskcache,5743,get_hit,4.32
diskcache,5743,get_hit,4.30
diskcache,5743,get_hit,4.39
diskcache,5743,get_hit,4.30
diskcache,5743,get_hit,4.75
diskcache,5743,get_hit,4.43
diskcache,5743,get_hit,4.49
diskcache,5743,get_hit,4.37
diskcache,5743,get_hit,4.24
diskcache,5743,get_hit,4.27
diskcache,5743,get_hit,4.33
diskcache,5743,get_hit,4.30
diskcache,5743,get_hit,4.37
diskcache,5743,get_hit,4.36
diskcache,5743,get_hit,4.39
diskcache,5743,get_hit,4.30
diskcache,5743,get_hit,4.30
diskcache,5743,get_hit,4.31
diskcache,5743,get_hit,4.24
diskcache,5743,get_hit,4.31
diskcache,5743,get_hit,4.29
diskcache,5743,get_miss,3.09
diskcache,5743,get_miss,3.04
diskcache,5743,get_miss,3.02
diskcache,5743,get_miss,3.17
diskcache,5743,get_miss,3.00
diskcache,5743,get_miss,3.05
diskcache,5743,get_miss,3.02
diskcache,5743,get_miss,3.06
diskcache,5743,get_miss,3.02
diskcache,5743,get_miss,3.05
diskcache,5743,get_miss,3.05
diskcache,5743,get_miss,3.06
diskcache,5743,get_miss,3.12
diskcache,5743,get_miss,3.18
diskcache,5743,get_miss,3.02
diskcache,5743,get_miss,3.39
diskcache,5743,get_miss,3.20
diskcache,5743,get_miss,3.16
diskcache,5743,get_miss,3.40
diskcache,5743,get_miss,3.33
diskcache,5743,get_miss,3.13
diskcache,5743,get_miss,3.08
diskcache,5743,get_miss,3.04
diskcache,5743,get_miss,3.14
diskcache,5743,get_miss,3.02
diskcache,5743,get_miss,2.99
diskcache,5743,get_miss,3.12
diskcache,5743,get_miss,3.17
diskcache,5743,get_miss,3.16
diskcache,5743,get_miss,3.10
diskcache,5743,get_miss,3.04
diskcache,5743,get_miss,3.11
diskcache,5743,get_miss,3.10
diskcache,5743,get_miss,3.16
diskcache,5743,get_miss,3.03
diskcache,5743,get_miss,3.06
diskcache,5743,get_miss,3.06
diskcache,5743,get_miss,3.08
diskcache,5743,get_miss,3.12
diskcache,5743,get_miss,3.08
diskcache,5743,get_miss,3.08
diskcache,5743,get_miss,3.03
diskcache,5743,get_miss,3.23
diskcache,5743,get_miss,3.12
diskcache,5743,get_miss,3.22
diskcache,5743,get_miss,3.05
diskcache,5743,get_miss,2.99
diskcache,5743,get_miss,3.04
diskcache,5743,get_miss,3.01
diskcache,5743,get_miss,3.01
diskcache,8614,set,38.81
diskcache,8614,set,64.35
diskcache,8614,set,36.72
diskcache,8614,set,37.42
diskcache,8614,set,39.94
diskcache,8614,set,39.64
diskcache,8614,set,40.52
diskcache,8614,set,38.17
diskcache,8614,set,38.34
diskcache,8614,set,38.83
diskcache,8614,set,64.32
diskcache,8614,set,41.17
diskcache,8614,set,39.06
diskcache,8614,set,38.64
diskcache,8614,set,39.23
diskcache,8614,set,40.29
diskcache,8614,set,37.46
diskcache,8614,set,37.98
diskcache,8614,set,40.29
diskcache,8614,set,70.48
diskcache,8614,set,42.66
diskcache,8614,set,39.09
diskcache,8614,set,38.94
diskcache,8614,set,39.32
diskcache,8614,set,41.37
diskcache,8614,set,38.77
diskcache,8614,set,40.49
diskcache,8614,set,42.62
diskcache,8614,set,96.71
diskcache,8614,set,38.05
diskcache,8614,set,38.21
diskcache,8614,set,40.87
diskcache,8614,set,38.53
diskcache,8614,set,38.60
diskcache,8614,set,39.25
diskcache,8614,set,41.37
diskcache,8614,set,72.66
diskcache,8614,set,39.71
diskcache,8614,set,39.17
diskcache,8614,set,37.89
diskcache,8614,set,39.12
diskcache,8614,set,41.70
diskcache,8614,set,38.94
diskcache,8614,set,39.95
diskcache,8614,set,39.05
diskcache,8614,set,62.17
diskcache,8614,set,42.22
diskcache,8614,set,37.43
diskcache,8614,set,37.81
diskcache,8614,set,39.70
diskcache,8614,get_hit,5.39
diskcache,8614,get_hit,4.37
diskcache,8614,get_hit,4.49
diskcache,8614,get_hit,4.76
diskcache,8614,get_hit,4.33
diskcache,8614,get_hit,4.30
diskcache,8614,get_hit,4.28
diskcache,8614,get_hit,4.18
diskcache,8614,get_hit,4.19
diskcache,8614,get_hit,4.13
diskcache,8614,get_hit,4.14
diskcache,8614,get_hit,4.16
diskcache,8614,get_hit,4.21
diskcache,8614,get_hit,4.23
diskcache,8614,get_hit,4.25
diskcache,8614,get_hit,4.16
diskcache,8614,get_hit,4.22
diskcache,8614,get_hit,4.27
diskcache,8614,get_hit,4.25
diskcache,8614,get_hit,4.19
diskcache,8614,get_hit,4.19
diskcache,8614,get_hit,4.19
diskcache,8614,get_hit,4.19
diskcache,8614,get_hit,4.22
diskcache,8614,get_hit,4.21
diskcache,8614,get_hit,4.22
diskcache,8614,get_hit,4.17
diskcache,8614,get_hit,4.28
diskcache,8614,get_hit,4.16
diskcache,8614,get_hit,4.16
diskcache,8614,get_hit,4.17
diskcache,8614,get_hit,4.23
diskcache,8614,get_hit,4.27
diskcache,8614,get_hit,4.20
diskcache,8614,get_hit,4.16
diskcache,8614,get_hit,4.16
diskcache,8614,get_hit,4.17
diskcache,8614,get_hit,4.35
diskcache,8614,get_hit,4.85
diskcache,8614,get_hit,4.53
diskcache,8614,get_hit,4.49
diskcache,8614,get_hit,4.23
diskcache,8614,get_hit,4.16
diskcache,8614,get_hit,4.24
diskcache,8614,get_hit,4.19
diskcache,8614,get_hit,4.17
diskcache,8614,get_hit,4.24
diskcache,8614,get_hit,4.33
diskcache,8614,get_hit,4.21
diskcache,8614,get_hit,4.14
diskcache,8614,get_miss,2.97
diskcache,8614,get_miss,2.95
diskcache,8614,get_miss,2.94
diskcache,8614,get_miss,2.96
diskcache,8614,get_miss,2.94
diskcache,8614,get_miss,2.98
diskcache,8614,get_miss,2.93
diskcache,8614,get_miss,3.08
diskcache,8614,get_miss,2.98
diskcache,8614,get_miss,2.96
diskcache,8614,get_miss,3.09
diskcache,8614,get_miss,2.97
diskcache,8614,get_miss,2.99
diskcache,8614,get_miss,2.98
diskcache,8614,get_miss,2.98
diskcache,8614,get_miss,3.02
diskcache,8614,get_miss,2.97
diskcache,8614,get_miss,3.09
diskcache,8614,get_miss,2.98
diskcache,8614,get_miss,2.91
diskcache,8614,get_miss,2.97
diskcache,8614,get_miss,2.98
diskcache,8614,get_miss,2.97
diskcache,8614,get_miss,2.96
diskcache,8614,get_miss,3.00
diskcache,8614,get_miss,2.91
diskcache,8614,get_miss,2.93
diskcache,8614,get_miss,3.03
diskcache,8614,get_miss,2.97
diskcache,8614,get_miss,2.96
diskcache,8614,get_miss,2.98
diskcache,8614,get_miss,2.97
diskcache,8614,get_miss,2.99
diskcache,8614,get_miss,2.93
diskcache,8614,get_miss,2.92
diskcache,8614,get_miss,2.92
diskcache,8614,get_miss,2.90
diskcache,8614,get_miss,3.02
diskcache,8614,get_miss,2.99
diskcache,8614,get_miss,2.95
diskcache,8614,get_miss,2.98
diskcache,8614,get_miss,2.95
diskcache,8614,get_miss,2.91
diskcache,8614,get_miss,2.91
diskcache,8614,get_miss,2.93
diskcache,8614,get_miss,2.91
diskcache,8614,get_miss,2.96
diskcache,8614,get_miss,3.03
diskcache,8614,get_miss,2.95
diskcache,8614,get_miss,2.93
diskcache,12921,set,39.37
diskcache,12921,set,61.06
diskcache,12921,set,40.15
diskcache,12921,set,36.37
diskcache,12921,set,36.82
diskcache,12921,set,38.34
diskcache,12921,set,39.74
diskcache,12921,set,39.19
diskcache,12921,set,48.70
diskcache,12921,set,38.06
diskcache,12921,set,64.64
diskcache,12921,set,45.29
diskcache,12921,set,36.93
diskcache,12921,set,37.62
diskcache,12921,set,38.91
diskcache,12921,set,39.93
diskcache,12921,set,41.51
diskcache,12921,set,38.91
diskcache,12921,set,60.81
diskcache,12921,set,38.84
diskcache,12921,set,39.61
diskcache,12921,set,39.07
diskcache,12921,set,40.30
diskcache,12921,set,38.32
diskcache,12921,set,38.38
diskcache,12921,set,37.82
diskcache,12921,set,37.39
diskcache,12921,set,66.58
diskcache,12921,set,40.72
diskcache,12921,set,38.21
diskcache,12921,set,36.94
diskcache,12921,set,37.12
diskcache,12921,set,38.80
diskcache,12921,set,41.30
diskcache,12921,set,37.66
diskcache,12921,set,39.01
diskcache,12921,set,61.77
diskcache,12921,set,39.94
diskcache,12921,set,35.75
diskcache,12921,set,38.16
diskcache,12921,set,38.29
diskcache,12921,set,37.84
diskcache,12921,set,39.87
diskcache,12921,set,36.47
diskcache,12921,set,38.55
diskcache,12921,set,62.54
diskcache,12921,set,35.70
diskcache,12921,set,36.91
diskcache,12921,set,36.92
diskcache,12921,set,37.26
diskcache,12921,get_hit,5.56
diskcache,12921,get_hit,4.37
diskcache,12921,get_hit,4.36
diskcache,12921,get_hit,4.41
diskcache,12921,get_hit,4.65
diskcache,12921,get_hit,4.64
diskcache,12921,get_hit,4.39
diskcache,12921,get_hit,4.16
diskcache,12921,get_hit,4.15
diskcache,12921,get_hit,4.16
diskcache,12921,get_hit,4.22
diskcache,12921,get_hit,4.10
diskcache,12921,get_hit,4.18
diskcache,12921,get_hit,4.20
diskcache,12921,get_hit,4.25
diskcache,12921,get_hit,4.15
diskcache,12921,get_hit,4.17
diskcache,12921,get_hit,4.12
diskcache,12921,get_hit,4.15
diskcache,12921,get_hit,4.12
diskcache,12921,get_hit,4.24
diskcache,12921,get_hit,4.16
diskcache,12921,get_hit,4.15
diskcache,12921,get_hit,4.12
diskcache,12921,get_hit,4.20
diskcache,12921,get_hit,4.21
diskcache,12921,get_hit,4.20
diskcache,12921,get_hit,4.21
diskcache,12921,get_hit,4.15
diskcache,12921,get_hit,4.14
diskcache,12921,get_hit,4.24
diskcache,12921,get_hit,4.18
diskcache,12921,get_hit,4.19
diskcache,12921,get_hit,4.24
diskcache,12921,get_hit,4.11
diskcache,12921,get_hit,4.20
diskcache,12921,get_hit,4.14
diskcache,12921,get_hit,4.13
diskcache,12921,get_hit,4.48
diskcache,12921,get_hit,4.35
diskcache,12921,get_hit,4.57
diskcache,12921,get_hit,4.12
diskcache,12921,get_hit,4.14
diskcache,12921,get_hit,4.14
diskcache,12921,get_hit,4.13
diskcache,12921,get_hit,4.13
diskcache,12921,get_hit,4.14
diskcache,12921,get_hit,4.10
diskcache,12921,get_hit,4.12
diskcache,12921,get_hit,4.18
diskcache,12921,get_miss,3.10
diskcache,12921,get_miss,2.96
diskcache,12921,get_miss,2.94
diskcache,12921,get_miss,2.94
diskcache,12921,get_miss,2.94
diskcache,12921,get_miss,2.99
diskcache,12921,get_miss,2.96
diskcache,12921,get_miss,3.05
diskcache,12921,get_miss,2.92
diskcache,12921,get_miss,2.97
diskcache,12921,get_miss,3.09
diskcache,12921,get_miss,2.96
diskcache,12921,get_miss,2.97
diskcache,12921,get_miss,2.99
diskcache,12921,get_miss,2.97
diskcache,12921,get_miss,2.98
diskcache,12921,get_miss,2.97
diskcache,12921,get_miss,3.00
diskcache,12921,get_miss,3.00
diskcache,12921,get_miss,2.95
diskcache,12921,get_miss,3.06
diskcache,12921,get_miss,2.98
diskcache,12921,get_miss,2.95
diskcache,12921,get_miss,2.97
diskcache,12921,get_miss,2.93
diskcache,12921,get_miss,2.96
diskcache,12921,get_miss,3.17
diskcache,12921,get_miss,3.45
diskcache,12921,get_miss,3.14
diskcache,12921,get_miss,3.19
diskcache,12921,get_miss,3.09
diskcache,12921,get_miss,3.01
diskcache,12921,get_miss,2.98
diskcache,12921,get_miss,2.98
diskcache,12921,get_miss,2.97
diskcache,12921,get_miss,2.95
diskcache,12921,get_miss,2.95
diskcache,12921,get_miss,2.95
diskcache,12921,get_miss,2.98
diskcache,12921,get_miss,2.98
diskcache,12921,get_miss,3.07
diskcache,12921,get_miss,2.96
diskcache,12921,get_miss,2.96
diskcache,12921,get_miss,2.95
diskcache,12921,get_miss,2.95
diskcache,12921,get_miss,2.97
diskcache,12921,get_miss,2.95
diskcache,12921,get_miss,2.96
diskcache,12921,get_miss,2.96
diskcache,12921,get_miss,2.94
diskcache,19381,set,38.35
diskcache,19381,set,37.23
diskcache,19381,set,37.58
diskcache,19381,set,40.11
diskcache,19381,set,38.92
diskcache,19381,set,38.73
diskcache,19381,set,41.26
diskcache,19381,set,37.01
diskcache,19381,set,64.38
diskcache,19381,set,37.96
diskcache,19381,set,37.48
diskcache,19381,set,42.77
diskcache,19381,set,36.65
diskcache,19381,set,47.78
diskcache,19381,set,41.81
diskcache,19381,set,39.64
diskcache,19381,set,40.59
diskcache,19381,set,58.97
diskcache,19381,set,36.63
diskcache,19381,set,37.86
diskcache,19381,set,38.08
diskcache,19381,set,39.42
diskcache,19381,set,36.00
diskcache,19381,set,37.60
diskcache,19381,set,48.79
diskcache,19381,set,40.91
diskcache,19381,set,58.69
diskcache,19381,set,37.29
diskcache,19381,set,40.96
diskcache,19381,set,40.37
diskcache,19381,set,36.95
diskcache,19381,set,46.53
diskcache,19381,set,38.31
diskcache,19381,set,40.20
diskcache,19381,set,38.52
diskcache,19381,set,61.27
diskcache,19381,set,38.89
diskcache,19381,set,41.34
diskcache,19381,set,35.97
diskcache,19381,set,37.68
diskcache,19381,set,37.31
diskcache,19381,set,38.53
diskcache,19381,set,39.57
diskcache,19381,set,59.01
diskcache,19381,set,43.72
diskcache,19381,set,36.78
diskcache,19381,set,37.17
diskcache,19381,set,38.01
diskcache,19381,set,38.81
diskcache,19381,set,38.33
diskcache,19381,get_hit,5.74
diskcache,19381,get_hit,4.54
diskcache,19381,get_hit,4.35
diskcache,19381,get_hit,4.51
diskcache,19381,get_hit,4.37
diskcache,19381,get_hit,4.48
diskcache,19381,get_hit,4.58
diskcache,19381,get_hit,4.68
diskcache,19381,get_hit,4.92
diskcache,19381,get_hit,4.65
diskcache,19381,get_hit,4.18
diskcache,19381,get_hit,4.16
diskcache,19381,get_hit,4.24
diskcache,19381,get_hit,4.35
diskcache,19381,get_hit,4.29
diskcache,19381,get_hit,4.20
diskcache,19381,get_hit,4.22
diskcache,19381,get_hit,4.22
diskcache,19381,get_hit,4.20
diskcache,19381,get_hit,4.18
diskcache,19381,get_hit,4.20
diskcache,19381,get_hit,4.23
diskcache,19381,get_hit,4.21
diskcache,19381,get_hit,4.51
diskcache,19381,get_hit,4.44
diskcache,19381,get_hit,4.47
diskcache,19381,get_hit,4.16
diskcache,19381,get_hit,4.20
diskcache,19381,get_hit,4.16
diskcache,19381,get_hit,4.19
diskcache,19381,get_hit,4.19
diskcache,19381,get_hit,4.20
diskcache,19381,get_hit,4.19
diskcache,19381,get_hit,4.28
diskcache,19381,get_hit,4.20
diskcache,19381,get_hit,4.18
diskcache,19381,get_hit,4.15
diskcache,19381,get_hit,4.15
diskcache,19381,get_hit,4.16
diskcache,19381,get_hit,4.17
diskcache,19381,get_hit,4.14
diskcache,19381,get_hit,4.19
diskcache,19381,get_hit,4.18
diskcache,19381,get_hit,4.25
diskcache,19381,get_hit,4.16
diskcache,19381,get_hit,4.15
diskcache,19381,get_hit,4.27
diskcache,19381,get_hit,4.12
diskcache,19381,get_hit,4.17
diskcache,19381,get_hit,4.21
diskcache,19381,get_miss,3.06
diskcache,19381,get_miss,3.01
diskcache,19381,get_miss,3.01
diskcache,19381,get_miss,3.09
diskcache,19381,get_miss,2.99
diskcache,19381,get_miss,2.99
diskcache,19381,get_miss,3.00
diskcache,19381,get_miss,3.01
diskcache,19381,get_miss,2.98
diskcache,19381,get_miss,3.01
diskcache,19381,get_miss,3.03
diskcache,19381,get_miss,2.99
diskcache,19381,get_miss,3.05
diskcache,19381,get_miss,3.02
diskcache,19381,get_miss,3.10
diskcache,19381,get_miss,2.96
diskcache,19381,get_miss,3.01
diskcache,19381,get_miss,3.10
diskcache,19381,get_miss,2.97
diskcache,19381,get_miss,3.00
diskcache,19381,get_miss,3.02
diskcache,19381,get_miss,3.00
diskcache,19381,get_miss,3.08
diskcache,19381,get_miss,3.00
diskcache,19381,get_miss,3.11
diskcache,19381,get_miss,2.99
diskcache,19381,get_miss,2.99
diskcache,19381,get_miss,3.05
diskcache,19381,get_miss,3.02
diskcache,19381,get_miss,3.01
diskcache,19381,get_miss,3.05
diskcache,19381,get_miss,3.00
diskcache,19381,get_miss,2.99
diskcache,19381,get_miss,3.00
diskcache,19381,get_miss,3.10
diskcache,19381,get_miss,2.98
diskcache,19381,get_miss,2.98
diskcache,19381,get_miss,3.02
diskcache,19381,get_miss,2.98
diskcache,19381,get_miss,3.01
diskcache,19381,get_miss,2.99
diskcache,19381,get_miss,2.98
diskcache,19381,get_miss,3.00
diskcache,19381,get_miss,2.98
diskcache,19381,get_miss,3.14
diskcache,19381,get_miss,2.97
diskcache,19381,get_miss,2.97
diskcache,19381,get_miss,2.98
diskcache,19381,get_miss,2.98
diskcache,19381,get_miss,2.99
diskcache,29071,set,37.17
diskcache,29071,set,36.96
diskcache,29071,set,39.37
diskcache,29071,set,36.44
diskcache,29071,set,36.39
diskcache,29071,set,38.60
diskcache,29071,set,64.52
diskcache,29071,set,38.26
diskcache,29071,set,36.68
diskcache,29071,set,38.36
diskcache,29071,set,38.15
diskcache,29071,set,45.08
diskcache,29071,set,37.47
diskcache,29071,set,41.00
diskcache,29071,set,41.33
diskcache,29071,set,67.77
diskcache,29071,set,39.27
diskcache,29071,set,36.36
diskcache,29071,set,37.19
diskcache,29071,set,37.25
diskcache,29071,set,39.05
diskcache,29071,set,39.06
diskcache,29071,set,37.30
diskcache,29071,set,59.43
diskcache,29071,set,39.86
diskcache,29071,set,38.15
diskcache,29071,set,37.19
diskcache,29071,set,38.45
diskcache,29071,set,39.37
diskcache,29071,set,38.61
diskcache,29071,set,36.79
diskcache,29071,set,37.80
diskcache,29071,set,62.50
diskcache,29071,set,41.11
diskcache,29071,set,38.83
diskcache,29071,set,38.86
diskcache,29071,set,39.74
diskcache,29071,set,38.87
diskcache,29071,set,39.00
diskcache,29071,set,36.80
diskcache,29071,set,40.20
diskcache,29071,set,65.13
diskcache,29071,set,41.09
diskcache,29071,set,35.77
diskcache,29071,set,36.68
diskcache,29071,set,37.02
diskcache,29071,set,37.23
diskcache,29071,set,41.26
diskcache,29071,set,39.60
diskcache,29071,set,39.28
diskcache,29071,get_hit,6.10
diskcache,29071,get_hit,5.44
diskcache,29071,get_hit,4.61
diskcache,29071,get_hit,4.86
diskcache,29071,get_hit,4.75
diskcache,29071,get_hit,4.73
diskcache,29071,get_hit,4.67
diskcache,29071,get_hit,4.48
diskcache,29071,get_hit,4.46
diskcache,29071,get_hit,4.50
diskcache,29071,get_hit,4.66
diskcache,29071,get_hit,5.81
diskcache,29071,get_hit,5.66
diskcache,29071,get_hit,5.33
diskcache,29071,get_hit,4.75
diskcache,29071,get_hit,4.73
diskcache,29071,get_hit,4.53
diskcache,29071,get_hit,4.47
diskcache,29071,get_hit,4.25
diskcache,29071,get_hit,4.21
diskcache,29071,get_hit,4.29
diskcache,29071,get_hit,4.32
diskcache,29071,get_hit,4.37
diskcache,29071,get_hit,4.27
diskcache,29071,get_hit,4.38
diskcache,29071,get_hit,4.49
diskcache,29071,get_hit,4.62
diskcache,29071,get_hit,4.51
diskcache,29071,get_hit,4.25
diskcache,29071,get_hit,4.18
diskcache,29071,get_hit,4.20
diskcache,29071,get_hit,4.21
diskcache,29071,get_hit,4.97
diskcache,29071,get_hit,4.44
diskcache,29071,get_hit,4.37
diskcache,29071,get_hit,4.24
diskcache,29071,get_hit,4.14
diskcache,29071,get_hit,4.15
diskcache,29071,get_hit,4.20
diskcache,29071,get_hit,4.22
diskcache,29071,get_hit,4.26
diskcache,29071,get_hit,4.21
diskcache,29071,get_hit,4.29
diskcache,29071,get_hit,4.20
diskcache,29071,get_hit,4.14
diskcache,29071,get_hit,4.25
diskcache,29071,get_hit,4.25
diskcache,29071,get_hit,4.18
diskcache,29071,get_hit,4.15
diskcache,29071,get_hit,4.32
diskcache,29071,get_miss,3.07
diskcache,29071,get_miss,3.01
diskcache,29071,get_miss,3.14
diskcache,29071,get_miss,3.34
diskcache,29071,get_miss,3.04
diskcache,29071,get_miss,3.04
diskcache,29071,get_miss,3.03
diskcache,29071,get_miss,3.02
diskcache,29071,get_miss,3.03
diskcache,29071,get_miss,3.07
diskcache,29071,get_miss,3.05
diskcache,29071,get_miss,3.06
diskcache,29071,get_miss,3.80
diskcache,29071,get_miss,3.10
diskcache,29071,get_miss,3.53
diskcache,29071,get_miss,3.37
diskcache,29071,get_miss,3.12
diskcache,29071,get_miss,3.08
diskcache,29071,get_miss,3.07
diskcache,29071,get_miss,3.05
diskcache,29071,get_miss,3.14
diskcache,29071,get_miss,3.12
diskcache,29071,get_miss,3.28
diskcache,29071,get_miss,3.13
diskcache,29071,get_miss,3.08
diskcache,29071,get_miss,3.03
diskcache,29071,get_miss,3.07
diskcache,29071,get_miss,3.05
diskcache,29071,get_miss,3.06
diskcache,29071,get_miss,3.05
diskcache,29071,get_miss,3.07
diskcache,29071,get_miss,3.11
diskcache,29071,get_miss,3.19
diskcache,29071,get_miss,3.06
diskcache,29071,get_miss,3.09
diskcache,29071,get_miss,3.05
diskcache,29071,get_miss,3.03
diskcache,29071,get_miss,3.06
diskcache,29071,get_miss,3.08
diskcache,29071,get_miss,3.08
diskcache,29071,get_miss,3.06
diskcache,29071,get_miss,3.05
diskcache,29071,get_miss,3.15
diskcache,29071,get_miss,3.02
diskcache,29071,get_miss,3.05
diskcache,29071,get_miss,3.05
diskcache,29071,get_miss,3.04
diskcache,29071,get_miss,3.04
diskcache,29071,get_miss,3.04
diskcache,29071,get_miss,3.05
diskcache,43606,set,38.15
diskcache,43606,set,38.47
diskcache,43606,set,36.29
diskcache,43606,set,37.36
diskcache,43606,set,39.15
diskcache,43606,set,38.22
diskcache,43606,set,39.85
diskcache,43606,set,61.00
diskcache,43606,set,38.79
diskcache,43606,set,36.95
diskcache,43606,set,38.74
diskcache,43606,set,41.06
diskcache,43606,set,36.62
diskcache,43606,set,37.05
diskcache,43606,set,38.31
diskcache,43606,set,41.46
diskcache,43606,set,60.06
diskcache,43606,set,37.58
diskcache,43606,set,36.82
diskcache,43606,set,37.71
diskcache,43606,set,40.14
diskcache,43606,set,37.09
diskcache,43606,set,36.77
diskcache,43606,set,36.36
diskcache,43606,set,38.16
diskcache,43606,set,62.51
diskcache,43606,set,38.42
diskcache,43606,set,39.70
diskcache,43606,set,38.87
diskcache,43606,set,36.48
diskcache,43606,set,36.73
diskcache,43606,set,37.58
diskcache,43606,set,39.49
diskcache,43606,set,36.94
diskcache,43606,set,59.48
diskcache,43606,set,38.42
diskcache,43606,set,39.59
diskcache,43606,set,37.38
diskcache,43606,set,36.55
diskcache,43606,set,36.77
diskcache,43606,set,40.21
diskcache,43606,set,38.98
diskcache,43606,set,60.12
diskcache,43606,set,35.56
diskcache,43606,set,39.14
diskcache,43606,set,38.17
diskcache,43606,set,39.78
diskcache,43606,set,38.83
diskcache,43606,set,38.16
diskcache,43606,set,37.73
diskcache,43606,get_hit,5.71
diskcache,43606,get_hit,5.80
diskcache,43606,get_hit,4.72
diskcache,43606,get_hit,4.56
diskcache,43606,get_hit,4.46
diskcache,43606,get_hit,4.43
diskcache,43606,get_hit,4.42
diskcache,43606,get_hit,4.38
diskcache,43606,get_hit,4.43
diskcache,43606,get_hit,4.39
diskcache,43606,get_hit,4.38
diskcache,43606,get_hit,4.33
diskcache,43606,get_hit,4.51
diskcache,43606,get_hit,4.53
diskcache,43606,get_hit,4.55
diskcache,43606,get_hit,4.76
diskcache,43606,get_hit,4.74
diskcache,43606,get_hit,4.75
diskcache,43606,get_hit,4.76
diskcache,43606,get_hit,4.74
diskcache,43606,get_hit,4.90
diskcache,43606,get_hit,4.70
diskcache,43606,get_hit,4.38
diskcache,43606,get_hit,4.47
diskcache,43606,get_hit,4.26
diskcache,43606,get_hit,4.39
diskcache,43606,get_hit,4.32
diskcache,43606,get_hit,4.26
diskcache,43606,get_hit,4.34
diskcache,43606,get_hit,4.25
diskcache,43606,get_hit,4.35
diskcache,43606,get_hit,4.71
diskcache,43606,get_hit,5.46
diskcache,43606,get_hit,4.86
diskcache,43606,get_hit,5.09
diskcache,43606,get_hit,5.17
diskcache,43606,get_hit,4.18
diskcache,43606,get_hit,4.24
diskcache,43606,get_hit,4.42
diskcache,43606,get_hit,4.40
diskcache,43606,get_hit,4.40
diskcache,43606,get_hit,4.29
diskcache,43606,get_hit,4.24
diskcache,43606,get_hit,4.34
diskcache,43606,get_hit,4.19
diskcache,43606,get_hit,4.85
diskcache,43606,get_hit,4.65
diskcache,43606,get_hit,5.47
diskcache,43606,get_hit,4.30
diskcache,43606,get_hit,4.48
diskcache,43606,get_miss,3.10
diskcache,43606,get_miss,3.04
diskcache,43606,get_miss,3.03
diskcache,43606,get_miss,3.54
diskcache,43606,get_miss,3.02
diskcache,43606,get_miss,3.01
diskcache,43606,get_miss,3.44
diskcache,43606,get_miss,3.01
diskcache,43606,get_miss,3.05
diskcache,43606,get_miss,3.03
diskcache,43606,get_miss,3.04
diskcache,43606,get_miss,3.01
diskcache,43606,get_miss,3.13
diskcache,43606,get_miss,3.14
diskcache,43606,get_miss,3.06
diskcache,43606,get_miss,3.04
diskcache,43606,get_miss,3.19
diskcache,43606,get_miss,3.06
diskcache,43606,get_miss,3.02
diskcache,43606,get_miss,3.01
diskcache,43606,get_miss,3.09
diskcache,43606,get_miss,3.46
diskcache,43606,get_miss,3.19
diskcache,43606,get_miss,3.32
diskcache,43606,get_miss,3.10
diskcache,43606,get_miss,3.08
diskcache,43606,get_miss,3.22
diskcache,43606,get_miss,3.23
diskcache,43606,get_miss,3.25
diskcache,43606,get_miss,3.26
diskcache,43606,get_miss,3.03
diskcache,43606,get_miss,3.04
diskcache,43606,get_miss,3.05
diskcache,43606,get_miss,3.06
diskcache,43606,get_miss,3.14
diskcache,43606,get_miss,3.07
diskcache,43606,get_miss,3.08
diskcache,43606,get_miss,3.76
diskcache,43606,get_miss,3.06
diskcache,43606,get_miss,3.02
diskcache,43606,get_miss,3.46
diskcache,43606,get_miss,3.02
diskcache,43606,get_miss,3.05
diskcache,43606,get_miss,3.01
diskcache,43606,get_miss,3.17
diskcache,43606,get_miss,3.08
diskcache,43606,get_miss,3.01
diskcache,43606,get_miss,3.02
diskcache,43606,get_miss,3.06
diskcache,43606,get_miss,3.04
diskcache,65409,set,61.01
diskcache,65409,set,38.59
diskcache,65409,set,36.13
diskcache,65409,set,36.60
diskcache,65409,set,37.84
diskcache,65409,set,37.78
diskcache,65409,set,36.90
diskcache,65409,set,37.40
diskcache,65409,set,38.91
diskcache,65409,set,64.36
diskcache,65409,set,38.71
diskcache,65409,set,44.60
diskcache,65409,set,37.87
diskcache,65409,set,40.25
diskcache,65409,set,36.85
diskcache,65409,set,40.35
diskcache,65409,set,36.42
diskcache,65409,set,65.86
diskcache,65409,set,38.13
diskcache,65409,set,38.17
diskcache,65409,set,39.57
diskcache,65409,set,38.36
diskcache,65409,set,38.34
diskcache,65409,set,36.50
diskcache,65409,set,38.66
diskcache,65409,set,37.21
diskcache,65409,set,61.22
diskcache,65409,set,38.28
diskcache,65409,set,40.70
diskcache,65409,set,37.57
diskcache,65409,set,38.02
diskcache,65409,set,38.13
diskcache,65409,set,45.06
diskcache,65409,set,41.42
diskcache,65409,set,44.29
diskcache,65409,set,62.91
diskcache,65409,set,36.77
diskcache,65409,set,39.07
diskcache,65409,set,37.98
diskcache,65409,set,38.15
diskcache,65409,set,38.66
diskcache,65409,set,44.22
diskcache,65409,set,38.29
diskcache,65409,set,40.95
diskcache,65409,set,61.90
diskcache,65409,set,36.59
diskcache,65409,set,36.48
diskcache,65409,set,38.02
diskcache,65409,set,39.27
diskcache,65409,set,39.66
diskcache,65409,get_hit,5.76
diskcache,65409,get_hit,4.76
diskcache,65409,get_hit,5.37
diskcache,65409,get_hit,4.91
diskcache,65409,get_hit,4.45
diskcache,65409,get_hit,4.43
diskcache,65409,get_hit,4.38
diskcache,65409,get_hit,4.48
diskcache,65409,get_hit,4.47
diskcache,65409,get_hit,4.40
diskcache,65409,get_hit,4.42
diskcache,65409,get_hit,4.42
diskcache,65409,get_hit,4.49
diskcache,65409,get_hit,4.51
diskcache,65409,get_hit,4.33
diskcache,65409,get_hit,4.47
diskcache,65409,get_hit,4.51
diskcache,65409,get_hit,4.40
diskcache,65409,get_hit,5.05
diskcache,65409,get_hit,4.64
diskcache,65409,get_hit,4.55
diskcache,65409,get_hit,4.52
diskcache,65409,get_hit,4.74
diskcache,65409,get_hit,4.73
diskcache,65409,get_hit,4.69
diskcache,65409,get_hit,4.71
diskcache,65409,get_hit,4.65
diskcache,65409,get_hit,5.80
diskcache,65409,get_hit,4.73
diskcache,65409,get_hit,4.72
diskcache,65409,get_hit,5.36
diskcache,65409,get_hit,4.75
diskcache,65409,get_hit,4.53
diskcache,65409,get_hit,4.34
diskcache,65409,get_hit,4.96
diskcache,65409,get_hit,4.24
diskcache,65409,get_hit,4.73
diskcache,65409,get_hit,4.76
diskcache,65409,get_hit,4.22
diskcache,65409,get_hit,4.21
diskcache,65409,get_hit,4.29
diskcache,65409,get_hit,4.25
diskcache,65409,get_hit,4.25
diskcache,65409,get_hit,4.65
diskcache,65409,get_hit,4.23
diskcache,65409,get_hit,4.24
diskcache,65409,get_hit,4.21
diskcache,65409,get_hit,4.20
diskcache,65409,get_hit,4.25
diskcache,65409,get_hit,4.36
diskcache,65409,get_miss,3.06
diskcache,65409,get_miss,3.02
diskcache,65409,get_miss,3.01
diskcache,65409,get_miss,3.02
diskcache,65409,get_miss,3.11
diskcache,65409,get_miss,3.03
diskcache,65409,get_miss,3.01
diskcache,65409,get_miss,3.02
diskcache,65409,get_miss,3.01
diskcache,65409,get_miss,3.07
diskcache,65409,get_miss,3.01
diskcache,65409,get_miss,3.07
diskcache,65409,get_miss,3.08
diskcache,65409,get_miss,3.32
diskcache,65409,get_miss,3.13
diskcache,65409,get_miss,3.03
diskcache,65409,get_miss,3.04
diskcache,65409,get_miss,3.04
diskcache,65409,get_miss,3.07
diskcache,65409,get_miss,3.01
diskcache,65409,get_miss,3.03
diskcache,65409,get_miss,3.05
diskcache,65409,get_miss,3.07
diskcache,65409,get_miss,3.03
diskcache,65409,get_miss,3.12
diskcache,65409,get_miss,3.04
diskcache,65409,get_miss,3.08
diskcache,65409,get_miss,3.06
diskcache,65409,get_miss,3.09
diskcache,65409,get_miss,3.70
diskcache,65409,get_miss,3.06
diskcache,65409,get_miss,3.09
diskcache,65409,get_miss,3.57
diskcache,65409,get_miss,3.10
diskcache,65409,get_miss,3.18
diskcache,65409,get_miss,3.06
diskcache,65409,get_miss,3.07
diskcache,65409,get_miss,3.02
diskcache,65409,get_miss,3.08
diskcache,65409,get_miss,3.05
diskcache,65409,get_miss,3.09
diskcache,65409,get_miss,3.01
diskcache,65409,get_miss,3.07
diskcache,65409,get_miss,3.02
diskcache,65409,get_miss,3.14
diskcache,65409,get_miss,3.02
diskcache,65409,get_miss,3.07
diskcache,65409,get_miss,3.02
diskcache,65409,get_miss,3.02
diskcache,65409,get_miss,3.02
diskcache,98113,set,38.15
diskcache,98113,set,38.97
diskcache,98113,set,59.31
diskcache,98113,set,36.24
diskcache,98113,set,35.79
diskcache,98113,set,37.71
diskcache,98113,set,36.04
diskcache,98113,set,37.59
diskcache,98113,set,38.22
diskcache,98113,set,38.07
diskcache,98113,set,39.93
diskcache,98113,set,69.37
diskcache,98113,set,36.64
diskcache,98113,set,38.40
diskcache,98113,set,38.30
diskcache,98113,set,40.96
diskcache,98113,set,37.72
diskcache,98113,set,37.57
diskcache,98113,set,37.43
diskcache,98113,set,38.26
diskcache,98113,set,64.32
diskcache,98113,set,38.06
diskcache,98113,set,38.30
diskcache,98113,set,36.11
diskcache,98113,set,36.34
diskcache,98113,set,38.19
diskcache,98113,set,37.72
diskcache,98113,set,39.57
diskcache,98113,set,40.91
diskcache,98113,set,66.11
diskcache,98113,set,39.14
diskcache,98113,set,41.27
diskcache,98113,set,42.43
diskcache,98113,set,44.02
diskcache,98113,set,37.06
diskcache,98113,set,36.67
diskcache,98113,set,40.60
diskcache,98113,set,63.32
diskcache,98113,set,38.74
diskcache,98113,set,37.45
diskcache,98113,set,40.14
diskcache,98113,set,39.35
diskcache,98113,set,37.55
diskcache,98113,set,39.33
diskcache,98113,set,36.84
diskcache,98113,set,38.00
diskcache,98113,set,59.93
diskcache,98113,set,36.65
diskcache,98113,set,37.76
diskcache,98113,set,51.85
diskcache,98113,get_hit,5.80
diskcache,98113,get_hit,4.70
diskcache,98113,get_hit,4.61
diskcache,98113,get_hit,5.79
diskcache,98113,get_hit,5.90
diskcache,98113,get_hit,4.48
diskcache,98113,get_hit,5.20
diskcache,98113,get_hit,4.50
diskcache,98113,get_hit,4.35
diskcache,98113,get_hit,4.32
diskcache,98113,get_hit,4.41
diskcache,98113,get_hit,4.34
diskcache,98113,get_hit,4.35
diskcache,98113,get_hit,4.41
diskcache,98113,get_hit,4.87
diskcache,98113,get_hit,4.37
diskcache,98113,get_hit,4.39
diskcache,98113,get_hit,4.52
diskcache,98113,get_hit,4.37
diskcache,98113,get_hit,4.35
diskcache,98113,get_hit,4.34
diskcache,98113,get_hit,4.37
diskcache,98113,get_hit,4.40
diskcache,98113,get_hit,4.35
diskcache,98113,get_hit,4.39
diskcache,98113,get_hit,4.36
diskcache,98113,get_hit,4.54
diskcache,98113,get_hit,4.45
diskcache,98113,get_hit,4.35
diskcache,98113,get_hit,4.36
diskcache,98113,get_hit,4.37
diskcache,98113,get_hit,4.35
diskcache,98113,get_hit,4.87
diskcache,98113,get_hit,4.87
diskcache,98113,get_hit,4.68
diskcache,98113,get_hit,5.01
diskcache,98113,get_hit,4.66
diskcache,98113,get_hit,5.64
diskcache,98113,get_hit,5.16
diskcache,98113,get_hit,4.73
diskcache,98113,get_hit,4.73
diskcache,98113,get_hit,4.67
diskcache,98113,get_hit,4.69
diskcache,98113,get_hit,4.63
diskcache,98113,get_hit,4.65
diskcache,98113,get_hit,4.67
diskcache,98113,get_hit,4.66
diskcache,98113,get_hit,4.80
diskcache,98113,get_hit,4.69
diskcache,98113,get_hit,4.16
diskcache,98113,get_miss,3.03
diskcache,98113,get_miss,2.95
diskcache,98113,get_miss,2.92
diskcache,98113,get_miss,3.00
diskcache,98113,get_miss,2.93
diskcache,98113,get_miss,2.96
diskcache,98113,get_miss,2.97
diskcache,98113,get_miss,3.06
diskcache,98113,get_miss,3.04
diskcache,98113,get_miss,3.02
diskcache,98113,get_miss,2.99
diskcache,98113,get_miss,3.24
diskcache,98113,get_miss,2.99
diskcache,98113,get_miss,3.02
diskcache,98113,get_miss,2.96
diskcache,98113,get_miss,2.99
diskcache,98113,get_miss,2.98
diskcache,98113,get_miss,3.07
diskcache,98113,get_miss,2.96
diskcache,98113,get_miss,2.95
diskcache,98113,get_miss,3.38
diskcache,98113,get_miss,3.15
diskcache,98113,get_miss,3.19
diskcache,98113,get_miss,3.00
diskcache,98113,get_miss,2.97
diskcache,98113,get_miss,2.95
diskcache,98113,get_miss,2.94
diskcache,98113,get_miss,3.04
diskcache,98113,get_miss,3.00
diskcache,98113,get_miss,2.97
diskcache,98113,get_miss,2.96
diskcache,98113,get_miss,2.98
diskcache,98113,get_miss,2.99
diskcache,98113,get_miss,2.94
diskcache,98113,get_miss,2.96
diskcache,98113,get_miss,2.98
diskcache,98113,get_miss,2.97
diskcache,98113,get_miss,3.04
diskcache,98113,get_miss,3.31
diskcache,98113,get_miss,3.05
diskcache,98113,get_miss,3.07
diskcache,98113,get_miss,3.06
diskcache,98113,get_miss,2.96
diskcache,98113,get_miss,2.94
diskcache,98113,get_miss,2.95
diskcache,98113,get_miss,2.94
diskcache,98113,get_miss,2.93
diskcache,98113,get_miss,2.95
diskcache,98113,get_miss,3.06
diskcache,98113,get_miss,2.94
diskcache,147169,set,65.40
diskcache,147169,set,44.56
diskcache,147169,set,37.24
diskcache,147169,set,37.77
diskcache,147169,set,37.79
diskcache,147169,set,40.09
diskcache,147169,set,43.64
diskcache,147169,set,37.84
diskcache,147169,set,38.29
diskcache,147169,set,64.20
diskcache,147169,set,40.80
diskcache,147169,set,37.42
diskcache,147169,set,38.92
diskcache,147169,set,37.81
diskcache,147169,set,40.11
diskcache,147169,set,52.50
diskcache,147169,set,38.42
diskcache,147169,set,66.45
diskcache,147169,set,38.77
diskcache,147169,set,39.70
diskcache,147169,set,36.36
diskcache,147169,set,37.33
diskcache,147169,set,36.71
diskcache,147169,set,37.43
diskcache,147169,set,37.39
diskcache,147169,set,38.44
diskcache,147169,set,61.94
diskcache,147169,set,54.16
diskcache,147169,set,37.07
diskcache,147169,set,37.80
diskcache,147169,set,37.79
diskcache,147169,set,38.74
diskcache,147169,set,39.39
diskcache,147169,set,38.80
diskcache,147169,set,41.40
diskcache,147169,set,73.64
diskcache,147169,set,37.07
diskcache,147169,set,40.47
diskcache,147169,set,38.99
diskcache,147169,set,40.72
diskcache,147169,set,37.29
diskcache,147169,set,37.10
diskcache,147169,set,38.13
diskcache,147169,set,37.37
diskcache,147169,set,57.67
diskcache,147169,set,37.20
diskcache,147169,set,38.14
diskcache,147169,set,39.95
diskcache,147169,set,43.36
diskcache,147169,set,37.45
diskcache,147169,get_hit,6.84
diskcache,147169,get_hit,4.91
diskcache,147169,get_hit,4.66
diskcache,147169,get_hit,4.64
diskcache,147169,get_hit,4.90
diskcache,147169,get_hit,6.02
diskcache,147169,get_hit,5.76
diskcache,147169,get_hit,4.74
diskcache,147169,get_hit,4.33
diskcache,147169,get_hit,4.37
diskcache,147169,get_hit,4.40
diskcache,147169,get_hit,4.41
diskcache,147169,get_hit,4.46
diskcache,147169,get_hit,4.45
diskcache,147169,get_hit,4.43
diskcache,147169,get_hit,4.46
diskcache,147169,get_hit,4.61
diskcache,147169,get_hit,4.42
diskcache,147169,get_hit,4.40
diskcache,147169,get_hit,4.35
diskcache,147169,get_hit,4.41
diskcache,147169,get_hit,4.46
diskcache,147169,get_hit,4.41
diskcache,147169,get_hit,4.44
diskcache,147169,get_hit,4.44
diskcache,147169,get_hit,4.34
diskcache,147169,get_hit,4.66
diskcache,147169,get_hit,4.37
diskcache,147169,get_hit,4.37
diskcache,147169,get_hit,4.36
diskcache,147169,get_hit,4.49
diskcache,147169,get_hit,4.36
diskcache,147169,get_hit,4.34
diskcache,147169,get_hit,4.39
diskcache,147169,get_hit,4.36
diskcache,147169,get_hit,4.41
diskcache,147169,get_hit,4.43
diskcache,147169,get_hit,5.95
diskcache,147169,get_hit,4.33
diskcache,147169,get_hit,4.37
diskcache,147169,get_hit,4.38
diskcache,147169,get_hit,4.34
diskcache,147169,get_hit,4.38
diskcache,147169,get_hit,4.67
diskcache,147169,get_hit,4.45
diskcache,147169,get_hit,4.37
diskcache,147169,get_hit,4.49
diskcache,147169,get_hit,4.70
diskcache,147169,get_hit,4.50
diskcache,147169,get_hit,4.90
diskcache,147169,get_miss,3.40
diskcache,147169,get_miss,3.11
diskcache,147169,get_miss,3.54
diskcache,147169,get_miss,3.35
diskcache,147169,get_miss,2.95
diskcache,147169,get_miss,2.93
diskcache,147169,get_miss,3.04
diskcache,147169,get_miss,2.92
diskcache,147169,get_miss,2.91
diskcache,147169,get_miss,3.31
diskcache,147169,get_miss,2.96
diskcache,147169,get_miss,2.90
diskcache,147169,get_miss,3.44
diskcache,147169,get_miss,3.02
diskcache,147169,get_miss,2.98
diskcache,147169,get_miss,2.94
diskcache,147169,get_miss,3.05
diskcache,147169,get_miss,2.97
diskcache,147169,get_miss,3.35
diskcache,147169,get_miss,2.92
diskcache,147169,get_miss,2.96
diskcache,147169,get_miss,2.92
diskcache,147169,get_miss,3.74
diskcache,147169,get_miss,2.96
diskcache,147169,get_miss,2.95
diskcache,147169,get_miss,3.35
diskcache,147169,get_miss,3.09
diskcache,147169,get_miss,2.92
diskcache,147169,get_miss,3.20
diskcache,147169,get_miss,2.92
diskcache,147169,get_miss,2.99
diskcache,147169,get_miss,3.37
diskcache,147169,get_miss,2.94
diskcache,147169,get_miss,2.98
diskcache,147169,get_miss,2.96
diskcache,147169,get_miss,2.99
diskcache,147169,get_miss,2.97
diskcache,147169,get_miss,3.04
diskcache,147169,get_miss,3.35
diskcache,147169,get_miss,2.91
diskcache,147169,get_miss,2.95
diskcache,147169,get_miss,3.76
diskcache,147169,get_miss,2.94
diskcache,147169,get_miss,2.93
diskcache,147169,get_miss,3.31
diskcache,147169,get_miss,3.07
diskcache,147169,get_miss,2.90
diskcache,147169,get_miss,3.02
diskcache,147169,get_miss,2.91
diskcache,147169,get_miss,2.91
diskcache,220753,set,38.11
diskcache,220753,set,39.37
diskcache,220753,set,38.31
diskcache,220753,set,39.38
diskcache,220753,set,75.02
diskcache,220753,set,38.46
diskcache,220753,set,41.12
diskcache,220753,set,39.21
diskcache,220753,set,41.54
diskcache,220753,set,41.26
diskcache,220753,set,42.46
diskcache,220753,set,39.89
diskcache,220753,set,38.97
diskcache,220753,set,75.50
diskcache,220753,set,39.81
diskcache,220753,set,40.86
diskcache,220753,set,38.66
diskcache,220753,set,39.28
diskcache,220753,set,40.49
diskcache,220753,set,43.71
diskcache,220753,set,38.76
diskcache,220753,set,39.32
diskcache,220753,set,73.87
diskcache,220753,set,37.86
diskcache,220753,set,37.15
diskcache,220753,set,39.18
diskcache,220753,set,42.38
diskcache,220753,set,40.23
diskcache,220753,set,38.14
diskcache,220753,set,37.81
diskcache,220753,set,70.05
diskcache,220753,set,37.75
diskcache,220753,set,37.03
diskcache,220753,set,38.41
diskcache,220753,set,39.28
diskcache,220753,set,41.42
diskcache,220753,set,37.88
diskcache,220753,set,37.65
diskcache,220753,set,39.55
diskcache,220753,set,65.15
diskcache,220753,set,38.38
diskcache,220753,set,37.87
diskcache,220753,set,37.95
diskcache,220753,set,36.91
diskcache,220753,set,37.77
diskcache,220753,set,38.99
diskcache,220753,set,39.83
diskcache,220753,set,39.26
diskcache,220753,set,63.20
diskcache,220753,set,37.81
diskcache,220753,get_hit,6.67
diskcache,220753,get_hit,4.87
diskcache,220753,get_hit,4.63
diskcache,220753,get_hit,4.83
diskcache,220753,get_hit,4.57
diskcache,220753,get_hit,4.58
diskcache,220753,get_hit,4.58
diskcache,220753,get_hit,5.14
diskcache,220753,get_hit,5.35
diskcache,220753,get_hit,4.83
diskcache,220753,get_hit,4.59
diskcache,220753,get_hit,4.34
diskcache,220753,get_hit,4.34
diskcache,220753,get_hit,4.48
diskcache,220753,get_hit,4.35
diskcache,220753,get_hit,4.94
diskcache,220753,get_hit,4.66
diskcache,220753,get_hit,4.54
diskcache,220753,get_hit,4.33
diskcache,220753,get_hit,4.33
diskcache,220753,get_hit,4.38
diskcache,220753,get_hit,4.36
diskcache,220753,get_hit,4.33
diskcache,220753,get_hit,4.44
diskcache,220753,get_hit,4.43
diskcache,220753,get_hit,4.36
diskcache,220753,get_hit,4.41
diskcache,220753,get_hit,4.34
diskcache,220753,get_hit,4.31
diskcache,220753,get_hit,4.29
diskcache,220753,get_hit,4.41
diskcache,220753,get_hit,4.37
diskcache,220753,get_hit,4.41
diskcache,220753,get_hit,4.53
diskcache,220753,get_hit,4.41
diskcache,220753,get_hit,4.39
diskcache,220753,get_hit,4.35
diskcache,220753,get_hit,4.42
diskcache,220753,get_hit,4.34
diskcache,220753,get_hit,4.35
diskcache,220753,get_hit,4.40
diskcache,220753,get_hit,4.34
diskcache,220753,get_hit,4.35
diskcache,220753,get_hit,4.44
diskcache,220753,get_hit,4.33
diskcache,220753,get_hit,5.06
diskcache,220753,get_hit,4.31
diskcache,220753,get_hit,4.31
diskcache,220753,get_hit,4.52
diskcache,220753,get_hit,4.40
diskcache,220753,get_miss,3.07
diskcache,220753,get_miss,2.96
diskcache,220753,get_miss,2.94
diskcache,220753,get_miss,3.06
diskcache,220753,get_miss,2.94
diskcache,220753,get_miss,2.96
diskcache,220753,get_miss,2.91
diskcache,220753,get_miss,2.94
diskcache,220753,get_miss,2.92
diskcache,220753,get_miss,2.94
diskcache,220753,get_miss,2.95
diskcache,220753,get_miss,2.95
diskcache,220753,get_miss,2.99
diskcache,220753,get_miss,3.08
diskcache,220753,get_miss,2.97
diskcache,220753,get_miss,3.01
diskcache,220753,get_miss,2.98
diskcache,220753,get_miss,2.94
diskcache,220753,get_miss,2.99
diskcache,220753,get_miss,2.98
diskcache,220753,get_miss,3.00
diskcache,220753,get_miss,2.97
diskcache,220753,get_miss,2.98
diskcache,220753,get_miss,3.06
diskcache,220753,get_miss,2.97
diskcache,220753,get_miss,2.93
diskcache,220753,get_miss,2.95
diskcache,220753,get_miss,2.94
diskcache,220753,get_miss,3.09
diskcache,220753,get_miss,2.99
diskcache,220753,get_miss,2.98
diskcache,220753,get_miss,2.99
diskcache,220753,get_miss,3.00
diskcache,220753,get_miss,3.04
diskcache,220753,get_miss,2.96
diskcache,220753,get_miss,2.92
diskcache,220753,get_miss,2.95
diskcache,220753,get_miss,2.98
diskcache,220753,get_miss,2.99
diskcache,220753,get_miss,2.96
diskcache,220753,get_miss,3.01
diskcache,220753,get_miss,2.92
diskcache,220753,get_miss,2.95
diskcache,220753,get_miss,2.93
diskcache,220753,get_miss,3.02
diskcache,220753,get_miss,2.91
diskcache,220753,get_miss,2.93
diskcache,220753,get_miss,2.94
diskcache,220753,get_miss,2.96
diskcache,220753,get_miss,2.95
diskcache,331129,set,36.96
diskcache,331129,set,36.08
diskcache,331129,set,36.84
diskcache,331129,set,59.40
diskcache,331129,set,36.71
diskcache,331129,set,36.96
diskcache,331129,set,38.11
diskcache,331129,set,38.65
diskcache,331129,set,38.90
diskcache,331129,set,38.59
diskcache,331129,set,40.47
diskcache,331129,set,63.12
diskcache,331129,set,36.66
diskcache,331129,set,39.68
diskcache,331129,set,39.56
diskcache,331129,set,38.53
diskcache,331129,set,36.94
diskcache,331129,set,38.77
diskcache,331129,set,40.38
diskcache,331129,set,39.67
diskcache,331129,set,58.75
diskcache,331129,set,36.78
diskcache,331129,set,36.94
diskcache,331129,set,38.92
diskcache,331129,set,37.82
diskcache,331129,set,38.00
diskcache,331129,set,38.56
diskcache,331129,set,40.03
diskcache,331129,set,38.18
diskcache,331129,set,65.49
diskcache,331129,set,37.04
diskcache,331129,set,39.66
diskcache,331129,set,41.90
diskcache,331129,set,43.36
diskcache,331129,set,41.38
diskcache,331129,set,43.90
diskcache,331129,set,39.37
diskcache,331129,set,40.80
diskcache,331129,set,74.00
diskcache,331129,set,49.18
diskcache,331129,set,38.12
diskcache,331129,set,42.33
diskcache,331129,set,45.27
diskcache,331129,set,39.65
diskcache,331129,set,40.48
diskcache,331129,set,37.81
diskcache,331129,set,38.30
diskcache,331129,set,75.85
diskcache,331129,set,41.59
diskcache,331129,set,39.67
diskcache,331129,get_hit,5.86
diskcache,331129,get_hit,5.30
diskcache,331129,get_hit,4.89
diskcache,331129,get_hit,4.80
diskcache,331129,get_hit,4.75
diskcache,331129,get_hit,5.43
diskcache,331129,get_hit,5.06
diskcache,331129,get_hit,5.11
diskcache,331129,get_hit,4.82
diskcache,331129,get_hit,5.64
diskcache,331129,get_hit,5.56
diskcache,331129,get_hit,5.97
diskcache,331129,get_hit,5.08
diskcache,331129,get_hit,5.09
diskcache,331129,get_hit,4.87
diskcache,331129,get_hit,5.17
diskcache,331129,get_hit,4.85
diskcache,331129,get_hit,4.60
diskcache,331129,get_hit,4.62
diskcache,331129,get_hit,4.66
diskcache,331129,get_hit,5.40
diskcache,331129,get_hit,5.54
diskcache,331129,get_hit,4.53
diskcache,331129,get_hit,5.15
diskcache,331129,get_hit,4.93
diskcache,331129,get_hit,4.66
diskcache,331129,get_hit,4.70
diskcache,331129,get_hit,4.47
diskcache,331129,get_hit,4.37
diskcache,331129,get_hit,4.41
diskcache,331129,get_hit,4.44
diskcache,331129,get_hit,4.46
diskcache,331129,get_hit,4.36
diskcache,331129,get_hit,4.66
diskcache,331129,get_hit,5.22
diskcache,331129,get_hit,5.23
diskcache,331129,get_hit,4.61
diskcache,331129,get_hit,4.63
diskcache,331129,get_hit,4.64
diskcache,331129,get_hit,4.51
diskcache,331129,get_hit,4.45
diskcache,331129,get_hit,4.85
diskcache,331129,get_hit,4.72
diskcache,331129,get_hit,4.99
diskcache,331129,get_hit,4.43
diskcache,331129,get_hit,4.30
diskcache,331129,get_hit,4.37
diskcache,331129,get_hit,4.44
diskcache,331129,get_hit,4.34
diskcache,331129,get_hit,4.75
diskcache,331129,get_miss,3.55
diskcache,331129,get_miss,3.61
diskcache,331129,get_miss,3.73
diskcache,331129,get_miss,3.11
diskcache,331129,get_miss,2.94
diskcache,331129,get_miss,2.99
diskcache,331129,get_miss,2.98
diskcache,331129,get_miss,3.05
diskcache,331129,get_miss,3.00
diskcache,331129,get_miss,3.11
diskcache,331129,get_miss,2.97
diskcache,331129,get_miss,3.00
diskcache,331129,get_miss,3.00
diskcache,331129,get_miss,3.00
diskcache,331129,get_miss,2.94
diskcache,331129,get_miss,3.17
diskcache,331129,get_miss,3.10
diskcache,331129,get_miss,3.80
diskcache,331129,get_miss,3.31
diskcache,331129,get_miss,3.18
diskcache,331129,get_miss,3.46
diskcache,331129,get_miss,3.17
diskcache,331129,get_miss,2.97
diskcache,331129,get_miss,3.02
diskcache,331129,get_miss,3.06
diskcache,331129,get_miss,3.26
diskcache,331129,get_miss,3.36
diskcache,331129,get_miss,3.23
diskcache,331129,get_miss,3.18
diskcache,331129,get_miss,3.01
diskcache,331129,get_miss,3.05
diskcache,331129,get_miss,3.01
diskcache,331129,get_miss,3.09
diskcache,331129,get_miss,3.03
diskcache,331129,get_miss,3.32
diskcache,331129,get_miss,2.98
diskcache,331129,get_miss,2.96
diskcache,331129,get_miss,3.34
diskcache,331129,get_miss,3.08
diskcache,331129,get_miss,3.09
diskcache,331129,get_miss,3.13
diskcache,331129,get_miss,3.01
diskcache,331129,get_miss,2.92
diskcache,331129,get_miss,2.95
diskcache,331129,get_miss,2.94
diskcache,331129,get_miss,2.93
diskcache,331129,get_miss,2.93
diskcache,331129,get_miss,3.06
diskcache,331129,get_miss,2.94
diskcache,331129,get_miss,2.93
diskcache,496693,set,38.51
diskcache,496693,set,38.60
diskcache,496693,set,36.63
diskcache,496693,set,36.27
diskcache,496693,set,37.68
diskcache,496693,set,38.49
diskcache,496693,set,63.59
diskcache,496693,set,37.50
diskcache,496693,set,38.04
diskcache,496693,set,38.91
diskcache,496693,set,42.91
diskcache,496693,set,38.31
diskcache,496693,set,39.00
diskcache,496693,set,38.36
diskcache,496693,set,63.02
diskcache,496693,set,40.48
diskcache,496693,set,36.23
diskcache,496693,set,37.85
diskcache,496693,set,38.07
diskcache,496693,set,40.45
diskcache,496693,set,36.67
diskcache,496693,set,37.73
diskcache,496693,set,38.88
diskcache,496693,set,62.76
diskcache,496693,set,36.25
diskcache,496693,set,38.15
diskcache,496693,set,40.11
diskcache,496693,set,39.59
diskcache,496693,set,37.42
diskcache,496693,set,37.07
diskcache,496693,set,40.40
diskcache,496693,set,36.93
diskcache,496693,set,61.76
diskcache,496693,set,39.06
diskcache,496693,set,41.01
diskcache,496693,set,42.20
diskcache,496693,set,37.44
diskcache,496693,set,37.68
diskcache,496693,set,37.58
diskcache,496693,set,40.82
diskcache,496693,set,61.83
diskcache,496693,set,38.65
diskcache,496693,set,40.17
diskcache,496693,set,41.57
diskcache,496693,set,37.33
diskcache,496693,set,37.34
diskcache,496693,set,37.84
diskcache,496693,set,38.57
diskcache,496693,set,39.53
diskcache,496693,set,62.74
diskcache,496693,get_hit,6.06
diskcache,496693,get_hit,6.42
diskcache,496693,get_hit,4.74
diskcache,496693,get_hit,4.86
diskcache,496693,get_hit,4.79
diskcache,496693,get_hit,4.65
diskcache,496693,get_hit,4.61
diskcache,496693,get_hit,4.60
diskcache,496693,get_hit,4.56
diskcache,496693,get_hit,5.38
diskcache,496693,get_hit,5.81
diskcache,496693,get_hit,5.36
diskcache,496693,get_hit,5.70
diskcache,496693,get_hit,5.69
diskcache,496693,get_hit,5.89
diskcache,496693,get_hit,5.82
diskcache,496693,get_hit,6.03
diskcache,496693,get_hit,5.53
diskcache,496693,get_hit,5.56
diskcache,496693,get_hit,5.54
diskcache,496693,get_hit,5.50
diskcache,496693,get_hit,4.86
diskcache,496693,get_hit,4.96
diskcache,496693,get_hit,4.95
diskcache,496693,get_hit,4.77
diskcache,496693,get_hit,4.48
diskcache,496693,get_hit,4.45
diskcache,496693,get_hit,4.45
diskcache,496693,get_hit,4.45
diskcache,496693,get_hit,4.39
diskcache,496693,get_hit,4.48
diskcache,496693,get_hit,4.48
diskcache,496693,get_hit,4.39
diskcache,496693,get_hit,4.39
diskcache,496693,get_hit,4.41
diskcache,496693,get_hit,4.42
diskcache,496693,get_hit,4.58
diskcache,496693,get_hit,4.49
diskcache,496693,get_hit,4.44
diskcache,496693,get_hit,4.37
diskcache,496693,get_hit,4.41
diskcache,496693,get_hit,4.50
diskcache,496693,get_hit,4.41
diskcache,496693,get_hit,4.39
diskcache,496693,get_hit,4.41
diskcache,496693,get_hit,4.45
diskcache,496693,get_hit,4.42
diskcache,496693,get_hit,4.42
diskcache,496693,get_hit,4.41
diskcache,496693,get_hit,4.40
diskcache,496693,get_miss,3.02
diskcache,496693,get_miss,3.03
diskcache,496693,get_miss,2.94
diskcache,496693,get_miss,2.94
diskcache,496693,get_miss,2.95
diskcache,496693,get_miss,2.98
diskcache,496693,get_miss,2.93
diskcache,496693,get_miss,2.93
diskcache,496693,get_miss,2.98
diskcache,496693,get_miss,3.12
diskcache,496693,get_miss,2.94
diskcache,496693,get_miss,3.54
diskcache,496693,get_miss,4.19
diskcache,496693,get_miss,3.00
diskcache,496693,get_miss,2.98
diskcache,496693,get_miss,2.97
diskcache,496693,get_miss,3.02
diskcache,496693,get_miss,3.80
diskcache,496693,get_miss,2.98
diskcache,496693,get_miss,3.76
diskcache,496693,get_miss,3.37
diskcache,496693,get_miss,3.09
diskcache,496693,get_miss,3.30
diskcache,496693,get_miss,3.36
diskcache,496693,get_miss,2.99
diskcache,496693,get_miss,3.37
diskcache,496693,get_miss,3.33
diskcache,496693,get_miss,3.01
diskcache,496693,get_miss,2.99
diskcache,496693,get_miss,3.79
diskcache,496693,get_miss,3.39
diskcache,496693,get_miss,4.33
diskcache,496693,get_miss,2.98
diskcache,496693,get_miss,4.21
diskcache,496693,get_miss,3.38
diskcache,496693,get_miss,4.12
diskcache,496693,get_miss,3.51
diskcache,496693,get_miss,3.28
diskcache,496693,get_miss,2.99
diskcache,496693,get_miss,3.02
diskcache,496693,get_miss,2.99
diskcache,496693,get_miss,3.06
diskcache,496693,get_miss,2.94
diskcache,496693,get_miss,3.21
diskcache,496693,get_miss,2.99
diskcache,496693,get_miss,2.96
diskcache,496693,get_miss,3.37
diskcache,496693,get_miss,2.93
diskcache,496693,get_miss,2.99
diskcache,496693,get_miss,3.37
diskcache,700000,set,37.54
diskcache,700000,set,38.24
diskcache,700000,set,39.22
diskcache,700000,set,37.74
diskcache,700000,set,40.70
diskcache,700000,set,37.82
diskcache,700000,set,68.72
diskcache,700000,set,36.74
diskcache,700000,set,37.24
diskcache,700000,set,37.52
diskcache,700000,set,40.81
diskcache,700000,set,38.90
diskcache,700000,set,38.06
diskcache,700000,set,38.04
diskcache,700000,set,40.80
diskcache,700000,set,64.81
diskcache,700000,set,39.90
diskcache,700000,set,37.34
diskcache,700000,set,37.10
diskcache,700000,set,40.56
diskcache,700000,set,35.95
diskcache,700000,set,37.14
diskcache,700000,set,37.48
diskcache,700000,set,39.83
diskcache,700000,set,66.37
diskcache,700000,set,46.28
diskcache,700000,set,44.33
diskcache,700000,set,56.31
diskcache,700000,set,53.76
diskcache,700000,set,39.72
diskcache,700000,set,39.75
diskcache,700000,set,40.74
diskcache,700000,set,69.34
diskcache,700000,set,38.26
diskcache,700000,set,39.43
diskcache,700000,set,44.95
diskcache,700000,set,37.67
diskcache,700000,set,50.60
diskcache,700000,set,40.86
diskcache,700000,set,42.49
diskcache,700000,set,37.41
diskcache,700000,set,64.91
diskcache,700000,set,37.70
diskcache,700000,set,39.48
diskcache,700000,set,39.30
diskcache,700000,set,38.44
diskcache,700000,set,38.83
diskcache,700000,set,39.47
diskcache,700000,set,42.19
diskcache,700000,set,37.37
diskcache,700000,get_hit,6.13
diskcache,700000,get_hit,5.91
diskcache,700000,get_hit,5.85
diskcache,700000,get_hit,4.93
diskcache,700000,get_hit,4.69
diskcache,700000,get_hit,4.63
diskcache,700000,get_hit,4.65
diskcache,700000,get_hit,4.61
diskcache,700000,get_hit,4.61
diskcache,700000,get_hit,5.26
diskcache,700000,get_hit,5.41
diskcache,700000,get_hit,5.44
diskcache,700000,get_hit,5.50
diskcache,700000,get_hit,5.35
diskcache,700000,get_hit,5.49
diskcache,700000,get_hit,5.36
diskcache,700000,get_hit,6.03
diskcache,700000,get_hit,5.65
diskcache,700000,get_hit,5.59
diskcache,700000,get_hit,5.95
diskcache,700000,get_hit,5.69
diskcache,700000,get_hit,5.99
diskcache,700000,get_hit,5.88
diskcache,700000,get_hit,5.72
diskcache,700000,get_hit,5.69
diskcache,700000,get_hit,5.73
diskcache,700000,get_hit,5.54
diskcache,700000,get_hit,5.87
diskcache,700000,get_hit,5.68
diskcache,700000,get_hit,5.52
diskcache,700000,get_hit,5.55
diskcache,700000,get_hit,5.20
diskcache,700000,get_hit,5.49
diskcache,700000,get_hit,5.04
diskcache,700000,get_hit,4.78
diskcache,700000,get_hit,4.61
diskcache,700000,get_hit,4.48
diskcache,700000,get_hit,4.59
diskcache,700000,get_hit,4.44
diskcache,700000,get_hit,4.39
diskcache,700000,get_hit,4.40
diskcache,700000,get_hit,4.54
diskcache,700000,get_hit,4.44
diskcache,700000,get_hit,4.35
diskcache,700000,get_hit,4.41
diskcache,700000,get_hit,4.41
diskcache,700000,get_hit,4.39
diskcache,700000,get_hit,4.36
diskcache,700000,get_hit,4.46
diskcache,700000,get_hit,4.40
diskcache,700000,get_miss,3.04
diskcache,700000,get_miss,3.11
diskcache,700000,get_miss,2.95
diskcache,700000,get_miss,2.94
diskcache,700000,get_miss,2.98
diskcache,700000,get_miss,3.02
diskcache,700000,get_miss,3.10
diskcache,700000,get_miss,3.46
diskcache,700000,get_miss,2.98
diskcache,700000,get_miss,3.13
diskcache,700000,get_miss,3.07
diskcache,700000,get_miss,3.14
diskcache,700000,get_miss,3.08
diskcache,700000,get_miss,3.07
diskcache,700000,get_miss,3.44
diskcache,700000,get_miss,2.98
diskcache,700000,get_miss,3.01
diskcache,700000,get_miss,2.99
diskcache,700000,get_miss,2.96
diskcache,700000,get_miss,2.98
diskcache,700000,get_miss,2.97
diskcache,700000,get_miss,3.13
diskcache,700000,get_miss,3.09
diskcache,700000,get_miss,3.06
diskcache,700000,get_miss,3.03
diskcache,700000,get_miss,3.46
diskcache,700000,get_miss,3.08
diskcache,700000,get_miss,3.00
diskcache,700000,get_miss,2.97
diskcache,700000,get_miss,3.01
diskcache,700000,get_miss,3.06
diskcache,700000,get_miss,3.97
diskcache,700000,get_miss,3.52
diskcache,700000,get_miss,3.08
diskcache,700000,get_miss,2.98
diskcache,700000,get_miss,3.09
diskcache,700000,get_miss,2.95
diskcache,700000,get_miss,2.96
diskcache,700000,get_miss,2.95
diskcache,700000,get_miss,3.57
diskcache,700000,get_miss,3.12
diskcache,700000,get_miss,3.06
diskcache,700000,get_miss,3.52
diskcache,700000,get_miss,2.96
diskcache,700000,get_miss,2.93
diskcache,700000,get_miss,2.94
diskcache,700000,get_miss,2.95
diskcache,700000,get_miss,2.95
diskcache,700000,get_miss,2.97
diskcache,700000,get_miss,2.98
diskcache,1000000,set,36.56
diskcache,1000000,set,36.20
diskcache,1000000,set,37.50
diskcache,1000000,set,37.68
diskcache,1000000,set,39.26
diskcache,1000000,set,37.25
diskcache,1000000,set,40.82
diskcache,1000000,set,37.98
diskcache,1000000,set,62.97
diskcache,1000000,set,37.61
diskcache,1000000,set,40.67
diskcache,1000000,set,36.38
diskcache,1000000,set,37.71
diskcache,1000000,set,37.09
diskcache,1000000,set,39.58
diskcache,1000000,set,39.48
diskcache,1000000,set,37.80
diskcache,1000000,set,58.56
diskcache,1000000,set,40.37
diskcache,1000000,set,40.88
diskcache,1000000,set,35.94
diskcache,1000000,set,36.88
diskcache,1000000,set,37.00
diskcache,1000000,set,37.22
diskcache,1000000,set,38.07
diskcache,1000000,set,62.72
diskcache,1000000,set,44.82
diskcache,1000000,set,39.98
diskcache,1000000,set,36.93
diskcache,1000000,set,39.75
diskcache,1000000,set,36.56
diskcache,1000000,set,36.55
diskcache,1000000,set,37.56
diskcache,1000000,set,37.58
diskcache,1000000,set,62.40
diskcache,1000000,set,41.15
diskcache,1000000,set,36.79
diskcache,1000000,set,37.77
diskcache,1000000,set,38.77
diskcache,1000000,set,41.49
diskcache,1000000,set,38.57
diskcache,1000000,set,37.09
diskcache,1000000,set,38.18
diskcache,1000000,set,59.04
diskcache,1000000,set,37.63
diskcache,1000000,set,37.49
diskcache,1000000,set,40.03
diskcache,1000000,set,38.99
diskcache,1000000,set,39.79
diskcache,1000000,set,37.91
diskcache,1000000,get_hit,6.58
diskcache,1000000,get_hit,6.34
diskcache,1000000,get_hit,5.92
diskcache,1000000,get_hit,6.21
diskcache,1000000,get_hit,5.49
diskcache,1000000,get_hit,4.95
diskcache,1000000,get_hit,5.00
diskcache,1000000,get_hit,4.55
diskcache,1000000,get_hit,4.54
diskcache,1000000,get_hit,5.25
diskcache,1000000,get_hit,5.71
diskcache,1000000,get_hit,5.27
diskcache,1000000,get_hit,5.79
diskcache,1000000,get_hit,5.26
diskcache,1000000,get_hit,5.83
diskcache,1000000,get_hit,5.43
diskcache,1000000,get_hit,5.63
diskcache,1000000,get_hit,5.45
diskcache,1000000,get_hit,5.34
diskcache,1000000,get_hit,5.50
diskcache,1000000,get_hit,5.30
diskcache,1000000,get_hit,5.47
diskcache,1000000,get_hit,5.42
diskcache,1000000,get_hit,5.31
diskcache,1000000,get_hit,5.81
diskcache,1000000,get_hit,5.48
diskcache,1000000,get_hit,5.50
diskcache,1000000,get_hit,5.54
diskcache,1000000,get_hit,5.31
diskcache,1000000,get_hit,5.30
diskcache,1000000,get_hit,5.39
diskcache,1000000,get_hit,5.36
diskcache,1000000,get_hit,5.38
diskcache,1000000,get_hit,5.68
diskcache,1000000,get_hit,5.29
diskcache,1000000,get_hit,5.69
diskcache,1000000,get_hit,5.38
diskcache,1000000,get_hit,5.84
diskcache,1000000,get_hit,5.54
diskcache,1000000,get_hit,5.55
diskcache,1000000,get_hit,5.40
diskcache,1000000,get_hit,5.45
diskcache,1000000,get_hit,5.58
diskcache,1000000,get_hit,5.47
diskcache,1000000,get_hit,5.52
diskcache,1000000,get_hit,5.50
diskcache,1000000,get_hit,4.96
diskcache,1000000,get_hit,4.77
diskcache,1000000,get_hit,4.60
diskcache,1000000,get_hit,5.05
diskcache,1000000,get_miss,3.00
diskcache,1000000,get_miss,2.97
diskcache,1000000,get_miss,2.95
diskcache,1000000,get_miss,2.95
diskcache,1000000,get_miss,2.96
diskcache,1000000,get_miss,3.40
diskcache,1000000,get_miss,3.43
diskcache,1000000,get_miss,4.52
diskcache,1000000,get_miss,3.37
diskcache,1000000,get_miss,2.97
diskcache,1000000,get_miss,2.96
diskcache,1000000,get_miss,2.95
diskcache,1000000,get_miss,2.96
diskcache,1000000,get_miss,3.11
diskcache,1000000,get_miss,2.95
diskcache,1000000,get_miss,3.41
diskcache,1000000,get_miss,2.92
diskcache,1000000,get_miss,3.08
diskcache,1000000,get_miss,3.23
diskcache,1000000,get_miss,3.39
diskcache,1000000,get_miss,3.14
diskcache,1000000,get_miss,3.14
diskcache,1000000,get_miss,3.02
diskcache,1000000,get_miss,3.38
diskcache,1000000,get_miss,3.79
diskcache,1000000,get_miss,3.36
diskcache,1000000,get_miss,2.96
diskcache,1000000,get_miss,3.88
diskcache,1000000,get_miss,3.35
diskcache,1000000,get_miss,3.38
diskcache,1000000,get_miss,3.01
diskcache,1000000,get_miss,2.96
diskcache,1000000,get_miss,3.10
diskcache,1000000,get_miss,2.97
diskcache,1000000,get_miss,3.44
diskcache,1000000,get_miss,3.01
diskcache,1000000,get_miss,2.99
diskcache,1000000,get_miss,3.05
diskcache,1000000,get_miss,2.94
diskcache,1000000,get_miss,2.99
diskcache,1000000,get_miss,2.96
diskcache,1000000,get_miss,2.99
diskcache,1000000,get_miss,3.01
diskcache,1000000,get_miss,2.96
diskcache,1000000,get_miss,3.36
diskcache,1000000,get_miss,2.96
diskcache,1000000,get_miss,2.99
diskcache,1000000,get_miss,3.03
diskcache,1000000,get_miss,2.93
diskcache,1000000,get_miss,2.98
